4.23354e-09 -9.9027e-08
8.89043e-08 -2.07957e-06
1.73575e-07 -4.06011e-06
2.58246e-07 -6.04065e-06
3.42917e-07 -8.02119e-06
4.27588e-07 -1.00017e-05
5.12258e-07 -1.19823e-05
5.96929e-07 -1.39628e-05
6.816e-07 -1.59433e-05
7.66271e-07 -1.79239e-05
8.50942e-07 -1.99044e-05
9.35612e-07 -2.1885e-05
1.02028e-06 -2.38655e-05
1.10495e-06 -2.5846e-05
1.18962e-06 -2.78266e-05
1.2743e-06 -2.98071e-05
1.35897e-06 -3.17877e-05
1.44364e-06 -3.37682e-05
1.52831e-06 -3.57487e-05
1.61298e-06 -3.77293e-05
1.69765e-06 -3.97098e-05
1.78232e-06 -4.16904e-05
1.86699e-06 -4.36709e-05
1.95166e-06 -4.56514e-05
2.03633e-06 -4.7632e-05
2.121e-06 -4.96125e-05
2.20567e-06 -5.15931e-05
2.29035e-06 -5.35736e-05
2.37502e-06 -5.55541e-05
2.45969e-06 -5.75347e-05
2.54436e-06 -5.95152e-05
2.62903e-06 -6.14958e-05
2.7137e-06 -6.34763e-05
2.79837e-06 -6.54568e-05
2.88304e-06 -6.74374e-05
2.96771e-06 -6.94179e-05
3.05238e-06 -7.13985e-05
3.13705e-06 -7.3379e-05
3.22172e-06 -7.53595e-05
3.30639e-06 -7.73401e-05
3.39107e-06 -7.93206e-05
3.47574e-06 -8.13012e-05
3.56041e-06 -8.32817e-05
3.64508e-06 -8.52622e-05
3.72975e-06 -8.72428e-05
3.81442e-06 -8.92233e-05
3.89909e-06 -9.12039e-05
3.98376e-06 -9.31844e-05
4.06843e-06 -9.51649e-05
4.1531e-06 -9.71455e-05
4.23777e-06 -9.9126e-05
4.32244e-06 -0.000101107
4.40712e-06 -0.000103087
4.49179e-06 -0.000105068
4.57646e-06 -0.000107048
4.66113e-06 -0.000109029
4.7458e-06 -0.000111009
4.83047e-06 -0.00011299
4.91514e-06 -0.00011497
4.99981e-06 -0.000116951
5.08448e-06 -0.000118931
5.16915e-06 -0.000120912
5.25382e-06 -0.000122892
5.33849e-06 -0.000124873
5.42316e-06 -0.000126854
5.50783e-06 -0.000128834
5.59251e-06 -0.000130815
5.67718e-06 -0.000132795
5.76185e-06 -0.000134776
5.84652e-06 -0.000136756
5.93119e-06 -0.000138737
6.01586e-06 -0.000140717
6.10053e-06 -0.000142698
6.1852e-06 -0.000144678
6.26987e-06 -0.000146659
6.35454e-06 -0.000148639
6.43921e-06 -0.00015062
6.52388e-06 -0.000152601
6.60856e-06 -0.000154581
6.69323e-06 -0.000156562
6.7779e-06 -0.000158542
6.86257e-06 -0.000160523
6.94724e-06 -0.000162503
7.03191e-06 -0.000164484
7.11658e-06 -0.000166464
7.20125e-06 -0.000168445
7.28592e-06 -0.000170425
7.37059e-06 -0.000172406
7.45526e-06 -0.000174387
7.53993e-06 -0.000176367
7.6246e-06 -0.000178348
7.70928e-06 -0.000180328
7.79395e-06 -0.000182309
7.87862e-06 -0.000184289
7.96329e-06 -0.00018627
8.04796e-06 -0.00018825
8.13263e-06 -0.000190231
8.2173e-06 -0.000192211
8.30197e-06 -0.000194192
8.38664e-06 -0.000196172
8.47131e-06 -0.000198153
8.55598e-06 -0.000200134
8.64065e-06 -0.000202114
8.72533e-06 -0.000204095
8.81e-06 -0.000206075
8.89467e-06 -0.000208056
8.97934e-06 -0.000210036
9.06401e-06 -0.000212017
9.14868e-06 -0.000213997
9.23335e-06 -0.000215978
9.31802e-06 -0.000217958
9.40269e-06 -0.000219939
9.48736e-06 -0.000221919
9.57203e-06 -0.0002239
9.6567e-06 -0.000225881
9.74137e-06 -0.000227861
9.82605e-06 -0.000229842
9.91072e-06 -0.000231822
9.99539e-06 -0.000233803
1.00801e-05 -0.000235783
1.01647e-05 -0.000237764
1.02494e-05 -0.000239744
1.03341e-05 -0.000241725
1.04187e-05 -0.000243705
1.05034e-05 -0.000245686
1.05881e-05 -0.000247666
1.06728e-05 -0.000249647
1.07574e-05 -0.000251628
1.08421e-05 -0.000253608
1.09268e-05 -0.000255589
1.10114e-05 -0.000257569
1.10961e-05 -0.00025955
1.11808e-05 -0.00026153
1.12654e-05 -0.000263511
1.13501e-05 -0.000265491
1.14348e-05 -0.000267472
1.15195e-05 -0.000269452
1.16041e-05 -0.000271433
1.16888e-05 -0.000273414
1.17735e-05 -0.000275394
1.18581e-05 -0.000277375
1.19428e-05 -0.000279355
1.20275e-05 -0.000281336
1.21122e-05 -0.000283316
1.21968e-05 -0.000285297
1.22815e-05 -0.000287277
1.23662e-05 -0.000289258
1.24508e-05 -0.000291238
1.25355e-05 -0.000293219
1.26202e-05 -0.000295199
1.27049e-05 -0.00029718
1.27895e-05 -0.000299161
1.28742e-05 -0.000301141
1.29589e-05 -0.000303122
1.30435e-05 -0.000305102
1.31282e-05 -0.000307083
1.32129e-05 -0.000309063
1.32975e-05 -0.000311044
1.33822e-05 -0.000313024
1.34669e-05 -0.000315005
1.35516e-05 -0.000316985
1.36362e-05 -0.000318966
1.37209e-05 -0.000320946
1.38056e-05 -0.000322927
1.38902e-05 -0.000324908
1.39749e-05 -0.000326888
1.40596e-05 -0.000328869
1.41443e-05 -0.000330849
1.42289e-05 -0.00033283
1.43136e-05 -0.00033481
1.43983e-05 -0.000336791
1.44829e-05 -0.000338771
1.45676e-05 -0.000340752
1.46523e-05 -0.000342732
1.4737e-05 -0.000344713
1.48216e-05 -0.000346693
1.49063e-05 -0.000348674
1.4991e-05 -0.000350655
1.50756e-05 -0.000352635
1.51603e-05 -0.000354616
1.5245e-05 -0.000356596
1.53296e-05 -0.000358577
1.54143e-05 -0.000360557
1.5499e-05 -0.000362538
1.55837e-05 -0.000364518
1.56683e-05 -0.000366499
1.5753e-05 -0.000368479
1.58377e-05 -0.00037046
1.59223e-05 -0.00037244
1.6007e-05 -0.000374421
1.60917e-05 -0.000376402
1.61764e-05 -0.000378382
1.6261e-05 -0.000380363
1.63457e-05 -0.000382343
1.64304e-05 -0.000384324
1.6515e-05 -0.000386304
1.65997e-05 -0.000388285
1.66844e-05 -0.000390265
1.67691e-05 -0.000392246
1.68537e-05 -0.000394226
1.69384e-05 -0.000396207
1.70231e-05 -0.000398187
1.71077e-05 -0.000400168
1.71924e-05 -0.000402148
1.72771e-05 -0.000404129
1.73617e-05 -0.000406109
1.74464e-05 -0.00040809
1.75311e-05 -0.000410071
1.76158e-05 -0.000412051
1.77004e-05 -0.000414032
1.77851e-05 -0.000416012
1.78698e-05 -0.000417993
1.79544e-05 -0.000419973
1.80391e-05 -0.000421954
1.81238e-05 -0.000423935
1.82085e-05 -0.000425915
1.82931e-05 -0.000427896
1.83778e-05 -0.000429876
1.84625e-05 -0.000431857
1.85471e-05 -0.000433838
1.86318e-05 -0.000435818
1.87165e-05 -0.000437798
1.88011e-05 -0.000439779
1.88858e-05 -0.000441759
1.89705e-05 -0.00044374
1.90552e-05 -0.00044572
1.91398e-05 -0.000447701
1.92245e-05 -0.000449681
1.93092e-05 -0.000451662
1.93938e-05 -0.000453642
1.94785e-05 -0.000455623
1.95632e-05 -0.000457603
1.96479e-05 -0.000459584
1.97325e-05 -0.000461565
1.98172e-05 -0.000463545
1.99019e-05 -0.000465526
1.99865e-05 -0.000467507
2.00712e-05 -0.000469488
2.01559e-05 -0.000471468
2.02406e-05 -0.000473449
2.03252e-05 -0.00047543
2.04099e-05 -0.00047741
2.04946e-05 -0.00047939
2.05792e-05 -0.000481371
2.06639e-05 -0.000483351
2.07486e-05 -0.000485331
2.08332e-05 -0.000487312
2.09179e-05 -0.000489292
2.10026e-05 -0.000491272
2.10873e-05 -0.000493252
2.11719e-05 -0.000495233
2.12566e-05 -0.000497213
2.13413e-05 -0.000499194
2.14259e-05 -0.000501175
2.15106e-05 -0.000503156
2.15953e-05 -0.000505136
2.168e-05 -0.000507117
2.17646e-05 -0.000509098
2.18493e-05 -0.000511079
2.1934e-05 -0.00051306
2.20186e-05 -0.000515041
2.21033e-05 -0.000517022
2.2188e-05 -0.000519003
2.22727e-05 -0.000520983
2.23573e-05 -0.000522963
2.2442e-05 -0.000524943
2.25267e-05 -0.000526924
2.26113e-05 -0.000528903
2.2696e-05 -0.000530883
2.27807e-05 -0.000532863
2.28653e-05 -0.000534843
2.295e-05 -0.000536824
2.30347e-05 -0.000538804
2.31194e-05 -0.000540784
2.3204e-05 -0.000542765
2.32887e-05 -0.000544746
2.33734e-05 -0.000546728
2.3458e-05 -0.000548709
2.35427e-05 -0.000550691
2.36274e-05 -0.000552673
2.37121e-05 -0.000554654
2.37967e-05 -0.000556636
2.38814e-05 -0.000558617
2.39661e-05 -0.000560598
2.40507e-05 -0.000562579
2.41354e-05 -0.00056456
2.42201e-05 -0.00056654
2.43048e-05 -0.000568521
2.43894e-05 -0.000570501
2.44741e-05 -0.000572481
2.45588e-05 -0.000574462
2.46434e-05 -0.000576443
2.47281e-05 -0.000578424
2.48128e-05 -0.000580406
2.48974e-05 -0.000582389
2.49821e-05 -0.000584372
2.50668e-05 -0.000586356
2.51515e-05 -0.000588341
2.52361e-05 -0.000590326
2.53208e-05 -0.000592311
2.54055e-05 -0.000594296
2.54901e-05 -0.000596282
2.55748e-05 -0.000598267
2.56595e-05 -0.000600252
2.57442e-05 -0.000602237
2.58288e-05 -0.000604222
2.59135e-05 -0.000606207
2.59982e-05 -0.000608191
2.60828e-05 -0.000610176
2.61675e-05 -0.000612161
2.62522e-05 -0.000614147
2.63368e-05 -0.000616133
2.64215e-05 -0.000618121
2.65062e-05 -0.000620109
2.65909e-05 -0.000622099
2.66755e-05 -0.00062409
2.67602e-05 -0.000626082
2.68449e-05 -0.000628075
2.69295e-05 -0.000630069
2.70142e-05 -0.000632063
2.70989e-05 -0.000634057
2.71836e-05 -0.000636052
2.72682e-05 -0.000638045
2.73529e-05 -0.000640039
2.74376e-05 -0.000642032
2.75222e-05 -0.000644024
2.76069e-05 -0.000646015
2.76916e-05 -0.000648006
2.77763e-05 -0.000649996
2.78609e-05 -0.000651986
2.79456e-05 -0.000653976
2.80303e-05 -0.000655966
2.81149e-05 -0.000657956
2.81996e-05 -0.000659946
2.82843e-05 -0.000661935
2.83689e-05 -0.000663925
2.84536e-05 -0.000665913
2.85383e-05 -0.000667901
2.8623e-05 -0.000669888
2.87076e-05 -0.000671872
2.87923e-05 -0.000673855
2.8877e-05 -0.000675835
2.89616e-05 -0.000677811
2.90463e-05 -0.000679784
2.9131e-05 -0.000681754
2.92157e-05 -0.000683718
2.93003e-05 -0.000685679
2.9385e-05 -0.000687634
2.94697e-05 -0.000689584
2.95543e-05 -0.000691529
2.9639e-05 -0.000693468
2.97237e-05 -0.000695401
2.98084e-05 -0.000697329
2.9893e-05 -0.00069925
2.99777e-05 -0.000701165
3.00624e-05 -0.000703073
3.0147e-05 -0.000704975
3.02317e-05 -0.000706869
3.03164e-05 -0.000708756
3.0401e-05 -0.000710635
3.04857e-05 -0.000712505
3.05704e-05 -0.000714367
3.06551e-05 -0.000716219
3.07397e-05 -0.000718061
3.08244e-05 -0.000719892
3.09091e-05 -0.000721712
3.09937e-05 -0.000723521
3.10784e-05 -0.000725317
3.11631e-05 -0.000727101
3.12478e-05 -0.000728873
3.13324e-05 -0.000730632
3.14171e-05 -0.000732379
3.15018e-05 -0.000734115
3.15864e-05 -0.000735838
3.16711e-05 -0.000737551
3.17558e-05 -0.000739253
3.18405e-05 -0.000740945
3.19251e-05 -0.000742628
3.20098e-05 -0.000744302
3.20945e-05 -0.000745968
3.21791e-05 -0.000747626
3.22638e-05 -0.000749276
3.23485e-05 -0.00075092
3.24331e-05 -0.000752557
3.25178e-05 -0.000754188
3.26025e-05 -0.000755813
3.26872e-05 -0.000757433
3.27718e-05 -0.000759049
3.28565e-05 -0.000760662
3.29412e-05 -0.000762272
3.30258e-05 -0.000763881
3.31105e-05 -0.000765491
3.31952e-05 -0.000767104
3.32799e-05 -0.000768721
3.33645e-05 -0.000770345
3.34492e-05 -0.000771978
3.35339e-05 -0.000773623
3.36185e-05 -0.000775282
3.37032e-05 -0.000776957
3.37879e-05 -0.000778651
3.38726e-05 -0.000780366
3.39572e-05 -0.000782103
3.40419e-05 -0.000783864
3.41266e-05 -0.000785652
3.42112e-05 -0.000787468
3.42959e-05 -0.000789312
3.43806e-05 -0.000791188
3.44652e-05 -0.000793097
3.45499e-05 -0.000795041
3.46346e-05 -0.000797022
3.47193e-05 -0.000799043
3.48039e-05 -0.000801107
3.48886e-05 -0.000803215
3.49733e-05 -0.00080537
3.50579e-05 -0.000807576
3.51426e-05 -0.000809833
3.52273e-05 -0.000812143
3.5312e-05 -0.000814509
3.53966e-05 -0.000816932
3.54813e-05 -0.000819411
3.5566e-05 -0.000821948
3.56506e-05 -0.000824543
3.57353e-05 -0.000827197
3.582e-05 -0.00082991
3.59046e-05 -0.000832681
3.59893e-05 -0.000835511
3.6074e-05 -0.000838401
3.61587e-05 -0.00084135
3.62433e-05 -0.000844359
3.6328e-05 -0.000847427
3.64127e-05 -0.000850554
3.64973e-05 -0.00085374
3.6582e-05 -0.000856982
3.66667e-05 -0.000860281
3.67514e-05 -0.000863633
3.6836e-05 -0.000867036
3.69207e-05 -0.000870488
3.70054e-05 -0.000873984
3.709e-05 -0.000877522
3.71747e-05 -0.000881097
3.72594e-05 -0.000884706
3.73441e-05 -0.000888345
3.74287e-05 -0.000892009
3.75134e-05 -0.000895695
3.75981e-05 -0.000899399
3.76827e-05 -0.000903117
3.77674e-05 -0.000906844
3.78521e-05 -0.000910576
3.79367e-05 -0.00091431
3.80214e-05 -0.00091804
3.81061e-05 -0.000921762
3.81908e-05 -0.000925473
3.82754e-05 -0.000929166
3.83601e-05 -0.000932838
3.84448e-05 -0.000936484
3.85294e-05 -0.000940099
3.86141e-05 -0.000943679
3.86988e-05 -0.000947219
3.87835e-05 -0.000950715
3.88681e-05 -0.000954161
3.89528e-05 -0.000957555
3.90375e-05 -0.00096089
3.91221e-05 -0.000964163
3.92068e-05 -0.00096737
3.92915e-05 -0.000970506
3.93762e-05 -0.000973568
3.94608e-05 -0.000976552
3.95455e-05 -0.000979456
3.96302e-05 -0.000982276
3.97148e-05 -0.000985012
3.97995e-05 -0.000987661
3.98842e-05 -0.000990223
3.99688e-05 -0.000992698
4.00535e-05 -0.000995087
4.01382e-05 -0.000997389
4.02229e-05 -0.000999607
4.03075e-05 -0.00100174
4.03922e-05 -0.00100379
4.04769e-05 -0.00100577
4.05615e-05 -0.00100766
4.06462e-05 -0.00100948
4.07309e-05 -0.00101123
4.08156e-05 -0.0010129
4.09002e-05 -0.0010145
4.09849e-05 -0.00101603
4.10696e-05 -0.0010175
4.11542e-05 -0.0010189
4.12389e-05 -0.00102025
4.13236e-05 -0.00102153
4.14083e-05 -0.00102277
4.14929e-05 -0.00102395
4.15776e-05 -0.0010251
4.16623e-05 -0.0010262
4.17469e-05 -0.00102727
4.18316e-05 -0.00102831
4.19163e-05 -0.00102932
4.20009e-05 -0.00103032
4.20856e-05 -0.00103131
4.21703e-05 -0.00103228
4.2255e-05 -0.00103326
4.23396e-05 -0.00103423
4.24243e-05 -0.00103521
4.2509e-05 -0.00103619
4.25936e-05 -0.00103718
4.26783e-05 -0.00103819
4.2763e-05 -0.0010392
4.28477e-05 -0.00104023
4.29323e-05 -0.00104128
4.3017e-05 -0.00104235
4.31017e-05 -0.00104343
4.31863e-05 -0.00104453
4.3271e-05 -0.00104565
4.33557e-05 -0.00104679
4.34404e-05 -0.00104796
4.3525e-05 -0.00104914
4.36097e-05 -0.00105035
4.36944e-05 -0.00105158
4.3779e-05 -0.00105283
4.38637e-05 -0.00105409
4.39484e-05 -0.00105538
4.4033e-05 -0.00105668
4.41177e-05 -0.00105799
4.42024e-05 -0.00105931
4.42871e-05 -0.00106063
4.43717e-05 -0.00106196
4.44564e-05 -0.00106329
4.45411e-05 -0.00106462
4.46257e-05 -0.00106594
4.47104e-05 -0.00106725
4.47951e-05 -0.00106856
4.48798e-05 -0.00106985
4.49644e-05 -0.00107113
4.50491e-05 -0.0010724
4.51338e-05 -0.00107365
4.52184e-05 -0.00107488
4.53031e-05 -0.00107608
4.53878e-05 -0.00107726
4.54725e-05 -0.00107842
4.55571e-05 -0.00107954
4.56418e-05 -0.00108062
4.57265e-05 -0.00108167
4.58111e-05 -0.00108268
4.58958e-05 -0.00108364
4.59805e-05 -0.00108456
4.60651e-05 -0.00108543
4.61498e-05 -0.00108626
4.62345e-05 -0.00108704
4.63192e-05 -0.00108778
4.64038e-05 -0.00108848
4.64885e-05 -0.00108914
4.65732e-05 -0.00108976
4.66578e-05 -0.00109036
4.67425e-05 -0.00109093
4.68272e-05 -0.00109147
4.69119e-05 -0.001092
4.69965e-05 -0.0010925
4.70812e-05 -0.00109298
4.71659e-05 -0.00109344
4.72505e-05 -0.00109388
4.73352e-05 -0.0010943
4.74199e-05 -0.0010947
4.75045e-05 -0.00109508
4.75892e-05 -0.00109544
4.76739e-05 -0.00109578
4.77586e-05 -0.00109611
4.78432e-05 -0.00109642
4.79279e-05 -0.00109673
4.80126e-05 -0.00109702
4.80972e-05 -0.00109731
4.81819e-05 -0.0010976
4.82666e-05 -0.0010979
4.83513e-05 -0.0010982
4.84359e-05 -0.00109852
4.85206e-05 -0.00109886
4.86053e-05 -0.00109921
4.86899e-05 -0.00109959
4.87746e-05 -0.00109999
4.88593e-05 -0.00110042
4.8944e-05 -0.00110086
4.90286e-05 -0.00110133
4.91133e-05 -0.00110182
4.9198e-05 -0.00110233
4.92826e-05 -0.00110285
4.93673e-05 -0.00110339
4.9452e-05 -0.00110394
4.95366e-05 -0.0011045
4.96213e-05 -0.00110509
4.9706e-05 -0.00110568
4.97907e-05 -0.00110629
4.98753e-05 -0.00110692
4.996e-05 -0.00110756
5.00447e-05 -0.00110822
5.01293e-05 -0.0011089
5.0214e-05 -0.00110958
5.02987e-05 -0.00111028
5.03834e-05 -0.00111099
5.0468e-05 -0.00111171
5.05527e-05 -0.00111243
5.06374e-05 -0.00111316
5.0722e-05 -0.00111389
5.08067e-05 -0.00111462
5.08914e-05 -0.00111535
5.09761e-05 -0.00111608
5.10607e-05 -0.00111681
5.11454e-05 -0.00111755
5.12301e-05 -0.00111828
5.13147e-05 -0.00111902
5.13994e-05 -0.00111977
5.14841e-05 -0.00112051
5.15687e-05 -0.00112126
5.16534e-05 -0.00112201
5.17381e-05 -0.00112277
5.18228e-05 -0.00112352
5.19074e-05 -0.00112427
5.19921e-05 -0.00112502
5.20768e-05 -0.00112576
5.21614e-05 -0.0011265
5.22461e-05 -0.00112722
5.23308e-05 -0.00112793
5.24155e-05 -0.00112863
5.25001e-05 -0.00112933
5.25848e-05 -0.00113002
5.26695e-05 -0.00113071
5.27541e-05 -0.00113141
5.28388e-05 -0.00113211
5.29235e-05 -0.00113284
5.30082e-05 -0.00113358
5.30928e-05 -0.00113435
5.31775e-05 -0.00113515
5.32622e-05 -0.00113599
5.33468e-05 -0.00113686
5.34315e-05 -0.00113776
5.35162e-05 -0.00113871
5.36008e-05 -0.00113968
5.36855e-05 -0.00114069
5.37702e-05 -0.00114173
5.38549e-05 -0.0011428
5.39395e-05 -0.0011439
5.40242e-05 -0.00114501
5.41089e-05 -0.00114615
5.41935e-05 -0.00114731
5.42782e-05 -0.0011485
5.43629e-05 -0.0011497
5.44476e-05 -0.00115093
5.45322e-05 -0.00115218
5.46169e-05 -0.00115346
5.47016e-05 -0.00115476
5.47862e-05 -0.00115609
5.48709e-05 -0.00115745
5.49556e-05 -0.00115884
5.50403e-05 -0.00116025
5.51249e-05 -0.00116168
5.52096e-05 -0.00116313
5.52943e-05 -0.00116459
5.53789e-05 -0.00116606
5.54636e-05 -0.00116753
5.55483e-05 -0.001169
5.56329e-05 -0.00117047
5.57176e-05 -0.00117193
5.58023e-05 -0.00117339
5.5887e-05 -0.00117484
5.59716e-05 -0.00117628
5.60563e-05 -0.00117772
5.6141e-05 -0.00117915
5.62256e-05 -0.00118058
5.63103e-05 -0.001182
5.6395e-05 -0.00118343
5.64797e-05 -0.00118485
5.65643e-05 -0.00118627
5.6649e-05 -0.00118769
5.67337e-05 -0.0011891
5.68183e-05 -0.00119052
5.6903e-05 -0.00119192
5.69877e-05 -0.00119333
5.70723e-05 -0.00119472
5.7157e-05 -0.00119612
5.72417e-05 -0.0011975
5.73264e-05 -0.00119889
5.7411e-05 -0.00120027
5.74957e-05 -0.00120166
5.75804e-05 -0.00120305
5.7665e-05 -0.00120446
5.77497e-05 -0.00120588
5.78344e-05 -0.00120733
5.79191e-05 -0.00120881
5.80037e-05 -0.00121031
5.80884e-05 -0.00121186
5.81731e-05 -0.00121344
5.82577e-05 -0.00121507
5.83424e-05 -0.00121674
5.84271e-05 -0.00121844
5.85118e-05 -0.00122019
5.85964e-05 -0.00122198
5.86811e-05 -0.00122379
5.87658e-05 -0.00122564
5.88504e-05 -0.00122752
5.89351e-05 -0.00122941
5.90198e-05 -0.00123133
5.91044e-05 -0.00123326
5.91891e-05 -0.0012352
5.92738e-05 -0.00123714
5.93585e-05 -0.00123909
5.94431e-05 -0.00124104
5.95278e-05 -0.00124299
5.96125e-05 -0.00124494
5.96971e-05 -0.00124688
5.97818e-05 -0.00124883
5.98665e-05 -0.00125077
5.99512e-05 -0.00125271
6.00358e-05 -0.00125465
6.01205e-05 -0.0012566
6.02052e-05 -0.00125854
6.02898e-05 -0.00126049
6.03745e-05 -0.00126244
6.04592e-05 -0.00126439
6.05439e-05 -0.00126635
6.06285e-05 -0.0012683
6.07132e-05 -0.00127026
6.07979e-05 -0.00127223
6.08825e-05 -0.00127419
6.09672e-05 -0.00127616
6.10519e-05 -0.00127813
6.11365e-05 -0.00128011
6.12212e-05 -0.00128209
6.13059e-05 -0.00128407
6.13906e-05 -0.00128607
6.14752e-05 -0.00128807
6.15599e-05 -0.00129008
6.16446e-05 -0.00129211
6.17292e-05 -0.00129416
6.18139e-05 -0.00129623
6.18986e-05 -0.00129832
6.19833e-05 -0.00130044
6.20679e-05 -0.00130259
6.21526e-05 -0.00130478
6.22373e-05 -0.00130699
6.23219e-05 -0.00130924
6.24066e-05 -0.00131151
6.24913e-05 -0.00131381
6.2576e-05 -0.00131614
6.26606e-05 -0.00131848
6.27453e-05 -0.00132084
6.283e-05 -0.00132321
6.29146e-05 -0.00132558
6.29993e-05 -0.00132796
6.3084e-05 -0.00133034
6.31686e-05 -0.00133272
6.32533e-05 -0.00133509
6.3338e-05 -0.00133746
6.34227e-05 -0.00133982
6.35073e-05 -0.00134218
6.3592e-05 -0.00134452
6.36767e-05 -0.00134686
6.37613e-05 -0.00134919
6.3846e-05 -0.0013515
6.39307e-05 -0.00135381
6.40154e-05 -0.00135611
6.41e-05 -0.00135839
6.41847e-05 -0.00136065
6.42694e-05 -0.0013629
6.4354e-05 -0.00136513
6.44387e-05 -0.00136735
6.45234e-05 -0.00136954
6.46081e-05 -0.00137172
6.46927e-05 -0.00137388
6.47774e-05 -0.00137603
6.48621e-05 -0.00137817
6.49467e-05 -0.00138031
6.50314e-05 -0.00138245
6.51161e-05 -0.00138459
6.52007e-05 -0.00138676
6.52854e-05 -0.00138894
6.53701e-05 -0.00139116
6.54548e-05 -0.00139341
6.55394e-05 -0.0013957
6.56241e-05 -0.00139805
6.57088e-05 -0.00140044
6.57934e-05 -0.00140289
6.58781e-05 -0.00140539
6.59628e-05 -0.00140795
6.60475e-05 -0.00141058
6.61321e-05 -0.00141325
6.62168e-05 -0.00141598
6.63015e-05 -0.00141875
6.63861e-05 -0.00142157
6.64708e-05 -0.00142441
6.65555e-05 -0.00142728
6.66402e-05 -0.00143017
6.67248e-05 -0.00143307
6.68095e-05 -0.00143598
6.68942e-05 -0.00143888
6.69788e-05 -0.00144178
6.70635e-05 -0.00144467
6.71482e-05 -0.00144756
6.72328e-05 -0.00145044
6.73175e-05 -0.00145332
6.74022e-05 -0.00145619
6.74869e-05 -0.00145905
6.75715e-05 -0.00146191
6.76562e-05 -0.00146477
6.77409e-05 -0.00146763
6.78255e-05 -0.00147048
6.79102e-05 -0.00147332
6.79949e-05 -0.00147616
6.80796e-05 -0.00147898
6.81642e-05 -0.00148178
6.82489e-05 -0.00148456
6.83336e-05 -0.00148732
6.84182e-05 -0.00149005
6.85029e-05 -0.00149276
6.85876e-05 -0.00149544
6.86722e-05 -0.00149809
6.87569e-05 -0.00150072
6.88416e-05 -0.00150333
6.89263e-05 -0.00150593
6.90109e-05 -0.00150853
6.90956e-05 -0.00151114
6.91803e-05 -0.00151377
6.92649e-05 -0.00151643
6.93496e-05 -0.00151912
6.94343e-05 -0.00152185
6.9519e-05 -0.00152464
6.96036e-05 -0.00152747
6.96883e-05 -0.00153036
6.9773e-05 -0.00153329
6.98576e-05 -0.00153628
6.99423e-05 -0.00153931
7.0027e-05 -0.00154238
7.01117e-05 -0.00154549
7.01963e-05 -0.00154862
7.0281e-05 -0.00155178
7.03657e-05 -0.00155497
7.04503e-05 -0.00155817
7.0535e-05 -0.00156139
7.06197e-05 -0.00156464
7.07043e-05 -0.00156792
7.0789e-05 -0.00157122
7.08737e-05 -0.00157455
7.09584e-05 -0.00157792
7.1043e-05 -0.00158133
7.11277e-05 -0.00158478
7.12124e-05 -0.00158825
7.1297e-05 -0.00159176
7.13817e-05 -0.00159529
7.14664e-05 -0.00159883
7.15511e-05 -0.00160236
7.16357e-05 -0.00160589
7.17204e-05 -0.00160938
7.18051e-05 -0.00161283
7.18897e-05 -0.00161623
7.19744e-05 -0.00161957
7.20591e-05 -0.00162284
7.21438e-05 -0.00162605
7.22284e-05 -0.00162918
7.23131e-05 -0.00163225
7.23978e-05 -0.00163526
7.24824e-05 -0.00163822
7.25671e-05 -0.00164115
7.26518e-05 -0.00164406
7.27364e-05 -0.00164696
7.28211e-05 -0.00164987
7.29058e-05 -0.00165278
7.29905e-05 -0.00165572
7.30751e-05 -0.00165869
7.31598e-05 -0.00166168
7.32445e-05 -0.00166471
7.33291e-05 -0.00166777
7.34138e-05 -0.00167086
7.34985e-05 -0.00167397
7.35832e-05 -0.0016771
7.36678e-05 -0.00168025
7.37525e-05 -0.0016834
7.38372e-05 -0.00168656
7.39218e-05 -0.00168972
7.40065e-05 -0.00169289
7.40912e-05 -0.00169606
7.41759e-05 -0.00169925
7.42605e-05 -0.00170244
7.43452e-05 -0.00170566
7.44299e-05 -0.00170891
7.45145e-05 -0.00171218
7.45992e-05 -0.0017155
7.46839e-05 -0.00171886
7.47685e-05 -0.00172227
7.48532e-05 -0.00172573
7.49379e-05 -0.00172925
7.50226e-05 -0.00173281
7.51072e-05 -0.00173642
7.51919e-05 -0.00174007
7.52766e-05 -0.00174376
7.53612e-05 -0.00174748
7.54459e-05 -0.00175122
7.55306e-05 -0.00175497
7.56153e-05 -0.00175873
7.56999e-05 -0.0017625
7.57846e-05 -0.00176626
7.58693e-05 -0.00177001
7.59539e-05 -0.00177375
7.60386e-05 -0.00177748
7.61233e-05 -0.00178119
7.6208e-05 -0.00178488
7.62926e-05 -0.00178856
7.63773e-05 -0.00179221
7.6462e-05 -0.00179585
7.65466e-05 -0.00179945
7.66313e-05 -0.00180304
7.6716e-05 -0.00180659
7.68006e-05 -0.00181012
7.68853e-05 -0.00181361
7.697e-05 -0.00181706
7.70547e-05 -0.00182048
7.71393e-05 -0.00182385
7.7224e-05 -0.00182719
7.73087e-05 -0.00183048
7.73933e-05 -0.00183374
7.7478e-05 -0.00183697
7.75627e-05 -0.00184017
7.76474e-05 -0.00184334
7.7732e-05 -0.00184651
7.78167e-05 -0.00184967
7.79014e-05 -0.00185284
7.7986e-05 -0.00185602
7.80707e-05 -0.00185922
7.81554e-05 -0.00186245
7.824e-05 -0.00186571
7.83247e-05 -0.00186902
7.84094e-05 -0.00187236
7.84941e-05 -0.00187574
7.85787e-05 -0.00187916
7.86634e-05 -0.00188262
7.87481e-05 -0.00188611
7.88327e-05 -0.00188962
7.89174e-05 -0.00189315
7.90021e-05 -0.00189669
7.90868e-05 -0.00190025
7.91714e-05 -0.00190381
7.92561e-05 -0.00190738
7.93408e-05 -0.00191095
7.94254e-05 -0.00191453
7.95101e-05 -0.00191811
7.95948e-05 -0.0019217
7.96795e-05 -0.00192531
7.97641e-05 -0.00192893
7.98488e-05 -0.00193257
7.99335e-05 -0.00193623
8.00181e-05 -0.00193992
8.01028e-05 -0.00194364
8.01875e-05 -0.00194738
8.02721e-05 -0.00195114
8.03568e-05 -0.00195493
8.04415e-05 -0.00195873
8.05262e-05 -0.00196255
8.06108e-05 -0.00196637
8.06955e-05 -0.00197018
8.07802e-05 -0.00197399
8.08648e-05 -0.00197777
8.09495e-05 -0.00198153
8.10342e-05 -0.00198525
8.11189e-05 -0.00198894
8.12035e-05 -0.00199258
8.12882e-05 -0.00199618
8.13729e-05 -0.00199974
8.14575e-05 -0.00200325
8.15422e-05 -0.00200674
8.16269e-05 -0.00201019
8.17116e-05 -0.00201361
8.17962e-05 -0.00201702
8.18809e-05 -0.00202042
8.19656e-05 -0.00202381
8.20502e-05 -0.0020272
8.21349e-05 -0.0020306
8.22196e-05 -0.002034
8.23042e-05 -0.00203742
8.23889e-05 -0.00204085
8.24736e-05 -0.0020443
8.25583e-05 -0.00204776
8.26429e-05 -0.00205124
8.27276e-05 -0.00205473
8.28123e-05 -0.00205823
8.28969e-05 -0.00206174
8.29816e-05 -0.00206526
8.30663e-05 -0.00206878
8.3151e-05 -0.00207231
8.32356e-05 -0.00207586
8.33203e-05 -0.00207941
8.3405e-05 -0.00208297
8.34896e-05 -0.00208654
8.35743e-05 -0.00209013
8.3659e-05 -0.00209373
8.37437e-05 -0.00209736
8.38283e-05 -0.002101
8.3913e-05 -0.00210465
8.39977e-05 -0.00210833
8.40823e-05 -0.00211201
8.4167e-05 -0.00211571
8.42517e-05 -0.00211942
8.43363e-05 -0.00212312
8.4421e-05 -0.00212683
8.45057e-05 -0.00213053
8.45904e-05 -0.00213422
8.4675e-05 -0.00213789
8.47597e-05 -0.00214155
8.48444e-05 -0.00214518
8.4929e-05 -0.0021488
8.50137e-05 -0.0021524
8.50984e-05 -0.00215599
8.51831e-05 -0.00215957
8.52677e-05 -0.00216315
8.53524e-05 -0.00216673
8.54371e-05 -0.00217032
8.55217e-05 -0.00217393
8.56064e-05 -0.00217756
8.56911e-05 -0.00218121
8.57758e-05 -0.00218488
8.58604e-05 -0.00218858
8.59451e-05 -0.00219229
8.60298e-05 -0.00219602
8.61144e-05 -0.00219975
8.61991e-05 -0.00220348
8.62838e-05 -0.0022072
8.63684e-05 -0.00221091
8.64531e-05 -0.0022146
8.65378e-05 -0.00221826
8.66225e-05 -0.0022219
8.67071e-05 -0.00222552
8.67918e-05 -0.00222911
8.68765e-05 -0.0022327
8.69611e-05 -0.00223628
8.70458e-05 -0.00223986
8.71305e-05 -0.00224345
8.72152e-05 -0.00224706
8.72998e-05 -0.0022507
8.73845e-05 -0.00225436
8.74692e-05 -0.00225804
8.75538e-05 -0.00226176
8.76385e-05 -0.0022655
8.77232e-05 -0.00226926
8.78079e-05 -0.00227304
8.78925e-05 -0.00227682
8.79772e-05 -0.00228059
8.80619e-05 -0.00228436
8.81465e-05 -0.00228812
8.82312e-05 -0.00229186
8.83159e-05 -0.00229558
8.84005e-05 -0.00229927
8.84852e-05 -0.00230294
8.85699e-05 -0.0023066
8.86546e-05 -0.00231024
8.87392e-05 -0.00231387
8.88239e-05 -0.0023175
8.89086e-05 -0.00232114
8.89932e-05 -0.00232478
8.90779e-05 -0.00232845
8.91626e-05 -0.00233213
8.92473e-05 -0.00233585
8.93319e-05 -0.00233959
8.94166e-05 -0.00234335
8.95013e-05 -0.00234715
8.95859e-05 -0.00235096
8.96706e-05 -0.00235479
8.97553e-05 -0.00235863
8.98399e-05 -0.00236246
8.99246e-05 -0.00236629
9.00093e-05 -0.00237011
9.0094e-05 -0.0023739
9.01786e-05 -0.00237768
9.02633e-05 -0.00238142
9.0348e-05 -0.00238514
9.04326e-05 -0.00238884
9.05173e-05 -0.00239251
9.0602e-05 -0.00239617
9.06867e-05 -0.00239981
9.07713e-05 -0.00240344
9.0856e-05 -0.00240706
9.09407e-05 -0.00241068
9.10253e-05 -0.0024143
9.111e-05 -0.00241792
9.11947e-05 -0.00242155
9.12794e-05 -0.00242518
9.1364e-05 -0.00242882
9.14487e-05 -0.00243247
9.15334e-05 -0.00243611
9.1618e-05 -0.00243976
9.17027e-05 -0.0024434
9.17874e-05 -0.00244703
9.1872e-05 -0.00245066
9.19567e-05 -0.00245427
9.20414e-05 -0.00245787
9.21261e-05 -0.00246147
9.22107e-05 -0.00246505
9.22954e-05 -0.00246863
9.23801e-05 -0.00247222
9.24647e-05 -0.00247581
9.25494e-05 -0.00247942
9.26341e-05 -0.00248306
9.27188e-05 -0.00248672
9.28034e-05 -0.00249042
9.28881e-05 -0.00249416
9.29728e-05 -0.00249794
9.30574e-05 -0.00250176
9.31421e-05 -0.00250563
9.32268e-05 -0.00250953
9.33115e-05 -0.00251347
9.33961e-05 -0.00251744
9.34808e-05 -0.00252143
9.35655e-05 -0.00252543
9.36501e-05 -0.00252942
9.37348e-05 -0.00253341
9.38195e-05 -0.00253738
9.39041e-05 -0.00254133
9.39888e-05 -0.00254523
9.40735e-05 -0.0025491
9.41582e-05 -0.00255292
9.42428e-05 -0.0025567
9.43275e-05 -0.00256044
9.44122e-05 -0.00256414
9.44968e-05 -0.00256781
9.45815e-05 -0.00257145
9.46662e-05 -0.00257507
9.47509e-05 -0.00257867
9.48355e-05 -0.00258227
9.49202e-05 -0.00258585
9.50049e-05 -0.00258943
9.50895e-05 -0.002593
9.51742e-05 -0.00259656
9.52589e-05 -0.00260012
9.53436e-05 -0.00260367
9.54282e-05 -0.00260721
9.55129e-05 -0.00261074
9.55976e-05 -0.00261425
9.56822e-05 -0.00261775
9.57669e-05 -0.00262123
9.58516e-05 -0.0026247
9.59362e-05 -0.00262815
9.60209e-05 -0.00263159
9.61056e-05 -0.00263503
9.61903e-05 -0.00263846
9.62749e-05 -0.00264191
9.63596e-05 -0.00264537
9.64443e-05 -0.00264885
9.65289e-05 -0.00265236
9.66136e-05 -0.00265589
9.66983e-05 -0.00265946
9.6783e-05 -0.00266307
9.68676e-05 -0.0026667
9.69523e-05 -0.00267037
9.7037e-05 -0.00267406
9.71216e-05 -0.00267777
9.72063e-05 -0.00268149
9.7291e-05 -0.00268523
9.73757e-05 -0.00268897
9.74603e-05 -0.00269272
9.7545e-05 -0.00269647
9.76297e-05 -0.00270021
9.77143e-05 -0.00270395
9.7799e-05 -0.00270768
9.78837e-05 -0.0027114
9.79683e-05 -0.00271512
9.8053e-05 -0.00271883
9.81377e-05 -0.00272252
9.82224e-05 -0.00272621
9.8307e-05 -0.00272988
9.83917e-05 -0.00273354
9.84764e-05 -0.00273719
9.8561e-05 -0.00274081
9.86457e-05 -0.00274441
9.87304e-05 -0.00274799
9.88151e-05 -0.00275153
9.88997e-05 -0.00275503
9.89844e-05 -0.0027585
9.90691e-05 -0.00276194
9.91537e-05 -0.00276533
9.92384e-05 -0.0027687
9.93231e-05 -0.00277203
9.94078e-05 -0.00277535
9.94924e-05 -0.00277866
9.95771e-05 -0.00278197
9.96618e-05 -0.00278529
9.97464e-05 -0.00278863
9.98311e-05 -0.002792
9.99158e-05 -0.00279541
0.0001 -0.00279887
0.000100085 -0.00280238
0.00010017 -0.00280594
0.000100254 -0.00280955
0.000100339 -0.00281321
0.000100424 -0.00281692
0.000100508 -0.00282067
0.000100593 -0.00282446
0.000100678 -0.00282827
0.000100762 -0.0028321
0.000100847 -0.00283594
0.000100932 -0.00283978
0.000101016 -0.00284362
0.000101101 -0.00284746
0.000101186 -0.00285129
0.000101271 -0.0028551
0.000101355 -0.00285891
0.00010144 -0.00286271
0.000101525 -0.0028665
0.000101609 -0.00287028
0.000101694 -0.00287407
0.000101779 -0.00287785
0.000101863 -0.00288163
0.000101948 -0.0028854
0.000102033 -0.00288917
0.000102117 -0.00289293
0.000102202 -0.00289668
0.000102287 -0.00290042
0.000102371 -0.00290414
0.000102456 -0.00290783
0.000102541 -0.0029115
0.000102625 -0.00291514
0.00010271 -0.00291875
0.000102795 -0.00292234
0.000102879 -0.00292589
0.000102964 -0.00292942
0.000103049 -0.00293292
0.000103133 -0.0029364
0.000103218 -0.00293986
0.000103303 -0.00294332
0.000103387 -0.00294676
0.000103472 -0.0029502
0.000103557 -0.00295363
0.000103641 -0.00295708
0.000103726 -0.00296052
0.000103811 -0.00296397
0.000103895 -0.00296744
0.00010398 -0.0029709
0.000104065 -0.00297438
0.000104149 -0.00297786
0.000104234 -0.00298135
0.000104319 -0.00298484
0.000104403 -0.00298833
0.000104488 -0.00299182
0.000104573 -0.00299532
0.000104657 -0.00299881
0.000104742 -0.00300231
0.000104827 -0.0030058
0.000104911 -0.00300929
0.000104996 -0.00301277
0.000105081 -0.00301625
0.000105165 -0.00301973
0.00010525 -0.00302319
0.000105335 -0.00302664
0.000105419 -0.00303007
0.000105504 -0.00303349
0.000105589 -0.00303689
0.000105673 -0.00304026
0.000105758 -0.00304361
0.000105843 -0.00304694
0.000105927 -0.00305024
0.000106012 -0.00305352
0.000106097 -0.00305678
0.000106181 -0.00306002
0.000106266 -0.00306323
0.000106351 -0.00306642
0.000106435 -0.00306959
0.00010652 -0.00307273
0.000106605 -0.00307585
0.000106689 -0.00307893
0.000106774 -0.00308198
0.000106859 -0.00308498
0.000106943 -0.00308795
0.000107028 -0.00309086
0.000107113 -0.00309373
0.000107197 -0.00309656
0.000107282 -0.00309933
0.000107367 -0.00310206
0.000107451 -0.00310475
0.000107536 -0.00310741
0.000107621 -0.00311003
0.000107705 -0.00311263
0.00010779 -0.00311521
0.000107875 -0.00311777
0.00010796 -0.00312031
0.000108044 -0.00312285
0.000108129 -0.00312537
0.000108214 -0.00312789
0.000108298 -0.00313039
0.000108383 -0.00313289
0.000108468 -0.00313537
0.000108552 -0.00313784
0.000108637 -0.0031403
0.000108722 -0.00314275
0.000108806 -0.00314519
0.000108891 -0.00314763
0.000108976 -0.00315006
0.00010906 -0.0031525
0.000109145 -0.00315496
0.00010923 -0.00315743
0.000109314 -0.00315992
0.000109399 -0.00316245
0.000109484 -0.00316501
0.000109568 -0.00316762
0.000109653 -0.00317027
0.000109738 -0.00317296
0.000109822 -0.00317571
0.000109907 -0.00317851
0.000109992 -0.00318135
0.000110076 -0.00318425
0.000110161 -0.0031872
0.000110246 -0.0031902
0.00011033 -0.00319325
0.000110415 -0.00319635
0.0001105 -0.00319951
0.000110584 -0.00320273
0.000110669 -0.00320602
0.000110754 -0.00320937
0.000110838 -0.00321279
0.000110923 -0.00321628
0.000111008 -0.00321984
0.000111092 -0.00322348
0.000111177 -0.00322719
0.000111262 -0.00323098
0.000111346 -0.00323483
0.000111431 -0.00323875
0.000111516 -0.00324273
0.0001116 -0.00324676
0.000111685 -0.00325083
0.00011177 -0.00325495
0.000111854 -0.0032591
0.000111939 -0.00326328
0.000112024 -0.00326749
0.000112108 -0.00327173
0.000112193 -0.003276
0.000112278 -0.0032803
0.000112362 -0.00328465
0.000112447 -0.00328903
0.000112532 -0.00329346
0.000112616 -0.00329794
0.000112701 -0.00330246
0.000112786 -0.00330703
0.00011287 -0.00331164
0.000112955 -0.00331628
0.00011304 -0.00332095
0.000113124 -0.00332564
0.000113209 -0.00333035
0.000113294 -0.00333505
0.000113378 -0.00333975
0.000113463 -0.00334444
0.000113548 -0.0033491
0.000113632 -0.00335374
0.000113717 -0.00335835
0.000113802 -0.00336293
0.000113886 -0.00336747
0.000113971 -0.00337199
0.000114056 -0.00337648
0.00011414 -0.00338095
0.000114225 -0.00338539
0.00011431 -0.00338981
0.000114394 -0.00339422
0.000114479 -0.0033986
0.000114564 -0.00340296
0.000114648 -0.00340729
0.000114733 -0.00341158
0.000114818 -0.00341583
0.000114903 -0.00342003
0.000114987 -0.00342417
0.000115072 -0.00342824
0.000115157 -0.00343223
0.000115241 -0.00343615
0.000115326 -0.00343998
0.000115411 -0.00344372
0.000115495 -0.00344738
0.00011558 -0.00345096
0.000115665 -0.00345446
0.000115749 -0.00345789
0.000115834 -0.00346125
0.000115919 -0.00346455
0.000116003 -0.0034678
0.000116088 -0.003471
0.000116173 -0.00347416
0.000116257 -0.00347728
0.000116342 -0.00348037
0.000116427 -0.00348343
0.000116511 -0.00348646
0.000116596 -0.00348946
0.000116681 -0.00349242
0.000116765 -0.00349536
0.00011685 -0.00349826
0.000116935 -0.00350113
0.000117019 -0.00350397
0.000117104 -0.00350678
0.000117189 -0.00350955
0.000117273 -0.0035123
0.000117358 -0.00351502
0.000117443 -0.00351772
0.000117527 -0.00352039
0.000117612 -0.00352304
0.000117697 -0.00352568
0.000117781 -0.00352829
0.000117866 -0.0035309
0.000117951 -0.00353348
0.000118035 -0.00353606
0.00011812 -0.00353863
0.000118205 -0.0035412
0.000118289 -0.00354376
0.000118374 -0.00354633
0.000118459 -0.0035489
0.000118543 -0.00355147
0.000118628 -0.00355405
0.000118713 -0.00355663
0.000118797 -0.00355922
0.000118882 -0.00356181
0.000118967 -0.0035644
0.000119051 -0.003567
0.000119136 -0.00356961
0.000119221 -0.00357222
0.000119305 -0.00357483
0.00011939 -0.00357745
0.000119475 -0.00358008
0.000119559 -0.00358271
0.000119644 -0.00358534
0.000119729 -0.00358798
0.000119813 -0.00359061
0.000119898 -0.00359324
0.000119983 -0.00359587
0.000120067 -0.00359849
0.000120152 -0.0036011
0.000120237 -0.0036037
0.000120321 -0.00360629
0.000120406 -0.00360886
0.000120491 -0.00361143
0.000120575 -0.00361398
0.00012066 -0.00361653
0.000120745 -0.00361906
0.000120829 -0.00362158
0.000120914 -0.00362408
0.000120999 -0.00362658
0.000121083 -0.00362906
0.000121168 -0.00363152
0.000121253 -0.00363396
0.000121337 -0.00363638
0.000121422 -0.00363879
0.000121507 -0.00364117
0.000121591 -0.00364352
0.000121676 -0.00364586
0.000121761 -0.00364816
0.000121846 -0.00365044
0.00012193 -0.00365269
0.000122015 -0.00365491
0.0001221 -0.00365711
0.000122184 -0.00365929
0.000122269 -0.00366144
0.000122354 -0.00366358
0.000122438 -0.00366569
0.000122523 -0.00366779
0.000122608 -0.00366987
0.000122692 -0.00367194
0.000122777 -0.003674
0.000122862 -0.00367604
0.000122946 -0.00367807
0.000123031 -0.00368009
0.000123116 -0.0036821
0.0001232 -0.00368409
0.000123285 -0.00368608
0.00012337 -0.00368807
0.000123454 -0.00369004
0.000123539 -0.003692
0.000123624 -0.00369396
0.000123708 -0.0036959
0.000123793 -0.00369784
0.000123878 -0.00369976
0.000123962 -0.00370168
0.000124047 -0.00370359
0.000124132 -0.00370549
0.000124216 -0.00370738
0.000124301 -0.00370927
0.000124386 -0.00371116
0.00012447 -0.00371305
0.000124555 -0.00371493
0.00012464 -0.00371681
0.000124724 -0.00371869
0.000124809 -0.00372056
0.000124894 -0.00372243
0.000124978 -0.0037243
0.000125063 -0.00372617
0.000125148 -0.00372805
0.000125232 -0.00372995
0.000125317 -0.00373186
0.000125402 -0.0037338
0.000125486 -0.00373577
0.000125571 -0.00373779
0.000125656 -0.00373985
0.00012574 -0.00374196
0.000125825 -0.00374412
0.00012591 -0.00374634
0.000125994 -0.0037486
0.000126079 -0.00375092
0.000126164 -0.00375329
0.000126248 -0.00375571
0.000126333 -0.00375817
0.000126418 -0.00376066
0.000126502 -0.00376319
0.000126587 -0.00376575
0.000126672 -0.00376833
0.000126756 -0.00377094
0.000126841 -0.00377357
0.000126926 -0.00377622
0.00012701 -0.00377889
0.000127095 -0.00378159
0.00012718 -0.00378432
0.000127264 -0.00378709
0.000127349 -0.00378989
0.000127434 -0.00379273
0.000127518 -0.0037956
0.000127603 -0.00379851
0.000127688 -0.00380146
0.000127772 -0.00380442
0.000127857 -0.00380739
0.000127942 -0.00381036
0.000128026 -0.00381331
0.000128111 -0.00381624
0.000128196 -0.00381913
0.00012828 -0.00382198
0.000128365 -0.00382476
0.00012845 -0.0038275
0.000128535 -0.00383017
0.000128619 -0.00383278
0.000128704 -0.00383533
0.000128789 -0.00383784
0.000128873 -0.00384031
0.000128958 -0.00384274
0.000129043 -0.00384516
0.000129127 -0.00384756
0.000129212 -0.00384996
0.000129297 -0.00385237
0.000129381 -0.00385479
0.000129466 -0.00385723
0.000129551 -0.00385969
0.000129635 -0.00386218
0.00012972 -0.0038647
0.000129805 -0.00386724
0.000129889 -0.00386981
0.000129974 -0.0038724
0.000130059 -0.00387501
0.000130143 -0.00387765
0.000130228 -0.00388031
0.000130313 -0.00388299
0.000130397 -0.00388571
0.000130482 -0.00388845
0.000130567 -0.00389122
0.000130651 -0.00389403
0.000130736 -0.00389688
0.000130821 -0.00389976
0.000130905 -0.00390268
0.00013099 -0.00390563
0.000131075 -0.00390861
0.000131159 -0.00391162
0.000131244 -0.00391466
0.000131329 -0.00391772
0.000131413 -0.0039208
0.000131498 -0.00392389
0.000131583 -0.003927
0.000131667 -0.00393011
0.000131752 -0.00393323
0.000131837 -0.00393635
0.000131921 -0.00393948
0.000132006 -0.00394261
0.000132091 -0.00394574
0.000132175 -0.00394887
0.00013226 -0.00395201
0.000132345 -0.00395515
0.000132429 -0.00395831
0.000132514 -0.00396148
0.000132599 -0.00396467
0.000132683 -0.00396788
0.000132768 -0.00397112
0.000132853 -0.00397437
0.000132937 -0.00397766
0.000133022 -0.00398096
0.000133107 -0.00398428
0.000133191 -0.00398761
0.000133276 -0.00399095
0.000133361 -0.00399429
0.000133445 -0.00399763
0.00013353 -0.00400096
0.000133615 -0.00400428
0.000133699 -0.00400759
0.000133784 -0.00401089
0.000133869 -0.00401418
0.000133953 -0.00401746
0.000134038 -0.00402073
0.000134123 -0.004024
0.000134207 -0.00402727
0.000134292 -0.00403054
0.000134377 -0.00403382
0.000134461 -0.00403712
0.000134546 -0.00404042
0.000134631 -0.00404375
0.000134715 -0.00404709
0.0001348 -0.00405046
0.000134885 -0.00405384
0.000134969 -0.00405725
0.000135054 -0.00406068
0.000135139 -0.00406412
0.000135223 -0.00406757
0.000135308 -0.00407103
0.000135393 -0.00407449
0.000135478 -0.00407794
0.000135562 -0.00408138
0.000135647 -0.00408481
0.000135732 -0.00408821
0.000135816 -0.0040916
0.000135901 -0.00409497
0.000135986 -0.00409831
0.00013607 -0.00410163
0.000136155 -0.00410494
0.00013624 -0.00410824
0.000136324 -0.00411152
0.000136409 -0.0041148
0.000136494 -0.00411807
0.000136578 -0.00412133
0.000136663 -0.00412459
0.000136748 -0.00412785
0.000136832 -0.00413111
0.000136917 -0.00413437
0.000137002 -0.00413764
0.000137086 -0.0041409
0.000137171 -0.00414417
0.000137256 -0.00414744
0.00013734 -0.00415071
0.000137425 -0.00415399
0.00013751 -0.00415726
0.000137594 -0.00416053
0.000137679 -0.00416379
0.000137764 -0.00416705
0.000137848 -0.0041703
0.000137933 -0.00417354
0.000138018 -0.00417677
0.000138102 -0.00417998
0.000138187 -0.00418319
0.000138272 -0.00418638
0.000138356 -0.00418956
0.000138441 -0.00419271
0.000138526 -0.00419585
0.00013861 -0.00419897
0.000138695 -0.00420206
0.00013878 -0.00420513
0.000138864 -0.00420816
0.000138949 -0.00421116
0.000139034 -0.00421413
0.000139118 -0.00421706
0.000139203 -0.00421995
0.000139288 -0.0042228
0.000139372 -0.00422562
0.000139457 -0.0042284
0.000139542 -0.00423115
0.000139626 -0.00423388
0.000139711 -0.00423657
0.000139796 -0.00423925
0.00013988 -0.00424192
0.000139965 -0.00424457
0.00014005 -0.00424722
0.000140134 -0.00424986
0.000140219 -0.0042525
0.000140304 -0.00425514
0.000140388 -0.00425778
0.000140473 -0.00426041
0.000140558 -0.00426304
0.000140642 -0.00426567
0.000140727 -0.00426829
0.000140812 -0.0042709
0.000140896 -0.00427351
0.000140981 -0.0042761
0.000141066 -0.00427868
0.00014115 -0.00428126
0.000141235 -0.00428382
0.00014132 -0.00428637
0.000141404 -0.00428892
0.000141489 -0.00429146
0.000141574 -0.00429399
0.000141658 -0.00429652
0.000141743 -0.00429904
0.000141828 -0.00430155
0.000141912 -0.00430406
0.000141997 -0.00430657
0.000142082 -0.00430908
0.000142167 -0.00431159
0.000142251 -0.0043141
0.000142336 -0.00431661
0.000142421 -0.00431912
0.000142505 -0.00432163
0.00014259 -0.00432413
0.000142675 -0.00432665
0.000142759 -0.00432916
0.000142844 -0.00433167
0.000142929 -0.00433419
0.000143013 -0.00433672
0.000143098 -0.00433925
0.000143183 -0.00434179
0.000143267 -0.00434434
0.000143352 -0.00434689
0.000143437 -0.00434945
0.000143521 -0.00435201
0.000143606 -0.00435457
0.000143691 -0.00435712
0.000143775 -0.00435966
0.00014386 -0.00436219
0.000143945 -0.0043647
0.000144029 -0.00436719
0.000144114 -0.00436966
0.000144199 -0.0043721
0.000144283 -0.00437452
0.000144368 -0.0043769
0.000144453 -0.00437925
0.000144537 -0.00438157
0.000144622 -0.00438387
0.000144707 -0.00438613
0.000144791 -0.00438836
0.000144876 -0.00439057
0.000144961 -0.00439275
0.000145045 -0.00439491
0.00014513 -0.00439705
0.000145215 -0.00439916
0.000145299 -0.00440126
0.000145384 -0.00440334
0.000145469 -0.0044054
0.000145553 -0.00440744
0.000145638 -0.00440945
0.000145723 -0.00441145
0.000145807 -0.00441342
0.000145892 -0.00441537
0.000145977 -0.0044173
0.000146061 -0.0044192
0.000146146 -0.00442108
0.000146231 -0.00442293
0.000146315 -0.00442477
0.0001464 -0.00442658
0.000146485 -0.00442838
0.000146569 -0.00443016
0.000146654 -0.00443191
0.000146739 -0.00443366
0.000146823 -0.00443538
0.000146908 -0.00443708
0.000146993 -0.00443876
0.000147077 -0.00444042
0.000147162 -0.00444206
0.000147247 -0.00444367
0.000147331 -0.00444526
0.000147416 -0.00444682
0.000147501 -0.00444837
0.000147585 -0.00444989
0.00014767 -0.0044514
0.000147755 -0.00445289
0.000147839 -0.00445437
0.000147924 -0.00445585
0.000148009 -0.00445732
0.000148093 -0.00445879
0.000148178 -0.00446026
0.000148263 -0.00446172
0.000148347 -0.00446317
0.000148432 -0.00446461
0.000148517 -0.00446604
0.000148601 -0.00446745
0.000148686 -0.00446884
0.000148771 -0.00447021
0.000148855 -0.00447155
0.00014894 -0.00447287
0.000149025 -0.00447418
0.00014911 -0.00447546
0.000149194 -0.00447674
0.000149279 -0.00447801
0.000149364 -0.00447929
0.000149448 -0.00448059
0.000149533 -0.0044819
0.000149618 -0.00448325
0.000149702 -0.00448464
0.000149787 -0.00448606
0.000149872 -0.00448753
0.000149956 -0.00448904
0.000150041 -0.0044906
0.000150126 -0.00449218
0.00015021 -0.00449379
0.000150295 -0.00449542
0.00015038 -0.00449704
0.000150464 -0.00449866
0.000150549 -0.00450025
0.000150634 -0.00450181
0.000150718 -0.00450332
0.000150803 -0.00450478
0.000150888 -0.00450617
0.000150972 -0.00450751
0.000151057 -0.00450878
0.000151142 -0.00451
0.000151226 -0.00451115
0.000151311 -0.00451226
0.000151396 -0.00451333
0.00015148 -0.00451436
0.000151565 -0.00451537
0.00015165 -0.00451636
0.000151734 -0.00451735
0.000151819 -0.00451833
0.000151904 -0.00451931
0.000151988 -0.00452029
0.000152073 -0.00452127
0.000152158 -0.00452224
0.000152242 -0.00452321
0.000152327 -0.00452418
0.000152412 -0.00452513
0.000152496 -0.00452607
0.000152581 -0.00452699
0.000152666 -0.00452791
0.00015275 -0.00452882
0.000152835 -0.00452973
0.00015292 -0.00453064
0.000153004 -0.00453155
0.000153089 -0.00453248
0.000153174 -0.00453343
0.000153258 -0.0045344
0.000153343 -0.00453539
0.000153428 -0.00453641
0.000153512 -0.00453745
0.000153597 -0.00453852
0.000153682 -0.0045396
0.000153766 -0.0045407
0.000153851 -0.00454181
0.000153936 -0.00454293
0.00015402 -0.00454405
0.000154105 -0.00454518
0.00015419 -0.00454631
0.000154274 -0.00454745
0.000154359 -0.00454859
0.000154444 -0.00454974
0.000154528 -0.0045509
0.000154613 -0.00455208
0.000154698 -0.00455328
0.000154782 -0.0045545
0.000154867 -0.00455574
0.000154952 -0.00455701
0.000155036 -0.00455829
0.000155121 -0.00455959
0.000155206 -0.00456088
0.00015529 -0.00456217
0.000155375 -0.00456344
0.00015546 -0.00456467
0.000155544 -0.00456585
0.000155629 -0.00456697
0.000155714 -0.00456802
0.000155799 -0.00456899
0.000155883 -0.00456987
0.000155968 -0.00457067
0.000156053 -0.00457139
0.000156137 -0.00457204
0.000156222 -0.00457263
0.000156307 -0.00457317
0.000156391 -0.00457369
0.000156476 -0.0045742
0.000156561 -0.00457473
0.000156645 -0.00457528
0.00015673 -0.00457588
0.000156815 -0.00457652
0.000156899 -0.00457723
0.000156984 -0.00457801
0.000157069 -0.00457884
0.000157153 -0.00457973
0.000157238 -0.00458066
0.000157323 -0.00458163
0.000157407 -0.00458263
0.000157492 -0.00458364
0.000157577 -0.00458466
0.000157661 -0.00458567
0.000157746 -0.00458668
0.000157831 -0.00458768
0.000157915 -0.00458866
0.000158 -0.00458964
0.000158085 -0.00459061
0.000158169 -0.00459157
0.000158254 -0.00459254
0.000158339 -0.00459351
0.000158423 -0.0045945
0.000158508 -0.00459551
0.000158593 -0.00459655
0.000158677 -0.00459762
0.000158762 -0.00459873
0.000158847 -0.00459987
0.000158931 -0.00460103
0.000159016 -0.00460223
0.000159101 -0.00460344
0.000159185 -0.00460466
0.00015927 -0.00460588
0.000159355 -0.0046071
0.000159439 -0.00460831
0.000159524 -0.00460949
0.000159609 -0.00461066
0.000159693 -0.00461181
0.000159778 -0.00461294
0.000159863 -0.00461406
0.000159947 -0.00461516
0.000160032 -0.00461626
0.000160117 -0.00461735
0.000160201 -0.00461845
0.000160286 -0.00461954
0.000160371 -0.00462063
0.000160455 -0.00462172
0.00016054 -0.00462282
0.000160625 -0.0046239
0.000160709 -0.00462498
0.000160794 -0.00462604
0.000160879 -0.00462709
0.000160963 -0.00462811
0.000161048 -0.00462911
0.000161133 -0.00463008
0.000161217 -0.00463102
0.000161302 -0.00463193
0.000161387 -0.00463281
0.000161471 -0.00463366
0.000161556 -0.00463448
0.000161641 -0.00463529
0.000161725 -0.00463608
0.00016181 -0.00463687
0.000161895 -0.00463767
0.000161979 -0.00463847
0.000162064 -0.00463929
0.000162149 -0.00464014
0.000162233 -0.00464101
0.000162318 -0.0046419
0.000162403 -0.00464282
0.000162487 -0.00464375
0.000162572 -0.00464471
0.000162657 -0.00464567
0.000162742 -0.00464663
0.000162826 -0.00464759
0.000162911 -0.00464855
0.000162996 -0.00464949
0.00016308 -0.00465043
0.000163165 -0.00465135
0.00016325 -0.00465226
0.000163334 -0.00465317
0.000163419 -0.00465409
0.000163504 -0.00465502
0.000163588 -0.00465597
0.000163673 -0.00465696
0.000163758 -0.00465799
0.000163842 -0.00465906
0.000163927 -0.00466019
0.000164012 -0.00466137
0.000164096 -0.00466261
0.000164181 -0.00466388
0.000164266 -0.0046652
0.00016435 -0.00466654
0.000164435 -0.00466789
0.00016452 -0.00466925
0.000164604 -0.0046706
0.000164689 -0.00467193
0.000164774 -0.00467324
0.000164858 -0.00467451
0.000164943 -0.00467575
0.000165028 -0.00467695
0.000165112 -0.00467812
0.000165197 -0.00467925
0.000165282 -0.00468036
0.000165366 -0.00468145
0.000165451 -0.00468253
0.000165536 -0.00468361
0.00016562 -0.00468469
0.000165705 -0.00468578
0.00016579 -0.00468689
0.000165874 -0.00468801
0.000165959 -0.00468915
0.000166044 -0.00469032
0.000166128 -0.00469149
0.000166213 -0.00469268
0.000166298 -0.00469387
0.000166382 -0.00469506
0.000166467 -0.00469625
0.000166552 -0.00469742
0.000166636 -0.00469859
0.000166721 -0.00469974
0.000166806 -0.00470088
0.00016689 -0.00470202
0.000166975 -0.00470315
0.00016706 -0.00470429
0.000167144 -0.00470544
0.000167229 -0.00470661
0.000167314 -0.0047078
0.000167398 -0.00470901
0.000167483 -0.00471024
0.000167568 -0.0047115
0.000167652 -0.00471278
0.000167737 -0.00471408
0.000167822 -0.00471539
0.000167906 -0.0047167
0.000167991 -0.00471801
0.000168076 -0.00471932
0.00016816 -0.00472061
0.000168245 -0.00472189
0.00016833 -0.00472315
0.000168414 -0.00472439
0.000168499 -0.00472561
0.000168584 -0.00472682
0.000168668 -0.00472802
0.000168753 -0.00472922
0.000168838 -0.00473043
0.000168922 -0.00473165
0.000169007 -0.00473289
0.000169092 -0.00473417
0.000169176 -0.00473548
0.000169261 -0.00473684
0.000169346 -0.00473824
0.000169431 -0.00473968
0.000169515 -0.00474118
0.0001696 -0.00474272
0.000169685 -0.0047443
0.000169769 -0.00474592
0.000169854 -0.00474756
0.000169939 -0.00474923
0.000170023 -0.00475092
0.000170108 -0.00475262
0.000170193 -0.00475432
0.000170277 -0.00475603
0.000170362 -0.00475774
0.000170447 -0.00475945
0.000170531 -0.00476115
0.000170616 -0.00476285
0.000170701 -0.00476454
0.000170785 -0.00476623
0.00017087 -0.0047679
0.000170955 -0.00476956
0.000171039 -0.00477121
0.000171124 -0.00477284
0.000171209 -0.00477445
0.000171293 -0.00477605
0.000171378 -0.00477762
0.000171463 -0.00477918
0.000171547 -0.00478073
0.000171632 -0.00478227
0.000171717 -0.00478379
0.000171801 -0.00478531
0.000171886 -0.00478683
0.000171971 -0.00478835
0.000172055 -0.00478988
0.00017214 -0.0047914
0.000172225 -0.00479293
0.000172309 -0.00479445
0.000172394 -0.00479597
0.000172479 -0.00479748
0.000172563 -0.00479898
0.000172648 -0.00480046
0.000172733 -0.00480191
0.000172817 -0.00480334
0.000172902 -0.00480474
0.000172987 -0.00480612
0.000173071 -0.00480746
0.000173156 -0.00480879
0.000173241 -0.00481009
0.000173325 -0.00481138
0.00017341 -0.00481267
0.000173495 -0.00481397
0.000173579 -0.00481527
0.000173664 -0.00481661
0.000173749 -0.00481798
0.000173833 -0.00481938
0.000173918 -0.00482083
0.000174003 -0.00482233
0.000174087 -0.00482388
0.000174172 -0.00482548
0.000174257 -0.00482713
0.000174341 -0.00482882
0.000174426 -0.00483055
0.000174511 -0.00483232
0.000174595 -0.00483412
0.00017468 -0.00483594
0.000174765 -0.00483779
0.000174849 -0.00483966
0.000174934 -0.00484155
0.000175019 -0.00484346
0.000175103 -0.00484539
0.000175188 -0.00484733
0.000175273 -0.00484929
0.000175357 -0.00485127
0.000175442 -0.00485326
0.000175527 -0.00485526
0.000175611 -0.00485727
0.000175696 -0.00485929
0.000175781 -0.00486131
0.000175865 -0.00486334
0.00017595 -0.00486536
0.000176035 -0.00486739
0.000176119 -0.00486941
0.000176204 -0.00487142
0.000176289 -0.00487342
0.000176374 -0.00487542
0.000176458 -0.0048774
0.000176543 -0.00487939
0.000176628 -0.00488137
0.000176712 -0.00488336
0.000176797 -0.00488536
0.000176882 -0.00488738
0.000176966 -0.00488944
0.000177051 -0.00489152
0.000177136 -0.00489365
0.00017722 -0.00489582
0.000177305 -0.00489804
0.00017739 -0.00490029
0.000177474 -0.00490257
0.000177559 -0.00490488
0.000177644 -0.0049072
0.000177728 -0.00490952
0.000177813 -0.00491183
0.000177898 -0.00491413
0.000177982 -0.00491639
0.000178067 -0.00491863
0.000178152 -0.00492083
0.000178236 -0.00492298
0.000178321 -0.00492511
0.000178406 -0.00492719
0.00017849 -0.00492926
0.000178575 -0.00493131
0.00017866 -0.00493335
0.000178744 -0.0049354
0.000178829 -0.00493746
0.000178914 -0.00493954
0.000178998 -0.00494165
0.000179083 -0.0049438
0.000179168 -0.00494597
0.000179252 -0.00494818
0.000179337 -0.00495042
0.000179422 -0.00495267
0.000179506 -0.00495492
0.000179591 -0.00495717
0.000179676 -0.00495941
0.00017976 -0.00496162
0.000179845 -0.0049638
0.00017993 -0.00496594
0.000180014 -0.00496803
0.000180099 -0.00497008
0.000180184 -0.00497209
0.000180268 -0.00497405
0.000180353 -0.00497599
0.000180438 -0.00497789
0.000180522 -0.00497976
0.000180607 -0.00498162
0.000180692 -0.00498347
0.000180776 -0.0049853
0.000180861 -0.00498713
0.000180946 -0.00498895
0.00018103 -0.00499075
0.000181115 -0.00499254
0.0001812 -0.00499431
0.000181284 -0.00499606
0.000181369 -0.00499777
0.000181454 -0.00499944
0.000181538 -0.00500106
0.000181623 -0.00500263
0.000181708 -0.00500414
0.000181792 -0.00500558
0.000181877 -0.00500696
0.000181962 -0.00500828
0.000182046 -0.00500953
0.000182131 -0.00501073
0.000182216 -0.00501187
0.0001823 -0.00501296
0.000182385 -0.00501401
0.00018247 -0.00501502
0.000182554 -0.00501599
0.000182639 -0.00501693
0.000182724 -0.00501784
0.000182808 -0.00501873
0.000182893 -0.0050196
0.000182978 -0.00502044
0.000183063 -0.00502125
0.000183147 -0.00502205
0.000183232 -0.00502283
0.000183317 -0.00502359
0.000183401 -0.00502433
0.000183486 -0.00502506
0.000183571 -0.00502578
0.000183655 -0.0050265
0.00018374 -0.00502721
0.000183825 -0.00502793
0.000183909 -0.00502866
0.000183994 -0.00502939
0.000184079 -0.00503014
0.000184163 -0.0050309
0.000184248 -0.00503167
0.000184333 -0.00503246
0.000184417 -0.00503325
0.000184502 -0.00503406
0.000184587 -0.00503489
0.000184671 -0.00503572
0.000184756 -0.00503657
0.000184841 -0.00503744
0.000184925 -0.00503832
0.00018501 -0.00503921
0.000185095 -0.00504013
0.000185179 -0.00504107
0.000185264 -0.00504203
0.000185349 -0.00504303
0.000185433 -0.00504407
0.000185518 -0.00504515
0.000185603 -0.00504628
0.000185687 -0.00504747
0.000185772 -0.00504872
0.000185857 -0.00505004
0.000185941 -0.00505144
0.000186026 -0.0050529
0.000186111 -0.00505444
0.000186195 -0.00505605
0.00018628 -0.00505774
0.000186365 -0.00505948
0.000186449 -0.00506129
0.000186534 -0.00506316
0.000186619 -0.00506508
0.000186703 -0.00506706
0.000186788 -0.00506909
0.000186873 -0.00507116
0.000186957 -0.00507329
0.000187042 -0.00507547
0.000187127 -0.00507769
0.000187211 -0.00507996
0.000187296 -0.00508228
0.000187381 -0.00508465
0.000187465 -0.00508705
0.00018755 -0.00508951
0.000187635 -0.005092
0.000187719 -0.00509453
0.000187804 -0.00509709
0.000187889 -0.00509969
0.000187973 -0.00510232
0.000188058 -0.00510498
0.000188143 -0.00510765
0.000188227 -0.00511034
0.000188312 -0.00511304
0.000188397 -0.00511574
0.000188481 -0.00511845
0.000188566 -0.00512117
0.000188651 -0.00512388
0.000188735 -0.0051266
0.00018882 -0.00512931
0.000188905 -0.00513203
0.000188989 -0.00513475
0.000189074 -0.00513746
0.000189159 -0.00514018
0.000189243 -0.00514289
0.000189328 -0.00514559
0.000189413 -0.00514827
0.000189497 -0.00515093
0.000189582 -0.00515357
0.000189667 -0.00515618
0.000189751 -0.00515876
0.000189836 -0.00516131
0.000189921 -0.00516381
0.000190006 -0.00516628
0.00019009 -0.0051687
0.000190175 -0.00517109
0.00019026 -0.00517343
0.000190344 -0.00517573
0.000190429 -0.005178
0.000190514 -0.00518022
0.000190598 -0.00518241
0.000190683 -0.00518455
0.000190768 -0.00518666
0.000190852 -0.00518873
0.000190937 -0.00519075
0.000191022 -0.00519272
0.000191106 -0.00519464
0.000191191 -0.0051965
0.000191276 -0.0051983
0.00019136 -0.00520003
0.000191445 -0.00520168
0.00019153 -0.00520326
0.000191614 -0.00520477
0.000191699 -0.00520621
0.000191784 -0.00520758
0.000191868 -0.0052089
0.000191953 -0.00521018
0.000192038 -0.00521142
0.000192122 -0.00521264
0.000192207 -0.00521385
0.000192292 -0.00521505
0.000192376 -0.00521626
0.000192461 -0.00521747
0.000192546 -0.0052187
0.00019263 -0.00521993
0.000192715 -0.00522116
0.0001928 -0.0052224
0.000192884 -0.00522363
0.000192969 -0.00522485
0.000193054 -0.00522606
0.000193138 -0.00522724
0.000193223 -0.00522839
0.000193308 -0.00522951
0.000193392 -0.00523061
0.000193477 -0.00523167
0.000193562 -0.00523272
0.000193646 -0.00523376
0.000193731 -0.00523479
0.000193816 -0.00523583
0.0001939 -0.0052369
0.000193985 -0.005238
0.00019407 -0.00523914
0.000194154 -0.00524034
0.000194239 -0.00524158
0.000194324 -0.00524286
0.000194408 -0.00524419
0.000194493 -0.00524555
0.000194578 -0.00524693
0.000194662 -0.00524831
0.000194747 -0.00524968
0.000194832 -0.00525102
0.000194916 -0.00525231
0.000195001 -0.00525355
0.000195086 -0.00525472
0.00019517 -0.00525581
0.000195255 -0.00525683
0.00019534 -0.00525779
0.000195424 -0.00525867
0.000195509 -0.0052595
0.000195594 -0.00526029
0.000195678 -0.00526105
0.000195763 -0.00526179
0.000195848 -0.00526253
0.000195932 -0.00526328
0.000196017 -0.00526405
0.000196102 -0.00526484
0.000196186 -0.00526565
0.000196271 -0.00526649
0.000196356 -0.00526735
0.00019644 -0.00526822
0.000196525 -0.00526909
0.00019661 -0.00526995
0.000196694 -0.0052708
0.000196779 -0.00527161
0.000196864 -0.00527238
0.000196949 -0.00527311
0.000197033 -0.00527378
0.000197118 -0.0052744
0.000197203 -0.00527496
0.000197287 -0.00527547
0.000197372 -0.00527592
0.000197457 -0.00527634
0.000197541 -0.00527671
0.000197626 -0.00527706
0.000197711 -0.00527738
0.000197795 -0.00527768
0.00019788 -0.00527797
0.000197965 -0.00527824
0.000198049 -0.0052785
0.000198134 -0.00527874
0.000198219 -0.00527896
0.000198303 -0.00527915
0.000198388 -0.00527931
0.000198473 -0.00527943
0.000198557 -0.0052795
0.000198642 -0.00527952
0.000198727 -0.00527949
0.000198811 -0.00527941
0.000198896 -0.00527928
0.000198981 -0.00527909
0.000199065 -0.00527887
0.00019915 -0.00527861
0.000199235 -0.00527833
0.000199319 -0.00527803
0.000199404 -0.00527774
0.000199489 -0.00527745
0.000199573 -0.00527718
0.000199658 -0.00527694
0.000199743 -0.00527673
0.000199827 -0.00527656
0.000199912 -0.00527641
0.000199997 -0.0052763
0.000200081 -0.00527622
0.000200166 -0.00527615
0.000200251 -0.00527611
0.000200335 -0.00527607
0.00020042 -0.00527605
0.000200505 -0.00527604
0.000200589 -0.00527604
0.000200674 -0.00527605
0.000200759 -0.00527608
0.000200843 -0.00527614
0.000200928 -0.00527622
0.000201013 -0.00527635
0.000201097 -0.00527651
0.000201182 -0.00527671
0.000201267 -0.00527696
0.000201351 -0.00527727
0.000201436 -0.00527762
0.000201521 -0.00527802
0.000201605 -0.00527846
0.00020169 -0.00527895
0.000201775 -0.00527947
0.000201859 -0.00528003
0.000201944 -0.0052806
0.000202029 -0.00528118
0.000202113 -0.00528177
0.000202198 -0.00528234
0.000202283 -0.0052829
0.000202367 -0.00528344
0.000202452 -0.00528395
0.000202537 -0.00528442
0.000202621 -0.00528487
0.000202706 -0.00528527
0.000202791 -0.00528565
0.000202875 -0.005286
0.00020296 -0.00528634
0.000203045 -0.00528665
0.000203129 -0.00528696
0.000203214 -0.00528727
0.000203299 -0.00528758
0.000203383 -0.0052879
0.000203468 -0.00528823
0.000203553 -0.00528858
0.000203638 -0.00528894
0.000203722 -0.00528932
0.000203807 -0.00528971
0.000203892 -0.00529012
0.000203976 -0.00529055
0.000204061 -0.00529098
0.000204146 -0.00529141
0.00020423 -0.00529185
0.000204315 -0.00529228
0.0002044 -0.00529271
0.000204484 -0.00529313
0.000204569 -0.00529354
0.000204654 -0.00529395
0.000204738 -0.00529435
0.000204823 -0.00529475
0.000204908 -0.00529515
0.000204992 -0.00529557
0.000205077 -0.00529601
0.000205162 -0.00529646
0.000205246 -0.00529695
0.000205331 -0.00529747
0.000205416 -0.00529803
0.0002055 -0.00529862
0.000205585 -0.00529924
0.00020567 -0.00529988
0.000205754 -0.00530054
0.000205839 -0.0053012
0.000205924 -0.00530185
0.000206008 -0.00530249
0.000206093 -0.00530309
0.000206178 -0.00530365
0.000206262 -0.00530416
0.000206347 -0.00530461
0.000206432 -0.00530501
0.000206516 -0.00530535
0.000206601 -0.00530564
0.000206686 -0.0053059
0.00020677 -0.00530613
0.000206855 -0.00530635
0.00020694 -0.00530658
0.000207024 -0.00530682
0.000207109 -0.00530709
0.000207194 -0.0053074
0.000207278 -0.00530775
0.000207363 -0.00530816
0.000207448 -0.00530862
0.000207532 -0.00530912
0.000207617 -0.00530967
0.000207702 -0.00531024
0.000207786 -0.00531083
0.000207871 -0.00531142
0.000207956 -0.00531201
0.00020804 -0.00531258
0.000208125 -0.00531312
0.00020821 -0.00531363
0.000208294 -0.0053141
0.000208379 -0.00531455
0.000208464 -0.00531496
0.000208548 -0.00531535
0.000208633 -0.00531573
0.000208718 -0.00531611
0.000208802 -0.00531651
0.000208887 -0.00531693
0.000208972 -0.00531738
0.000209056 -0.00531788
0.000209141 -0.00531843
0.000209226 -0.00531902
0.00020931 -0.00531967
0.000209395 -0.00532036
0.00020948 -0.00532109
0.000209564 -0.00532185
0.000209649 -0.00532262
0.000209734 -0.00532341
0.000209818 -0.0053242
0.000209903 -0.00532497
0.000209988 -0.00532573
0.000210072 -0.00532646
0.000210157 -0.00532716
0.000210242 -0.00532783
0.000210326 -0.00532848
0.000210411 -0.0053291
0.000210496 -0.0053297
0.000210581 -0.00533029
0.000210665 -0.00533087
0.00021075 -0.00533144
0.000210835 -0.00533201
0.000210919 -0.00533258
0.000211004 -0.00533315
0.000211089 -0.00533371
0.000211173 -0.00533425
0.000211258 -0.00533477
0.000211343 -0.00533526
0.000211427 -0.00533571
0.000211512 -0.0053361
0.000211597 -0.00533644
0.000211681 -0.00533673
0.000211766 -0.00533695
0.000211851 -0.00533713
0.000211935 -0.00533725
0.00021202 -0.00533734
0.000212105 -0.0053374
0.000212189 -0.00533746
0.000212274 -0.00533751
0.000212359 -0.00533759
0.000212443 -0.00533769
0.000212528 -0.00533783
0.000212613 -0.00533802
0.000212697 -0.00533825
0.000212782 -0.00533853
0.000212867 -0.00533886
0.000212951 -0.00533922
0.000213036 -0.00533961
0.000213121 -0.00534
0.000213205 -0.00534037
0.00021329 -0.00534072
0.000213375 -0.00534103
0.000213459 -0.00534127
0.000213544 -0.00534143
0.000213629 -0.00534152
0.000213713 -0.00534152
0.000213798 -0.00534144
0.000213883 -0.00534127
0.000213967 -0.00534104
0.000214052 -0.00534075
0.000214137 -0.00534042
0.000214221 -0.00534006
0.000214306 -0.00533968
0.000214391 -0.0053393
0.000214475 -0.00533891
0.00021456 -0.00533854
0.000214645 -0.00533818
0.000214729 -0.00533783
0.000214814 -0.0053375
0.000214899 -0.00533717
0.000214983 -0.00533685
0.000215068 -0.00533652
0.000215153 -0.00533617
0.000215237 -0.00533579
0.000215322 -0.00533538
0.000215407 -0.00533492
0.000215491 -0.00533441
0.000215576 -0.00533384
0.000215661 -0.00533321
0.000215745 -0.00533254
0.00021583 -0.00533182
0.000215915 -0.00533106
0.000215999 -0.00533028
0.000216084 -0.0053295
0.000216169 -0.00532872
0.000216253 -0.00532795
0.000216338 -0.00532721
0.000216423 -0.00532651
0.000216507 -0.00532584
0.000216592 -0.00532521
0.000216677 -0.00532462
0.000216761 -0.00532407
0.000216846 -0.00532354
0.000216931 -0.00532303
0.000217015 -0.00532252
0.0002171 -0.00532201
0.000217185 -0.0053215
0.00021727 -0.00532096
0.000217354 -0.00532039
0.000217439 -0.00531979
0.000217524 -0.00531915
0.000217608 -0.00531848
0.000217693 -0.00531777
0.000217778 -0.00531703
0.000217862 -0.00531627
0.000217947 -0.00531549
0.000218032 -0.0053147
0.000218116 -0.00531392
0.000218201 -0.00531314
0.000218286 -0.00531236
0.00021837 -0.00531159
0.000218455 -0.00531083
0.00021854 -0.00531007
0.000218624 -0.00530929
0.000218709 -0.0053085
0.000218794 -0.00530768
0.000218878 -0.00530682
0.000218963 -0.00530591
0.000219048 -0.00530494
0.000219132 -0.00530392
0.000219217 -0.00530283
0.000219302 -0.00530167
0.000219386 -0.00530045
0.000219471 -0.00529918
0.000219556 -0.00529787
0.00021964 -0.00529652
0.000219725 -0.00529516
0.00021981 -0.00529379
0.000219894 -0.00529242
0.000219979 -0.00529108
0.000220064 -0.00528977
0.000220148 -0.00528849
0.000220233 -0.00528725
0.000220318 -0.00528605
0.000220402 -0.00528487
0.000220487 -0.00528372
0.000220572 -0.00528257
0.000220656 -0.00528142
0.000220741 -0.00528025
0.000220826 -0.00527905
0.00022091 -0.00527782
0.000220995 -0.00527654
0.00022108 -0.00527521
0.000221164 -0.00527384
0.000221249 -0.00527242
0.000221334 -0.00527096
0.000221418 -0.00526946
0.000221503 -0.00526794
0.000221588 -0.0052664
0.000221672 -0.00526484
0.000221757 -0.00526328
0.000221842 -0.00526173
0.000221926 -0.00526019
0.000222011 -0.00525866
0.000222096 -0.00525715
0.00022218 -0.00525564
0.000222265 -0.00525415
0.00022235 -0.00525266
0.000222434 -0.00525117
0.000222519 -0.00524966
0.000222604 -0.00524813
0.000222688 -0.00524658
0.000222773 -0.00524499
0.000222858 -0.00524336
0.000222942 -0.0052417
0.000223027 -0.00524001
0.000223112 -0.00523828
0.000223196 -0.00523654
0.000223281 -0.00523478
0.000223366 -0.00523302
0.00022345 -0.00523126
0.000223535 -0.00522952
0.00022362 -0.00522779
0.000223704 -0.00522609
0.000223789 -0.00522441
0.000223874 -0.00522277
0.000223958 -0.00522117
0.000224043 -0.00521959
0.000224128 -0.00521805
0.000224213 -0.00521654
0.000224297 -0.00521506
0.000224382 -0.0052136
0.000224467 -0.00521217
0.000224551 -0.00521075
0.000224636 -0.00520935
0.000224721 -0.00520797
0.000224805 -0.00520661
0.00022489 -0.00520526
0.000224975 -0.00520394
0.000225059 -0.00520264
0.000225144 -0.00520136
0.000225229 -0.00520011
0.000225313 -0.00519889
0.000225398 -0.00519769
0.000225483 -0.00519652
0.000225567 -0.00519536
0.000225652 -0.00519423
0.000225737 -0.0051931
0.000225821 -0.00519198
0.000225906 -0.00519086
0.000225991 -0.00518972
0.000226075 -0.00518858
0.00022616 -0.00518741
0.000226245 -0.00518622
0.000226329 -0.00518499
0.000226414 -0.00518374
0.000226499 -0.00518244
0.000226583 -0.00518111
0.000226668 -0.00517975
0.000226753 -0.00517836
0.000226837 -0.00517694
0.000226922 -0.0051755
0.000227007 -0.00517405
0.000227091 -0.00517258
0.000227176 -0.00517112
0.000227261 -0.00516965
0.000227345 -0.00516818
0.00022743 -0.00516671
0.000227515 -0.00516524
0.000227599 -0.00516376
0.000227684 -0.00516227
0.000227769 -0.00516076
0.000227853 -0.00515923
0.000227938 -0.00515768
0.000228023 -0.0051561
0.000228107 -0.0051545
0.000228192 -0.00515287
0.000228277 -0.00515123
0.000228361 -0.00514957
0.000228446 -0.0051479
0.000228531 -0.00514623
0.000228615 -0.00514457
0.0002287 -0.00514292
0.000228785 -0.0051413
0.000228869 -0.0051397
0.000228954 -0.00513813
0.000229039 -0.00513659
0.000229123 -0.0051351
0.000229208 -0.00513365
0.000229293 -0.00513225
0.000229377 -0.00513089
0.000229462 -0.00512957
0.000229547 -0.00512829
0.000229631 -0.00512704
0.000229716 -0.00512583
0.000229801 -0.00512464
0.000229885 -0.00512346
0.00022997 -0.0051223
0.000230055 -0.00512114
0.000230139 -0.00511999
0.000230224 -0.00511883
0.000230309 -0.00511766
0.000230393 -0.00511648
0.000230478 -0.00511529
0.000230563 -0.00511408
0.000230647 -0.00511286
0.000230732 -0.00511162
0.000230817 -0.00511038
0.000230902 -0.00510912
0.000230986 -0.00510786
0.000231071 -0.00510661
0.000231156 -0.00510536
0.00023124 -0.00510412
0.000231325 -0.0051029
0.00023141 -0.00510171
0.000231494 -0.00510054
0.000231579 -0.00509941
0.000231664 -0.00509831
0.000231748 -0.00509724
0.000231833 -0.0050962
0.000231918 -0.00509519
0.000232002 -0.00509419
0.000232087 -0.00509322
0.000232172 -0.00509225
0.000232256 -0.00509128
0.000232341 -0.00509032
0.000232426 -0.00508934
0.00023251 -0.00508836
0.000232595 -0.00508737
0.00023268 -0.00508637
0.000232764 -0.00508536
0.000232849 -0.00508436
0.000232934 -0.00508336
0.000233018 -0.00508238
0.000233103 -0.00508142
0.000233188 -0.00508049
0.000233272 -0.00507959
0.000233357 -0.00507873
0.000233442 -0.0050779
0.000233526 -0.00507712
0.000233611 -0.00507638
0.000233696 -0.00507567
0.00023378 -0.005075
0.000233865 -0.00507434
0.00023395 -0.00507371
0.000234034 -0.00507308
0.000234119 -0.00507246
0.000234204 -0.00507183
0.000234288 -0.00507119
0.000234373 -0.00507055
0.000234458 -0.00506989
0.000234542 -0.00506922
0.000234627 -0.00506854
0.000234712 -0.00506785
0.000234796 -0.00506716
0.000234881 -0.00506647
0.000234966 -0.00506578
0.00023505 -0.00506509
0.000235135 -0.00506441
0.00023522 -0.00506373
0.000235304 -0.00506305
0.000235389 -0.00506236
0.000235474 -0.00506168
0.000235558 -0.00506098
0.000235643 -0.00506027
0.000235728 -0.00505955
0.000235812 -0.00505881
0.000235897 -0.00505805
0.000235982 -0.00505728
0.000236066 -0.00505651
0.000236151 -0.00505572
0.000236236 -0.00505494
0.00023632 -0.00505418
0.000236405 -0.00505343
0.00023649 -0.0050527
0.000236574 -0.00505202
0.000236659 -0.00505138
0.000236744 -0.00505078
0.000236828 -0.00505024
0.000236913 -0.00504975
0.000236998 -0.0050493
0.000237082 -0.00504889
0.000237167 -0.00504852
0.000237252 -0.00504816
0.000237336 -0.00504782
0.000237421 -0.00504748
0.000237506 -0.00504714
0.00023759 -0.00504678
0.000237675 -0.0050464
0.00023776 -0.005046
0.000237845 -0.00504556
0.000237929 -0.00504511
0.000238014 -0.00504462
0.000238099 -0.00504412
0.000238183 -0.0050436
0.000238268 -0.00504306
0.000238353 -0.00504252
0.000238437 -0.00504198
0.000238522 -0.00504144
0.000238607 -0.00504091
0.000238691 -0.00504039
0.000238776 -0.00503989
0.000238861 -0.0050394
0.000238945 -0.00503892
0.00023903 -0.00503846
0.000239115 -0.005038
0.000239199 -0.00503754
0.000239284 -0.00503707
0.000239369 -0.00503659
0.000239453 -0.00503609
0.000239538 -0.00503556
0.000239623 -0.00503501
0.000239707 -0.00503443
0.000239792 -0.00503383
0.000239877 -0.00503321
0.000239961 -0.00503257
0.000240046 -0.00503192
0.000240131 -0.00503127
0.000240215 -0.00503063
0.0002403 -0.00503
0.000240385 -0.0050294
0.000240469 -0.00502882
0.000240554 -0.00502827
0.000240639 -0.00502776
0.000240723 -0.00502727
0.000240808 -0.00502682
0.000240893 -0.0050264
0.000240977 -0.005026
0.000241062 -0.00502563
0.000241147 -0.00502527
0.000241231 -0.00502492
0.000241316 -0.00502457
0.000241401 -0.00502423
0.000241485 -0.0050239
0.00024157 -0.00502357
0.000241655 -0.00502324
0.000241739 -0.00502293
0.000241824 -0.00502263
0.000241909 -0.00502235
0.000241993 -0.00502209
0.000242078 -0.00502186
0.000242163 -0.00502166
0.000242247 -0.0050215
0.000242332 -0.00502136
0.000242417 -0.00502126
0.000242501 -0.00502117
0.000242586 -0.0050211
0.000242671 -0.00502104
0.000242755 -0.00502098
0.00024284 -0.0050209
0.000242925 -0.0050208
0.000243009 -0.00502066
0.000243094 -0.00502047
0.000243179 -0.00502024
0.000243263 -0.00501994
0.000243348 -0.00501957
0.000243433 -0.00501914
0.000243517 -0.00501865
0.000243602 -0.0050181
0.000243687 -0.0050175
0.000243771 -0.00501686
0.000243856 -0.0050162
0.000243941 -0.00501554
0.000244025 -0.00501487
0.00024411 -0.00501422
0.000244195 -0.0050136
0.000244279 -0.00501302
0.000244364 -0.00501247
0.000244449 -0.00501196
0.000244534 -0.0050115
0.000244618 -0.00501106
0.000244703 -0.00501066
0.000244788 -0.00501028
0.000244872 -0.00500992
0.000244957 -0.00500955
0.000245042 -0.00500919
0.000245126 -0.0050088
0.000245211 -0.0050084
0.000245296 -0.00500797
0.00024538 -0.00500751
0.000245465 -0.00500702
0.00024555 -0.0050065
0.000245634 -0.00500595
0.000245719 -0.00500538
0.000245804 -0.00500481
0.000245888 -0.00500422
0.000245973 -0.00500365
0.000246058 -0.00500309
0.000246142 -0.00500254
0.000246227 -0.00500202
0.000246312 -0.00500152
0.000246396 -0.00500104
0.000246481 -0.00500058
0.000246566 -0.00500011
0.00024665 -0.00499965
0.000246735 -0.00499916
0.00024682 -0.00499866
0.000246904 -0.00499812
0.000246989 -0.00499754
0.000247074 -0.00499691
0.000247158 -0.00499623
0.000247243 -0.00499551
0.000247328 -0.00499473
0.000247412 -0.00499392
0.000247497 -0.00499306
0.000247582 -0.00499217
0.000247666 -0.00499126
0.000247751 -0.00499033
0.000247836 -0.00498939
0.00024792 -0.00498844
0.000248005 -0.0049875
0.00024809 -0.00498655
0.000248174 -0.00498561
0.000248259 -0.00498467
0.000248344 -0.00498373
0.000248428 -0.00498278
0.000248513 -0.00498181
0.000248598 -0.00498083
0.000248682 -0.00497982
0.000248767 -0.00497878
0.000248852 -0.00497771
0.000248936 -0.00497662
0.000249021 -0.0049755
0.000249106 -0.00497437
0.00024919 -0.00497323
0.000249275 -0.0049721
0.00024936 -0.00497098
0.000249444 -0.00496989
0.000249529 -0.00496884
0.000249614 -0.00496784
0.000249698 -0.00496688
0.000249783 -0.00496598
0.000249868 -0.00496512
0.000249952 -0.00496431
0.000250037 -0.00496353
0.000250122 -0.00496278
0.000250206 -0.00496202
0.000250291 -0.00496126
0.000250376 -0.00496047
0.00025046 -0.00495964
0.000250545 -0.00495876
0.00025063 -0.00495782
0.000250714 -0.00495683
0.000250799 -0.00495578
0.000250884 -0.00495469
0.000250968 -0.00495357
0.000251053 -0.00495243
0.000251138 -0.0049513
0.000251222 -0.00495019
0.000251307 -0.00494912
0.000251392 -0.0049481
0.000251477 -0.00494715
0.000251561 -0.00494628
0.000251646 -0.00494549
0.000251731 -0.00494479
0.000251815 -0.00494416
0.0002519 -0.0049436
0.000251985 -0.0049431
0.000252069 -0.00494265
0.000252154 -0.00494224
0.000252239 -0.00494185
0.000252323 -0.00494146
0.000252408 -0.00494107
0.000252493 -0.00494066
0.000252577 -0.00494023
0.000252662 -0.00493977
0.000252747 -0.00493928
0.000252831 -0.00493878
0.000252916 -0.00493827
0.000253001 -0.00493777
0.000253085 -0.00493728
0.00025317 -0.00493682
0.000253255 -0.00493641
0.000253339 -0.00493605
0.000253424 -0.00493575
0.000253509 -0.0049355
0.000253593 -0.00493531
0.000253678 -0.00493517
0.000253763 -0.00493506
0.000253847 -0.00493497
0.000253932 -0.00493488
0.000254017 -0.00493478
0.000254101 -0.00493464
0.000254186 -0.00493446
0.000254271 -0.00493421
0.000254355 -0.00493389
0.00025444 -0.0049335
0.000254525 -0.00493303
0.000254609 -0.00493247
0.000254694 -0.00493185
0.000254779 -0.00493115
0.000254863 -0.0049304
0.000254948 -0.00492961
0.000255033 -0.00492878
0.000255117 -0.00492792
0.000255202 -0.00492705
0.000255287 -0.00492617
0.000255371 -0.00492528
0.000255456 -0.00492438
0.000255541 -0.00492346
0.000255625 -0.00492253
0.00025571 -0.00492156
0.000255795 -0.00492055
0.000255879 -0.0049195
0.000255964 -0.00491838
0.000256049 -0.00491719
0.000256133 -0.00491594
0.000256218 -0.00491461
0.000256303 -0.00491322
0.000256387 -0.00491177
0.000256472 -0.00491026
0.000256557 -0.00490872
0.000256641 -0.00490715
0.000256726 -0.00490557
0.000256811 -0.00490399
0.000256895 -0.00490243
0.00025698 -0.0049009
0.000257065 -0.00489939
0.000257149 -0.00489792
0.000257234 -0.00489648
0.000257319 -0.00489505
0.000257403 -0.00489364
0.000257488 -0.00489222
0.000257573 -0.00489077
0.000257657 -0.0048893
0.000257742 -0.00488777
0.000257827 -0.00488618
0.000257911 -0.00488451
0.000257996 -0.00488277
0.000258081 -0.00488096
0.000258166 -0.00487908
0.00025825 -0.00487713
0.000258335 -0.00487513
0.00025842 -0.0048731
0.000258504 -0.00487104
0.000258589 -0.00486897
0.000258674 -0.0048669
0.000258758 -0.00486484
0.000258843 -0.00486281
0.000258928 -0.0048608
0.000259012 -0.00485882
0.000259097 -0.00485685
0.000259182 -0.00485491
0.000259266 -0.00485296
0.000259351 -0.00485102
0.000259436 -0.00484906
0.00025952 -0.00484707
0.000259605 -0.00484504
0.00025969 -0.00484298
0.000259774 -0.00484086
0.000259859 -0.00483871
0.000259944 -0.00483651
0.000260028 -0.00483429
0.000260113 -0.00483204
0.000260198 -0.0048298
0.000260282 -0.00482757
0.000260367 -0.00482536
0.000260452 -0.0048232
0.000260536 -0.0048211
0.000260621 -0.00481907
0.000260706 -0.00481711
0.00026079 -0.00481523
0.000260875 -0.00481342
0.00026096 -0.00481169
0.000261044 -0.00481004
0.000261129 -0.00480845
0.000261214 -0.00480691
0.000261298 -0.00480543
0.000261383 -0.00480399
0.000261468 -0.00480259
0.000261552 -0.00480123
0.000261637 -0.00479991
0.000261722 -0.00479863
0.000261806 -0.0047974
0.000261891 -0.00479622
0.000261976 -0.00479511
0.00026206 -0.00479407
0.000262145 -0.0047931
0.00026223 -0.00479222
0.000262314 -0.00479143
0.000262399 -0.00479073
0.000262484 -0.00479012
0.000262568 -0.0047896
0.000262653 -0.00478916
0.000262738 -0.00478879
0.000262822 -0.00478849
0.000262907 -0.00478825
0.000262992 -0.00478805
0.000263076 -0.00478787
0.000263161 -0.00478771
0.000263246 -0.00478756
0.00026333 -0.0047874
0.000263415 -0.00478721
0.0002635 -0.00478701
0.000263584 -0.00478677
0.000263669 -0.00478651
0.000263754 -0.00478622
0.000263838 -0.0047859
0.000263923 -0.00478556
0.000264008 -0.00478521
0.000264092 -0.00478486
0.000264177 -0.00478451
0.000264262 -0.00478418
0.000264346 -0.00478387
0.000264431 -0.00478358
0.000264516 -0.00478332
0.0002646 -0.00478309
0.000264685 -0.00478288
0.00026477 -0.00478269
0.000264854 -0.00478251
0.000264939 -0.00478234
0.000265024 -0.00478217
0.000265109 -0.00478199
0.000265193 -0.0047818
0.000265278 -0.00478158
0.000265363 -0.00478134
0.000265447 -0.00478106
0.000265532 -0.00478075
0.000265617 -0.0047804
0.000265701 -0.00478002
0.000265786 -0.0047796
0.000265871 -0.00477914
0.000265955 -0.00477866
0.00026604 -0.00477815
0.000266125 -0.00477761
0.000266209 -0.00477705
0.000266294 -0.00477648
0.000266379 -0.00477588
0.000266463 -0.00477527
0.000266548 -0.00477465
0.000266633 -0.00477401
0.000266717 -0.00477336
0.000266802 -0.00477269
0.000266887 -0.00477201
0.000266971 -0.00477131
0.000267056 -0.0047706
0.000267141 -0.00476987
0.000267225 -0.00476913
0.00026731 -0.00476838
0.000267395 -0.00476762
0.000267479 -0.00476685
0.000267564 -0.00476607
0.000267649 -0.0047653
0.000267733 -0.00476453
0.000267818 -0.00476378
0.000267903 -0.00476304
0.000267987 -0.00476232
0.000268072 -0.00476163
0.000268157 -0.00476096
0.000268241 -0.00476032
0.000268326 -0.00475971
0.000268411 -0.00475911
0.000268495 -0.00475853
0.00026858 -0.00475797
0.000268665 -0.00475742
0.000268749 -0.00475687
0.000268834 -0.00475633
0.000268919 -0.0047558
0.000269003 -0.00475527
0.000269088 -0.00475476
0.000269173 -0.00475425
0.000269257 -0.00475375
0.000269342 -0.00475327
0.000269427 -0.00475281
0.000269511 -0.00475238
0.000269596 -0.00475197
0.000269681 -0.00475159
0.000269765 -0.00475124
0.00026985 -0.00475093
0.000269935 -0.00475066
0.000270019 -0.00475042
0.000270104 -0.00475023
0.000270189 -0.00475008
0.000270273 -0.00474995
0.000270358 -0.00474986
0.000270443 -0.00474978
0.000270527 -0.00474972
0.000270612 -0.00474965
0.000270697 -0.00474958
0.000270781 -0.00474948
0.000270866 -0.00474935
0.000270951 -0.00474919
0.000271035 -0.00474898
0.00027112 -0.00474873
0.000271205 -0.00474843
0.000271289 -0.00474809
0.000271374 -0.00474771
0.000271459 -0.0047473
0.000271543 -0.00474686
0.000271628 -0.0047464
0.000271713 -0.00474592
0.000271797 -0.00474543
0.000271882 -0.00474493
0.000271967 -0.00474443
0.000272052 -0.00474392
0.000272136 -0.00474341
0.000272221 -0.0047429
0.000272306 -0.00474237
0.00027239 -0.00474182
0.000272475 -0.00474126
0.00027256 -0.00474066
0.000272644 -0.00474004
0.000272729 -0.00473938
0.000272814 -0.00473868
0.000272898 -0.00473794
0.000272983 -0.00473717
0.000273068 -0.00473635
0.000273152 -0.00473549
0.000273237 -0.0047346
0.000273322 -0.00473368
0.000273406 -0.00473274
0.000273491 -0.00473178
0.000273576 -0.00473081
0.00027366 -0.00472983
0.000273745 -0.00472885
0.00027383 -0.00472788
0.000273914 -0.00472691
0.000273999 -0.00472595
0.000274084 -0.004725
0.000274168 -0.00472405
0.000274253 -0.00472311
0.000274338 -0.00472217
0.000274422 -0.00472123
0.000274507 -0.00472029
0.000274592 -0.00471934
0.000274676 -0.00471839
0.000274761 -0.00471743
0.000274846 -0.00471646
0.00027493 -0.0047155
0.000275015 -0.00471455
0.0002751 -0.00471361
0.000275184 -0.00471268
0.000275269 -0.00471179
0.000275354 -0.00471093
0.000275438 -0.00471011
0.000275523 -0.00470934
0.000275608 -0.00470863
0.000275692 -0.00470798
0.000275777 -0.0047074
0.000275862 -0.00470688
0.000275946 -0.00470644
0.000276031 -0.00470607
0.000276116 -0.00470576
0.0002762 -0.00470552
0.000276285 -0.00470535
0.00027637 -0.00470522
0.000276454 -0.00470515
0.000276539 -0.00470512
0.000276624 -0.00470513
0.000276708 -0.00470516
0.000276793 -0.00470522
0.000276878 -0.00470529
0.000276962 -0.00470538
0.000277047 -0.00470547
0.000277132 -0.00470556
0.000277216 -0.00470565
0.000277301 -0.00470574
0.000277386 -0.00470582
0.00027747 -0.0047059
0.000277555 -0.00470599
0.00027764 -0.00470607
0.000277724 -0.00470616
0.000277809 -0.00470625
0.000277894 -0.00470636
0.000277978 -0.00470648
0.000278063 -0.00470662
0.000278148 -0.00470677
0.000278232 -0.00470694
0.000278317 -0.00470713
0.000278402 -0.00470734
0.000278486 -0.00470755
0.000278571 -0.00470778
0.000278656 -0.00470801
0.000278741 -0.00470825
0.000278825 -0.00470848
0.00027891 -0.0047087
0.000278995 -0.00470892
0.000279079 -0.00470913
0.000279164 -0.00470933
0.000279249 -0.00470952
0.000279333 -0.0047097
0.000279418 -0.00470987
0.000279503 -0.00471004
0.000279587 -0.0047102
0.000279672 -0.00471037
0.000279757 -0.00471054
0.000279841 -0.00471073
0.000279926 -0.00471093
0.000280011 -0.00471115
0.000280095 -0.0047114
0.00028018 -0.00471166
0.000280265 -0.00471196
0.000280349 -0.00471228
0.000280434 -0.00471263
0.000280519 -0.00471301
0.000280603 -0.0047134
0.000280688 -0.00471382
0.000280773 -0.00471425
0.000280857 -0.00471471
0.000280942 -0.00471517
0.000281027 -0.00471566
0.000281111 -0.00471617
0.000281196 -0.00471669
0.000281281 -0.00471724
0.000281365 -0.00471781
0.00028145 -0.00471842
0.000281535 -0.00471905
0.000281619 -0.00471971
0.000281704 -0.00472041
0.000281789 -0.00472113
0.000281873 -0.00472188
0.000281958 -0.00472266
0.000282043 -0.00472346
0.000282127 -0.00472427
0.000282212 -0.0047251
0.000282297 -0.00472593
0.000282381 -0.00472677
0.000282466 -0.0047276
0.000282551 -0.00472842
0.000282635 -0.00472922
0.00028272 -0.00473001
0.000282805 -0.00473079
0.000282889 -0.00473154
0.000282974 -0.00473229
0.000283059 -0.00473303
0.000283143 -0.00473377
0.000283228 -0.00473452
0.000283313 -0.00473529
0.000283397 -0.0047361
0.000283482 -0.00473694
0.000283567 -0.00473782
0.000283651 -0.00473876
0.000283736 -0.00473974
0.000283821 -0.00474077
0.000283905 -0.00474185
0.00028399 -0.00474296
0.000284075 -0.00474411
0.000284159 -0.00474529
0.000284244 -0.00474649
0.000284329 -0.00474772
0.000284413 -0.00474896
0.000284498 -0.00475021
0.000284583 -0.00475149
0.000284667 -0.0047528
0.000284752 -0.00475413
0.000284837 -0.0047555
0.000284921 -0.0047569
0.000285006 -0.00475836
0.000285091 -0.00475986
0.000285175 -0.00476141
0.00028526 -0.004763
0.000285345 -0.00476465
0.000285429 -0.00476633
0.000285514 -0.00476804
0.000285599 -0.00476977
0.000285684 -0.0047715
0.000285768 -0.00477322
0.000285853 -0.00477492
0.000285938 -0.00477658
0.000286022 -0.00477818
0.000286107 -0.00477972
0.000286192 -0.00478119
0.000286276 -0.00478259
0.000286361 -0.00478391
0.000286446 -0.00478517
0.00028653 -0.00478637
0.000286615 -0.00478752
0.0002867 -0.00478865
0.000286784 -0.00478975
0.000286869 -0.00479085
0.000286954 -0.00479196
0.000287038 -0.00479308
0.000287123 -0.00479424
0.000287208 -0.00479544
0.000287292 -0.00479667
0.000287377 -0.00479794
0.000287462 -0.00479924
0.000287546 -0.00480057
0.000287631 -0.00480192
0.000287716 -0.00480328
0.0002878 -0.00480463
0.000287885 -0.00480598
0.00028797 -0.00480731
0.000288054 -0.00480862
0.000288139 -0.0048099
0.000288224 -0.00481115
0.000288308 -0.00481237
0.000288393 -0.00481356
0.000288478 -0.00481474
0.000288562 -0.00481591
0.000288647 -0.00481707
0.000288732 -0.00481823
0.000288816 -0.00481939
0.000288901 -0.00482057
0.000288986 -0.00482177
0.00028907 -0.00482298
0.000289155 -0.0048242
0.00028924 -0.00482543
0.000289324 -0.00482667
0.000289409 -0.00482792
0.000289494 -0.00482915
0.000289578 -0.00483038
0.000289663 -0.00483159
0.000289748 -0.00483276
0.000289832 -0.00483391
0.000289917 -0.00483502
0.000290002 -0.00483609
0.000290086 -0.00483711
0.000290171 -0.00483809
0.000290256 -0.00483902
0.00029034 -0.00483991
0.000290425 -0.00484075
0.00029051 -0.00484156
0.000290594 -0.00484234
0.000290679 -0.00484309
0.000290764 -0.0048438
0.000290848 -0.00484449
0.000290933 -0.00484515
0.000291018 -0.00484579
0.000291102 -0.00484639
0.000291187 -0.00484695
0.000291272 -0.00484748
0.000291356 -0.00484796
0.000291441 -0.0048484
0.000291526 -0.0048488
0.00029161 -0.00484915
0.000291695 -0.00484948
0.00029178 -0.00484978
0.000291864 -0.00485007
0.000291949 -0.00485036
0.000292034 -0.00485067
0.000292118 -0.00485101
0.000292203 -0.0048514
0.000292288 -0.00485185
0.000292373 -0.00485237
0.000292457 -0.00485298
0.000292542 -0.00485368
0.000292627 -0.00485447
0.000292711 -0.00485535
0.000292796 -0.00485631
0.000292881 -0.00485733
0.000292965 -0.00485842
0.00029305 -0.00485953
0.000293135 -0.00486067
0.000293219 -0.0048618
0.000293304 -0.0048629
0.000293389 -0.00486396
0.000293473 -0.00486497
0.000293558 -0.0048659
0.000293643 -0.00486676
0.000293727 -0.00486755
0.000293812 -0.00486827
0.000293897 -0.00486891
0.000293981 -0.00486951
0.000294066 -0.00487005
0.000294151 -0.00487056
0.000294235 -0.00487105
0.00029432 -0.00487153
0.000294405 -0.00487199
0.000294489 -0.00487245
0.000294574 -0.00487291
0.000294659 -0.00487337
0.000294743 -0.00487383
0.000294828 -0.00487428
0.000294913 -0.00487471
0.000294997 -0.00487512
0.000295082 -0.00487551
0.000295167 -0.00487586
0.000295251 -0.00487618
0.000295336 -0.00487646
0.000295421 -0.0048767
0.000295505 -0.0048769
0.00029559 -0.00487707
0.000295675 -0.00487721
0.000295759 -0.00487733
0.000295844 -0.00487743
0.000295929 -0.00487751
0.000296013 -0.00487759
0.000296098 -0.00487767
0.000296183 -0.00487774
0.000296267 -0.00487781
0.000296352 -0.00487787
0.000296437 -0.00487791
0.000296521 -0.00487794
0.000296606 -0.00487795
0.000296691 -0.00487793
0.000296775 -0.00487788
0.00029686 -0.00487779
0.000296945 -0.00487767
0.000297029 -0.0048775
0.000297114 -0.00487731
0.000297199 -0.00487707
0.000297283 -0.00487682
0.000297368 -0.00487654
0.000297453 -0.00487625
0.000297537 -0.00487597
0.000297622 -0.00487569
0.000297707 -0.00487543
0.000297791 -0.0048752
0.000297876 -0.00487501
0.000297961 -0.00487485
0.000298045 -0.00487473
0.00029813 -0.00487466
0.000298215 -0.00487462
0.000298299 -0.00487461
0.000298384 -0.00487463
0.000298469 -0.00487466
0.000298553 -0.0048747
0.000298638 -0.00487474
0.000298723 -0.00487476
0.000298807 -0.00487477
0.000298892 -0.00487477
0.000298977 -0.00487474
0.000299061 -0.0048747
0.000299146 -0.00487465
0.000299231 -0.00487459
0.000299316 -0.00487453
0.0002994 -0.00487447
0.000299485 -0.00487442
0.00029957 -0.00487439
0.000299654 -0.00487439
0.000299739 -0.00487442
0.000299824 -0.00487448
0.000299908 -0.00487458
0.000299993 -0.00487472
0.000300078 -0.00487489
0.000300162 -0.00487509
0.000300247 -0.00487532
0.000300332 -0.00487556
0.000300416 -0.00487582
0.000300501 -0.00487608
0.000300586 -0.00487635
0.00030067 -0.00487663
0.000300755 -0.00487691
0.00030084 -0.0048772
0.000300924 -0.0048775
0.000301009 -0.00487783
0.000301094 -0.00487818
0.000301178 -0.00487857
0.000301263 -0.00487899
0.000301348 -0.00487947
0.000301432 -0.00487998
0.000301517 -0.00488054
0.000301602 -0.00488113
0.000301686 -0.00488175
0.000301771 -0.0048824
0.000301856 -0.00488305
0.00030194 -0.00488369
0.000302025 -0.00488431
0.00030211 -0.0048849
0.000302194 -0.00488544
0.000302279 -0.00488591
0.000302364 -0.00488632
0.000302448 -0.00488666
0.000302533 -0.00488691
0.000302618 -0.0048871
0.000302702 -0.00488723
0.000302787 -0.0048873
0.000302872 -0.00488734
0.000302956 -0.00488735
0.000303041 -0.00488736
0.000303126 -0.00488739
0.00030321 -0.00488744
0.000303295 -0.00488752
0.00030338 -0.00488765
0.000303464 -0.00488784
0.000303549 -0.00488806
0.000303634 -0.00488834
0.000303718 -0.00488865
0.000303803 -0.00488899
0.000303888 -0.00488934
0.000303972 -0.0048897
0.000304057 -0.00489005
0.000304142 -0.00489038
0.000304226 -0.00489069
0.000304311 -0.00489095
0.000304396 -0.00489118
0.00030448 -0.00489137
0.000304565 -0.00489152
0.00030465 -0.00489164
0.000304734 -0.00489174
0.000304819 -0.00489183
0.000304904 -0.00489194
0.000304988 -0.00489207
0.000305073 -0.00489223
0.000305158 -0.00489245
0.000305242 -0.00489273
0.000305327 -0.00489307
0.000305412 -0.00489348
0.000305496 -0.00489395
0.000305581 -0.00489449
0.000305666 -0.00489507
0.00030575 -0.00489569
0.000305835 -0.00489634
0.00030592 -0.00489701
0.000306005 -0.00489769
0.000306089 -0.00489837
0.000306174 -0.00489905
0.000306259 -0.00489972
0.000306343 -0.00490037
0.000306428 -0.00490102
0.000306513 -0.00490166
0.000306597 -0.00490229
0.000306682 -0.00490291
0.000306767 -0.00490354
0.000306851 -0.00490417
0.000306936 -0.00490481
0.000307021 -0.00490545
0.000307105 -0.00490609
0.00030719 -0.00490673
0.000307275 -0.00490737
0.000307359 -0.00490799
0.000307444 -0.00490859
0.000307529 -0.00490916
0.000307613 -0.00490968
0.000307698 -0.00491017
0.000307783 -0.0049106
0.000307867 -0.004911
0.000307952 -0.00491135
0.000308037 -0.00491167
0.000308121 -0.00491196
0.000308206 -0.00491225
0.000308291 -0.00491255
0.000308375 -0.00491286
0.00030846 -0.00491321
0.000308545 -0.0049136
0.000308629 -0.00491405
0.000308714 -0.00491455
0.000308799 -0.00491511
0.000308883 -0.00491572
0.000308968 -0.00491638
0.000309053 -0.00491707
0.000309137 -0.00491779
0.000309222 -0.00491851
0.000309307 -0.00491921
0.000309391 -0.00491989
0.000309476 -0.00492053
0.000309561 -0.00492111
0.000309645 -0.00492164
0.00030973 -0.0049221
0.000309815 -0.0049225
0.000309899 -0.00492284
0.000309984 -0.00492313
0.000310069 -0.00492338
0.000310153 -0.00492361
0.000310238 -0.00492382
0.000310323 -0.00492404
0.000310407 -0.00492427
0.000310492 -0.00492451
0.000310577 -0.00492478
0.000310661 -0.00492506
0.000310746 -0.00492536
0.000310831 -0.00492566
0.000310915 -0.00492596
0.000311 -0.00492624
0.000311085 -0.0049265
0.000311169 -0.00492671
0.000311254 -0.00492687
0.000311339 -0.00492696
0.000311423 -0.004927
0.000311508 -0.00492697
0.000311593 -0.00492688
0.000311677 -0.00492673
0.000311762 -0.00492655
0.000311847 -0.00492635
0.000311931 -0.00492614
0.000312016 -0.00492594
0.000312101 -0.00492578
0.000312185 -0.00492567
0.00031227 -0.00492563
0.000312355 -0.00492566
0.000312439 -0.00492579
0.000312524 -0.004926
0.000312609 -0.0049263
0.000312693 -0.00492667
0.000312778 -0.00492711
0.000312863 -0.0049276
0.000312948 -0.00492813
0.000313032 -0.00492866
0.000313117 -0.00492919
0.000313202 -0.00492971
0.000313286 -0.00493018
0.000313371 -0.00493062
0.000313456 -0.00493099
0.00031354 -0.00493132
0.000313625 -0.00493158
0.00031371 -0.00493179
0.000313794 -0.00493195
0.000313879 -0.00493207
0.000313964 -0.00493215
0.000314048 -0.00493222
0.000314133 -0.00493227
0.000314218 -0.00493232
0.000314302 -0.00493237
0.000314387 -0.00493243
0.000314472 -0.00493249
0.000314556 -0.00493256
0.000314641 -0.00493264
0.000314726 -0.00493272
0.00031481 -0.00493279
0.000314895 -0.00493285
0.00031498 -0.00493288
0.000315064 -0.00493288
0.000315149 -0.00493285
0.000315234 -0.00493278
0.000315318 -0.00493267
0.000315403 -0.00493253
0.000315488 -0.00493235
0.000315572 -0.00493215
0.000315657 -0.00493194
0.000315742 -0.00493171
0.000315826 -0.00493148
0.000315911 -0.00493126
0.000315996 -0.00493105
0.00031608 -0.00493085
0.000316165 -0.00493068
0.00031625 -0.00493051
0.000316334 -0.00493036
0.000316419 -0.00493022
0.000316504 -0.00493007
0.000316588 -0.0049299
0.000316673 -0.00492972
0.000316758 -0.0049295
0.000316842 -0.00492925
0.000316927 -0.00492894
0.000317012 -0.00492859
0.000317096 -0.00492819
0.000317181 -0.00492774
0.000317266 -0.00492726
0.00031735 -0.00492675
0.000317435 -0.00492623
0.00031752 -0.0049257
0.000317604 -0.00492519
0.000317689 -0.0049247
0.000317774 -0.00492425
0.000317858 -0.00492385
0.000317943 -0.00492349
0.000318028 -0.00492317
0.000318112 -0.0049229
0.000318197 -0.00492265
0.000318282 -0.00492243
0.000318366 -0.00492221
0.000318451 -0.00492199
0.000318536 -0.00492174
0.00031862 -0.00492145
0.000318705 -0.00492111
0.00031879 -0.00492072
0.000318874 -0.00492027
0.000318959 -0.00491975
0.000319044 -0.00491918
0.000319128 -0.00491856
0.000319213 -0.00491791
0.000319298 -0.00491723
0.000319382 -0.00491654
0.000319467 -0.00491586
0.000319552 -0.0049152
0.000319637 -0.00491457
0.000319721 -0.00491397
0.000319806 -0.00491341
0.000319891 -0.00491289
0.000319975 -0.00491241
0.00032006 -0.00491196
0.000320145 -0.00491152
0.000320229 -0.00491108
0.000320314 -0.00491063
0.000320399 -0.00491016
0.000320483 -0.00490966
0.000320568 -0.0049091
0.000320653 -0.00490849
0.000320737 -0.00490782
0.000320822 -0.00490707
0.000320907 -0.00490626
0.000320991 -0.00490539
0.000321076 -0.00490445
0.000321161 -0.00490346
0.000321245 -0.00490242
0.00032133 -0.00490135
0.000321415 -0.00490024
0.000321499 -0.00489911
0.000321584 -0.00489797
0.000321669 -0.00489681
0.000321753 -0.00489564
0.000321838 -0.00489445
0.000321923 -0.00489325
0.000322007 -0.00489202
0.000322092 -0.00489077
0.000322177 -0.00488949
0.000322261 -0.00488816
0.000322346 -0.0048868
0.000322431 -0.00488539
0.000322515 -0.00488394
0.0003226 -0.00488244
0.000322685 -0.0048809
0.000322769 -0.00487933
0.000322854 -0.00487773
0.000322939 -0.00487612
0.000323023 -0.00487449
0.000323108 -0.00487286
0.000323193 -0.00487125
0.000323277 -0.00486965
0.000323362 -0.00486808
0.000323447 -0.00486654
0.000323531 -0.00486503
0.000323616 -0.00486355
0.000323701 -0.00486212
0.000323785 -0.00486071
0.00032387 -0.00485932
0.000323955 -0.00485796
0.000324039 -0.0048566
0.000324124 -0.00485525
0.000324209 -0.0048539
0.000324293 -0.00485255
0.000324378 -0.00485118
0.000324463 -0.00484979
0.000324547 -0.00484839
0.000324632 -0.00484698
0.000324717 -0.00484555
0.000324801 -0.00484411
0.000324886 -0.00484266
0.000324971 -0.0048412
0.000325055 -0.00483975
0.00032514 -0.00483829
0.000325225 -0.00483683
0.000325309 -0.00483538
0.000325394 -0.00483392
0.000325479 -0.00483247
0.000325563 -0.00483102
0.000325648 -0.00482957
0.000325733 -0.00482812
0.000325817 -0.00482667
0.000325902 -0.00482523
0.000325987 -0.0048238
0.000326071 -0.00482238
0.000326156 -0.00482098
0.000326241 -0.00481961
0.000326325 -0.00481827
0.00032641 -0.00481697
0.000326495 -0.00481572
0.00032658 -0.00481451
0.000326664 -0.00481336
0.000326749 -0.00481227
0.000326834 -0.00481122
0.000326918 -0.00481023
0.000327003 -0.00480928
0.000327088 -0.00480837
0.000327172 -0.0048075
0.000327257 -0.00480665
0.000327342 -0.00480581
0.000327426 -0.00480498
0.000327511 -0.00480416
0.000327596 -0.00480333
0.00032768 -0.0048025
0.000327765 -0.00480166
0.00032785 -0.00480082
0.000327934 -0.00479997
0.000328019 -0.00479912
0.000328104 -0.00479828
0.000328188 -0.00479745
0.000328273 -0.00479664
0.000328358 -0.00479586
0.000328442 -0.0047951
0.000328527 -0.00479437
0.000328612 -0.00479368
0.000328696 -0.00479302
0.000328781 -0.00479239
0.000328866 -0.0047918
0.00032895 -0.00479124
0.000329035 -0.00479072
0.00032912 -0.00479022
0.000329204 -0.00478974
0.000329289 -0.00478929
0.000329374 -0.00478885
0.000329458 -0.00478842
0.000329543 -0.004788
0.000329628 -0.00478758
0.000329712 -0.00478717
0.000329797 -0.00478675
0.000329882 -0.00478632
0.000329966 -0.00478587
0.000330051 -0.00478541
0.000330136 -0.00478493
0.00033022 -0.00478441
0.000330305 -0.00478386
0.00033039 -0.00478327
0.000330474 -0.00478263
0.000330559 -0.00478194
0.000330644 -0.0047812
0.000330728 -0.00478041
0.000330813 -0.00477957
0.000330898 -0.00477868
0.000330982 -0.00477774
0.000331067 -0.00477676
0.000331152 -0.00477576
0.000331236 -0.00477473
0.000331321 -0.00477368
0.000331406 -0.00477261
0.00033149 -0.00477154
0.000331575 -0.00477046
0.00033166 -0.00476937
0.000331744 -0.00476827
0.000331829 -0.00476716
0.000331914 -0.00476603
0.000331998 -0.00476487
0.000332083 -0.00476369
0.000332168 -0.00476247
0.000332252 -0.00476122
0.000332337 -0.00475992
0.000332422 -0.00475857
0.000332506 -0.00475718
0.000332591 -0.00475574
0.000332676 -0.00475426
0.00033276 -0.00475272
0.000332845 -0.00475115
0.00033293 -0.00474953
0.000333014 -0.00474787
0.000333099 -0.00474618
0.000333184 -0.00474445
0.000333269 -0.00474269
0.000333353 -0.00474089
0.000333438 -0.00473906
0.000333523 -0.0047372
0.000333607 -0.0047353
0.000333692 -0.00473336
0.000333777 -0.00473138
0.000333861 -0.00472938
0.000333946 -0.00472733
0.000334031 -0.00472526
0.000334115 -0.00472317
0.0003342 -0.00472105
0.000334285 -0.00471893
0.000334369 -0.00471681
0.000334454 -0.00471469
0.000334539 -0.00471259
0.000334623 -0.00471051
0.000334708 -0.00470847
0.000334793 -0.00470648
0.000334877 -0.00470453
0.000334962 -0.00470264
0.000335047 -0.00470081
0.000335131 -0.00469904
0.000335216 -0.00469734
0.000335301 -0.00469569
0.000335385 -0.0046941
0.00033547 -0.00469255
0.000335555 -0.00469105
0.000335639 -0.00468959
0.000335724 -0.00468816
0.000335809 -0.00468676
0.000335893 -0.00468539
0.000335978 -0.00468405
0.000336063 -0.00468273
0.000336147 -0.00468145
0.000336232 -0.00468021
0.000336317 -0.00467901
0.000336401 -0.00467786
0.000336486 -0.00467677
0.000336571 -0.00467574
0.000336655 -0.00467477
0.00033674 -0.00467387
0.000336825 -0.00467305
0.000336909 -0.00467229
0.000336994 -0.0046716
0.000337079 -0.00467098
0.000337163 -0.00467041
0.000337248 -0.00466991
0.000337333 -0.00466944
0.000337417 -0.00466902
0.000337502 -0.00466863
0.000337587 -0.00466826
0.000337671 -0.00466791
0.000337756 -0.00466757
0.000337841 -0.00466723
0.000337925 -0.00466689
0.00033801 -0.00466656
0.000338095 -0.00466623
0.000338179 -0.0046659
0.000338264 -0.00466557
0.000338349 -0.00466525
0.000338433 -0.00466494
0.000338518 -0.00466463
0.000338603 -0.00466434
0.000338687 -0.00466405
0.000338772 -0.00466377
0.000338857 -0.00466349
0.000338941 -0.00466322
0.000339026 -0.00466296
0.000339111 -0.0046627
0.000339195 -0.00466244
0.00033928 -0.0046622
0.000339365 -0.00466196
0.000339449 -0.00466175
0.000339534 -0.00466155
0.000339619 -0.00466138
0.000339703 -0.00466125
0.000339788 -0.00466116
0.000339873 -0.00466111
0.000339957 -0.00466111
0.000340042 -0.00466117
0.000340127 -0.00466127
0.000340212 -0.00466143
0.000340296 -0.00466163
0.000340381 -0.00466187
0.000340466 -0.00466214
0.00034055 -0.00466243
0.000340635 -0.00466274
0.00034072 -0.00466305
0.000340804 -0.00466336
0.000340889 -0.00466366
0.000340974 -0.00466394
0.000341058 -0.00466421
0.000341143 -0.00466446
0.000341228 -0.00466469
0.000341312 -0.00466491
0.000341397 -0.0046651
0.000341482 -0.00466529
0.000341566 -0.00466546
0.000341651 -0.00466561
0.000341736 -0.00466575
0.00034182 -0.00466588
0.000341905 -0.00466599
0.00034199 -0.00466608
0.000342074 -0.00466614
0.000342159 -0.00466618
0.000342244 -0.00466619
0.000342328 -0.00466617
0.000342413 -0.00466611
0.000342498 -0.00466603
0.000342582 -0.00466591
0.000342667 -0.00466577
0.000342752 -0.00466561
0.000342836 -0.00466544
0.000342921 -0.00466528
0.000343006 -0.00466512
0.00034309 -0.00466497
0.000343175 -0.00466486
0.00034326 -0.00466477
0.000343344 -0.00466473
0.000343429 -0.00466473
0.000343514 -0.00466478
0.000343598 -0.00466486
0.000343683 -0.00466499
0.000343768 -0.00466516
0.000343852 -0.00466537
0.000343937 -0.0046656
0.000344022 -0.00466585
0.000344106 -0.00466613
0.000344191 -0.00466643
0.000344276 -0.00466674
0.00034436 -0.00466707
0.000344445 -0.00466741
0.00034453 -0.00466777
0.000344614 -0.00466813
0.000344699 -0.00466852
0.000344784 -0.00466891
0.000344868 -0.00466933
0.000344953 -0.00466976
0.000345038 -0.00467021
0.000345122 -0.00467067
0.000345207 -0.00467115
0.000345292 -0.00467165
0.000345376 -0.00467215
0.000345461 -0.00467266
0.000345546 -0.00467317
0.00034563 -0.00467369
0.000345715 -0.0046742
0.0003458 -0.0046747
0.000345884 -0.0046752
0.000345969 -0.00467569
0.000346054 -0.00467618
0.000346138 -0.00467665
0.000346223 -0.00467712
0.000346308 -0.00467757
0.000346392 -0.00467802
0.000346477 -0.00467844
0.000346562 -0.00467886
0.000346646 -0.00467925
0.000346731 -0.00467961
0.000346816 -0.00467994
0.0003469 -0.00468023
0.000346985 -0.00468047
0.00034707 -0.00468066
0.000347155 -0.00468079
0.000347239 -0.00468086
0.000347324 -0.00468086
0.000347409 -0.00468079
0.000347493 -0.00468065
0.000347578 -0.00468044
0.000347663 -0.00468015
0.000347747 -0.0046798
0.000347832 -0.00467939
0.000347917 -0.00467893
0.000348001 -0.00467842
0.000348086 -0.00467788
0.000348171 -0.00467731
0.000348255 -0.00467674
0.00034834 -0.00467616
0.000348425 -0.00467559
0.000348509 -0.00467505
0.000348594 -0.00467452
0.000348679 -0.00467402
0.000348763 -0.00467355
0.000348848 -0.00467311
0.000348933 -0.00467268
0.000349017 -0.00467226
0.000349102 -0.00467184
0.000349187 -0.00467141
0.000349271 -0.00467096
0.000349356 -0.00467047
0.000349441 -0.00466995
0.000349525 -0.00466938
0.00034961 -0.00466875
0.000349695 -0.00466807
0.000349779 -0.00466734
0.000349864 -0.00466655
0.000349949 -0.00466571
0.000350033 -0.00466483
0.000350118 -0.00466392
0.000350203 -0.004663
0.000350287 -0.00466206
0.000350372 -0.00466113
0.000350457 -0.00466021
0.000350541 -0.00465931
0.000350626 -0.00465845
0.000350711 -0.00465762
0.000350795 -0.00465683
0.00035088 -0.00465609
0.000350965 -0.0046554
0.000351049 -0.00465474
0.000351134 -0.00465413
0.000351219 -0.00465356
0.000351303 -0.00465303
0.000351388 -0.00465253
0.000351473 -0.00465206
0.000351557 -0.00465162
0.000351642 -0.00465121
0.000351727 -0.00465083
0.000351811 -0.00465049
0.000351896 -0.00465017
0.000351981 -0.00464988
0.000352065 -0.00464963
0.00035215 -0.0046494
0.000352235 -0.0046492
0.000352319 -0.00464903
0.000352404 -0.00464888
0.000352489 -0.00464874
0.000352573 -0.00464862
0.000352658 -0.0046485
0.000352743 -0.00464838
0.000352827 -0.00464826
0.000352912 -0.00464814
0.000352997 -0.004648
0.000353081 -0.00464784
0.000353166 -0.00464767
0.000353251 -0.00464747
0.000353335 -0.00464726
0.00035342 -0.00464702
0.000353505 -0.00464676
0.000353589 -0.00464648
0.000353674 -0.00464618
0.000353759 -0.00464586
0.000353844 -0.00464552
0.000353928 -0.00464516
0.000354013 -0.00464479
0.000354098 -0.0046444
0.000354182 -0.00464398
0.000354267 -0.00464354
0.000354352 -0.00464307
0.000354436 -0.00464256
0.000354521 -0.00464201
0.000354606 -0.00464142
0.00035469 -0.00464078
0.000354775 -0.0046401
0.00035486 -0.00463936
0.000354944 -0.00463857
0.000355029 -0.00463773
0.000355114 -0.00463685
0.000355198 -0.00463593
0.000355283 -0.00463497
0.000355368 -0.00463399
0.000355452 -0.00463299
0.000355537 -0.00463199
0.000355622 -0.004631
0.000355706 -0.00463003
0.000355791 -0.00462909
0.000355876 -0.00462819
0.00035596 -0.00462734
0.000356045 -0.00462654
0.00035613 -0.00462581
0.000356214 -0.00462514
0.000356299 -0.00462453
0.000356384 -0.00462397
0.000356468 -0.00462348
0.000356553 -0.00462303
0.000356638 -0.00462263
0.000356722 -0.00462226
0.000356807 -0.00462192
0.000356892 -0.0046216
0.000356976 -0.00462131
0.000357061 -0.00462102
0.000357146 -0.00462075
0.00035723 -0.00462048
0.000357315 -0.00462022
0.0003574 -0.00461997
0.000357484 -0.00461972
0.000357569 -0.00461947
0.000357654 -0.00461923
0.000357738 -0.00461899
0.000357823 -0.00461877
0.000357908 -0.00461855
0.000357992 -0.00461834
0.000358077 -0.00461814
0.000358162 -0.00461795
0.000358246 -0.00461776
0.000358331 -0.00461758
0.000358416 -0.0046174
0.0003585 -0.00461722
0.000358585 -0.00461703
0.00035867 -0.00461684
0.000358754 -0.00461663
0.000358839 -0.0046164
0.000358924 -0.00461616
0.000359008 -0.00461591
0.000359093 -0.00461564
0.000359178 -0.00461537
0.000359262 -0.00461508
0.000359347 -0.00461479
0.000359432 -0.0046145
0.000359516 -0.00461421
0.000359601 -0.00461393
0.000359686 -0.00461365
0.00035977 -0.00461339
0.000359855 -0.00461315
0.00035994 -0.00461292
0.000360024 -0.00461271
0.000360109 -0.00461252
0.000360194 -0.00461234
0.000360278 -0.00461219
0.000360363 -0.00461205
0.000360448 -0.00461194
0.000360532 -0.00461183
0.000360617 -0.00461174
0.000360702 -0.00461166
0.000360787 -0.00461159
0.000360871 -0.00461153
0.000360956 -0.00461147
0.000361041 -0.00461143
0.000361125 -0.00461139
0.00036121 -0.00461137
0.000361295 -0.00461135
0.000361379 -0.00461135
0.000361464 -0.00461135
0.000361549 -0.00461136
0.000361633 -0.00461139
0.000361718 -0.00461141
0.000361803 -0.00461144
0.000361887 -0.00461147
0.000361972 -0.00461149
0.000362057 -0.0046115
0.000362141 -0.0046115
0.000362226 -0.00461146
0.000362311 -0.0046114
0.000362395 -0.00461129
0.00036248 -0.00461114
0.000362565 -0.00461092
0.000362649 -0.00461065
0.000362734 -0.00461031
0.000362819 -0.00460991
0.000362903 -0.00460944
0.000362988 -0.00460892
0.000363073 -0.00460834
0.000363157 -0.00460771
0.000363242 -0.00460706
0.000363327 -0.00460638
0.000363411 -0.00460568
0.000363496 -0.00460498
0.000363581 -0.00460428
0.000363665 -0.00460358
0.00036375 -0.00460289
0.000363835 -0.00460219
0.000363919 -0.0046015
0.000364004 -0.00460079
0.000364089 -0.00460007
0.000364173 -0.00459932
0.000364258 -0.00459855
0.000364343 -0.00459774
0.000364427 -0.0045969
0.000364512 -0.00459601
0.000364597 -0.00459509
0.000364681 -0.00459413
0.000364766 -0.00459313
0.000364851 -0.00459211
0.000364935 -0.00459107
0.00036502 -0.00459003
0.000365105 -0.00458898
0.000365189 -0.00458794
0.000365274 -0.00458691
0.000365359 -0.00458592
0.000365443 -0.00458495
0.000365528 -0.00458402
0.000365613 -0.00458312
0.000365697 -0.00458226
0.000365782 -0.00458142
0.000365867 -0.00458061
0.000365951 -0.00457982
0.000366036 -0.00457904
0.000366121 -0.00457826
0.000366205 -0.00457748
0.00036629 -0.00457669
0.000366375 -0.00457588
0.000366459 -0.00457506
0.000366544 -0.0045742
0.000366629 -0.00457332
0.000366713 -0.00457239
0.000366798 -0.00457143
0.000366883 -0.00457042
0.000366967 -0.00456937
0.000367052 -0.00456826
0.000367137 -0.00456711
0.000367221 -0.0045659
0.000367306 -0.00456465
0.000367391 -0.00456335
0.000367476 -0.00456202
0.00036756 -0.00456065
0.000367645 -0.00455927
0.00036773 -0.00455787
0.000367814 -0.00455647
0.000367899 -0.00455508
0.000367984 -0.0045537
0.000368068 -0.00455235
0.000368153 -0.00455102
0.000368238 -0.00454973
0.000368322 -0.00454848
0.000368407 -0.00454726
0.000368492 -0.00454608
0.000368576 -0.00454493
0.000368661 -0.00454381
0.000368746 -0.00454271
0.00036883 -0.00454162
0.000368915 -0.00454054
0.000369 -0.00453946
0.000369084 -0.00453837
0.000369169 -0.00453727
0.000369254 -0.00453614
0.000369338 -0.004535
0.000369423 -0.00453383
0.000369508 -0.00453263
0.000369592 -0.00453141
0.000369677 -0.00453017
0.000369762 -0.0045289
0.000369846 -0.00452761
0.000369931 -0.00452629
0.000370016 -0.00452496
0.0003701 -0.00452361
0.000370185 -0.00452225
0.00037027 -0.00452087
0.000370354 -0.00451947
0.000370439 -0.00451805
0.000370524 -0.00451662
0.000370608 -0.00451517
0.000370693 -0.00451369
0.000370778 -0.00451219
0.000370862 -0.00451066
0.000370947 -0.00450911
0.000371032 -0.00450753
0.000371116 -0.00450592
0.000371201 -0.00450428
0.000371286 -0.00450262
0.00037137 -0.00450092
0.000371455 -0.00449919
0.00037154 -0.00449742
0.000371624 -0.00449562
0.000371709 -0.00449378
0.000371794 -0.0044919
0.000371878 -0.00448997
0.000371963 -0.00448801
0.000372048 -0.004486
0.000372132 -0.00448395
0.000372217 -0.00448187
0.000372302 -0.00447977
0.000372386 -0.00447764
0.000372471 -0.00447549
0.000372556 -0.00447334
0.00037264 -0.00447118
0.000372725 -0.00446904
0.00037281 -0.00446691
0.000372894 -0.00446481
0.000372979 -0.00446274
0.000373064 -0.00446071
0.000373148 -0.00445873
0.000373233 -0.0044568
0.000373318 -0.00445492
0.000373402 -0.00445309
0.000373487 -0.00445132
0.000373572 -0.00444961
0.000373656 -0.00444796
0.000373741 -0.00444636
0.000373826 -0.0044448
0.00037391 -0.00444329
0.000373995 -0.00444182
0.00037408 -0.00444038
0.000374164 -0.00443897
0.000374249 -0.00443758
0.000374334 -0.00443621
0.000374419 -0.00443485
0.000374503 -0.00443348
0.000374588 -0.00443212
0.000374673 -0.00443075
0.000374757 -0.00442936
0.000374842 -0.00442797
0.000374927 -0.00442655
0.000375011 -0.00442513
0.000375096 -0.00442369
0.000375181 -0.00442224
0.000375265 -0.00442078
0.00037535 -0.00441932
0.000375435 -0.00441786
0.000375519 -0.00441642
0.000375604 -0.00441499
0.000375689 -0.00441358
0.000375773 -0.0044122
0.000375858 -0.00441085
0.000375943 -0.00440952
0.000376027 -0.00440823
0.000376112 -0.00440697
0.000376197 -0.00440574
0.000376281 -0.00440455
0.000376366 -0.00440337
0.000376451 -0.00440222
0.000376535 -0.00440108
0.00037662 -0.00439994
0.000376705 -0.00439882
0.000376789 -0.00439769
0.000376874 -0.00439656
0.000376959 -0.00439542
0.000377043 -0.00439427
0.000377128 -0.00439312
0.000377213 -0.00439195
0.000377297 -0.00439078
0.000377382 -0.00438961
0.000377467 -0.00438844
0.000377551 -0.00438727
0.000377636 -0.0043861
0.000377721 -0.00438495
0.000377805 -0.0043838
0.00037789 -0.00438266
0.000377975 -0.00438154
0.000378059 -0.00438043
0.000378144 -0.00437933
0.000378229 -0.00437824
0.000378313 -0.00437717
0.000378398 -0.00437611
0.000378483 -0.00437506
0.000378567 -0.00437403
0.000378652 -0.00437303
0.000378737 -0.00437204
0.000378821 -0.00437107
0.000378906 -0.00437012
0.000378991 -0.00436919
0.000379075 -0.00436828
0.00037916 -0.00436739
0.000379245 -0.00436651
0.000379329 -0.00436563
0.000379414 -0.00436475
0.000379499 -0.00436386
0.000379583 -0.00436297
0.000379668 -0.00436205
0.000379753 -0.00436112
0.000379837 -0.00436015
0.000379922 -0.00435915
0.000380007 -0.00435811
0.000380091 -0.00435703
0.000380176 -0.00435592
0.000380261 -0.00435477
0.000380345 -0.00435359
0.00038043 -0.00435238
0.000380515 -0.00435116
0.000380599 -0.00434992
0.000380684 -0.00434868
0.000380769 -0.00434745
0.000380853 -0.00434624
0.000380938 -0.00434506
0.000381023 -0.00434391
0.000381108 -0.00434281
0.000381192 -0.00434175
0.000381277 -0.00434073
0.000381362 -0.00433977
0.000381446 -0.00433884
0.000381531 -0.00433796
0.000381616 -0.00433711
0.0003817 -0.0043363
0.000381785 -0.00433551
0.00038187 -0.00433474
0.000381954 -0.004334
0.000382039 -0.00433327
0.000382124 -0.00433257
0.000382208 -0.00433188
0.000382293 -0.00433122
0.000382378 -0.00433058
0.000382462 -0.00432998
0.000382547 -0.0043294
0.000382632 -0.00432887
0.000382716 -0.00432837
0.000382801 -0.00432792
0.000382886 -0.00432751
0.00038297 -0.00432715
0.000383055 -0.00432684
0.00038314 -0.00432657
0.000383224 -0.00432634
0.000383309 -0.00432613
0.000383394 -0.00432596
0.000383478 -0.00432579
0.000383563 -0.00432563
0.000383648 -0.00432547
0.000383732 -0.00432529
0.000383817 -0.00432508
0.000383902 -0.00432485
0.000383986 -0.00432457
0.000384071 -0.00432426
0.000384156 -0.00432391
0.00038424 -0.00432352
0.000384325 -0.00432309
0.00038441 -0.00432263
0.000384494 -0.00432215
0.000384579 -0.00432163
0.000384664 -0.0043211
0.000384748 -0.00432056
0.000384833 -0.00431999
0.000384918 -0.00431942
0.000385002 -0.00431883
0.000385087 -0.00431823
0.000385172 -0.00431762
0.000385256 -0.00431698
0.000385341 -0.00431633
0.000385426 -0.00431565
0.00038551 -0.00431494
0.000385595 -0.0043142
0.00038568 -0.00431343
0.000385764 -0.00431262
0.000385849 -0.00431178
0.000385934 -0.00431091
0.000386018 -0.00431001
0.000386103 -0.00430908
0.000386188 -0.00430814
0.000386272 -0.00430717
0.000386357 -0.0043062
0.000386442 -0.00430523
0.000386526 -0.00430427
0.000386611 -0.00430331
0.000386696 -0.00430237
0.00038678 -0.00430146
0.000386865 -0.00430056
0.00038695 -0.0042997
0.000387034 -0.00429887
0.000387119 -0.00429806
0.000387204 -0.00429728
0.000387288 -0.00429652
0.000387373 -0.00429577
0.000387458 -0.00429503
0.000387542 -0.0042943
0.000387627 -0.00429357
0.000387712 -0.00429284
0.000387796 -0.0042921
0.000387881 -0.00429135
0.000387966 -0.0042906
0.000388051 -0.00428983
0.000388135 -0.00428907
0.00038822 -0.0042883
0.000388305 -0.00428753
0.000388389 -0.00428676
0.000388474 -0.004286
0.000388559 -0.00428524
0.000388643 -0.00428448
0.000388728 -0.00428372
0.000388813 -0.00428295
0.000388897 -0.00428218
0.000388982 -0.00428141
0.000389067 -0.00428062
0.000389151 -0.00427983
0.000389236 -0.00427902
0.000389321 -0.00427819
0.000389405 -0.00427735
0.00038949 -0.0042765
0.000389575 -0.00427563
0.000389659 -0.00427474
0.000389744 -0.00427383
0.000389829 -0.0042729
0.000389913 -0.00427195
0.000389998 -0.00427098
0.000390083 -0.00427
0.000390167 -0.00426899
0.000390252 -0.00426796
0.000390337 -0.00426693
0.000390421 -0.00426588
0.000390506 -0.00426482
0.000390591 -0.00426376
0.000390675 -0.00426269
0.00039076 -0.00426162
0.000390845 -0.00426055
0.000390929 -0.00425949
0.000391014 -0.00425842
0.000391099 -0.00425736
0.000391183 -0.0042563
0.000391268 -0.00425524
0.000391353 -0.00425419
0.000391437 -0.00425314
0.000391522 -0.0042521
0.000391607 -0.00425106
0.000391691 -0.00425003
0.000391776 -0.00424899
0.000391861 -0.00424795
0.000391945 -0.00424691
0.00039203 -0.00424585
0.000392115 -0.00424478
0.000392199 -0.00424369
0.000392284 -0.00424258
0.000392369 -0.00424144
0.000392453 -0.00424029
0.000392538 -0.00423911
0.000392623 -0.00423792
0.000392707 -0.00423671
0.000392792 -0.0042355
0.000392877 -0.00423428
0.000392961 -0.00423305
0.000393046 -0.00423183
0.000393131 -0.00423061
0.000393215 -0.0042294
0.0003933 -0.00422818
0.000393385 -0.00422698
0.000393469 -0.00422578
0.000393554 -0.00422457
0.000393639 -0.00422337
0.000393723 -0.00422217
0.000393808 -0.00422096
0.000393893 -0.00421975
0.000393977 -0.00421852
0.000394062 -0.00421728
0.000394147 -0.00421603
0.000394231 -0.00421475
0.000394316 -0.00421346
0.000394401 -0.00421215
0.000394485 -0.00421082
0.00039457 -0.00420947
0.000394655 -0.0042081
0.00039474 -0.0042067
0.000394824 -0.00420528
0.000394909 -0.00420384
0.000394994 -0.00420238
0.000395078 -0.0042009
0.000395163 -0.00419939
0.000395248 -0.00419787
0.000395332 -0.00419633
0.000395417 -0.00419479
0.000395502 -0.00419323
0.000395586 -0.00419167
0.000395671 -0.00419011
0.000395756 -0.00418855
0.00039584 -0.00418701
0.000395925 -0.00418548
0.00039601 -0.00418396
0.000396094 -0.00418246
0.000396179 -0.00418097
0.000396264 -0.00417949
0.000396348 -0.00417801
0.000396433 -0.00417652
0.000396518 -0.00417502
0.000396602 -0.0041735
0.000396687 -0.00417194
0.000396772 -0.00417033
0.000396856 -0.00416866
0.000396941 -0.00416692
0.000397026 -0.0041651
0.00039711 -0.00416319
0.000397195 -0.00416119
0.00039728 -0.00415908
0.000397364 -0.00415688
0.000397449 -0.00415457
0.000397534 -0.00415217
0.000397618 -0.00414969
0.000397703 -0.00414712
0.000397788 -0.00414448
0.000397872 -0.00414179
0.000397957 -0.00413904
0.000398042 -0.00413625
0.000398126 -0.00413343
0.000398211 -0.00413058
0.000398296 -0.00412772
0.00039838 -0.00412484
0.000398465 -0.00412195
0.00039855 -0.00411906
0.000398634 -0.00411617
0.000398719 -0.00411327
0.000398804 -0.00411037
0.000398888 -0.00410748
0.000398973 -0.00410459
0.000399058 -0.0041017
0.000399142 -0.00409883
0.000399227 -0.00409596
0.000399312 -0.0040931
0.000399396 -0.00409026
0.000399481 -0.00408744
0.000399566 -0.00408463
0.00039965 -0.00408185
0.000399735 -0.00407909
0.00039982 -0.00407635
0.000399904 -0.00407364
0.000399989 -0.00407095
0.000400074 -0.00406827
0.000400158 -0.00406562
0.000400243 -0.00406298
0.000400328 -0.00406035
0.000400412 -0.00405773
0.000400497 -0.00405512
0.000400582 -0.0040525
0.000400666 -0.00404989
0.000400751 -0.00404728
0.000400836 -0.00404467
0.00040092 -0.00404206
0.000401005 -0.00403945
0.00040109 -0.00403685
0.000401174 -0.00403426
0.000401259 -0.00403168
0.000401344 -0.00402913
0.000401428 -0.00402661
0.000401513 -0.00402412
0.000401598 -0.00402167
0.000401683 -0.00401926
0.000401767 -0.0040169
0.000401852 -0.00401459
0.000401937 -0.00401232
0.000402021 -0.0040101
0.000402106 -0.00400792
0.000402191 -0.00400578
0.000402275 -0.00400368
0.00040236 -0.00400161
0.000402445 -0.00399957
0.000402529 -0.00399755
0.000402614 -0.00399555
0.000402699 -0.00399357
0.000402783 -0.00399159
0.000402868 -0.00398964
0.000402953 -0.00398769
0.000403037 -0.00398576
0.000403122 -0.00398384
0.000403207 -0.00398195
0.000403291 -0.00398009
0.000403376 -0.00397827
0.000403461 -0.0039765
0.000403545 -0.00397478
0.00040363 -0.00397314
0.000403715 -0.00397156
0.000403799 -0.00397007
0.000403884 -0.00396867
0.000403969 -0.00396735
0.000404053 -0.00396612
0.000404138 -0.00396497
0.000404223 -0.00396389
0.000404307 -0.00396287
0.000404392 -0.00396191
0.000404477 -0.00396098
0.000404561 -0.00396008
0.000404646 -0.00395919
0.000404731 -0.00395829
0.000404815 -0.00395737
0.0004049 -0.00395642
0.000404985 -0.00395543
0.000405069 -0.00395438
0.000405154 -0.00395326
0.000405239 -0.00395208
0.000405323 -0.00395081
0.000405408 -0.00394947
0.000405493 -0.00394804
0.000405577 -0.00394653
0.000405662 -0.00394493
0.000405747 -0.00394326
0.000405831 -0.00394152
0.000405916 -0.00393971
0.000406001 -0.00393785
0.000406085 -0.00393592
0.00040617 -0.00393395
0.000406255 -0.00393193
0.000406339 -0.00392987
0.000406424 -0.00392776
0.000406509 -0.00392561
0.000406593 -0.00392343
0.000406678 -0.00392121
0.000406763 -0.00391895
0.000406847 -0.00391667
0.000406932 -0.00391435
0.000407017 -0.00391202
0.000407101 -0.00390966
0.000407186 -0.00390729
0.000407271 -0.00390491
0.000407355 -0.00390252
0.00040744 -0.00390012
0.000407525 -0.00389772
0.000407609 -0.0038953
0.000407694 -0.00389286
0.000407779 -0.00389041
0.000407863 -0.00388794
0.000407948 -0.00388544
0.000408033 -0.00388292
0.000408117 -0.00388036
0.000408202 -0.00387777
0.000408287 -0.00387514
0.000408372 -0.00387247
0.000408456 -0.00386975
0.000408541 -0.00386699
0.000408626 -0.00386419
0.00040871 -0.00386134
0.000408795 -0.00385845
0.00040888 -0.00385552
0.000408964 -0.00385254
0.000409049 -0.00384954
0.000409134 -0.0038465
0.000409218 -0.00384343
0.000409303 -0.00384034
0.000409388 -0.00383723
0.000409472 -0.0038341
0.000409557 -0.00383094
0.000409642 -0.00382777
0.000409726 -0.00382457
0.000409811 -0.00382135
0.000409896 -0.0038181
0.00040998 -0.00381483
0.000410065 -0.00381154
0.00041015 -0.00380822
0.000410234 -0.00380489
0.000410319 -0.00380154
0.000410404 -0.00379818
0.000410488 -0.00379482
0.000410573 -0.00379145
0.000410658 -0.0037881
0.000410742 -0.00378476
0.000410827 -0.00378144
0.000410912 -0.00377814
0.000410996 -0.00377487
0.000411081 -0.00377163
0.000411166 -0.00376842
0.00041125 -0.00376524
0.000411335 -0.00376209
0.00041142 -0.00375898
0.000411504 -0.00375589
0.000411589 -0.00375282
0.000411674 -0.00374978
0.000411758 -0.00374677
0.000411843 -0.00374378
0.000411928 -0.00374081
0.000412012 -0.00373788
0.000412097 -0.00373497
0.000412182 -0.00373211
0.000412266 -0.0037293
0.000412351 -0.00372653
0.000412436 -0.00372382
0.00041252 -0.00372116
0.000412605 -0.00371856
0.00041269 -0.003716
0.000412774 -0.0037135
0.000412859 -0.00371104
0.000412944 -0.00370861
0.000413028 -0.0037062
0.000413113 -0.00370381
0.000413198 -0.00370143
0.000413282 -0.00369904
0.000413367 -0.00369664
0.000413452 -0.00369421
0.000413536 -0.00369176
0.000413621 -0.00368926
0.000413706 -0.00368672
0.00041379 -0.00368414
0.000413875 -0.0036815
0.00041396 -0.00367881
0.000414044 -0.00367608
0.000414129 -0.00367331
0.000414214 -0.00367049
0.000414298 -0.00366765
0.000414383 -0.00366479
0.000414468 -0.00366192
0.000414552 -0.00365905
0.000414637 -0.00365619
0.000414722 -0.00365334
0.000414806 -0.00365052
0.000414891 -0.00364774
0.000414976 -0.00364498
0.00041506 -0.00364227
0.000415145 -0.00363959
0.00041523 -0.00363695
0.000415315 -0.00363434
0.000415399 -0.00363176
0.000415484 -0.00362919
0.000415569 -0.00362664
0.000415653 -0.00362408
0.000415738 -0.0036215
0.000415823 -0.00361891
0.000415907 -0.00361628
0.000415992 -0.00361361
0.000416077 -0.00361089
0.000416161 -0.00360813
0.000416246 -0.00360532
0.000416331 -0.00360247
0.000416415 -0.00359957
0.0004165 -0.00359665
0.000416585 -0.00359369
0.000416669 -0.00359072
0.000416754 -0.00358775
0.000416839 -0.00358477
0.000416923 -0.0035818
0.000417008 -0.00357884
0.000417093 -0.00357589
0.000417177 -0.00357297
0.000417262 -0.00357006
0.000417347 -0.00356717
0.000417431 -0.00356429
0.000417516 -0.00356143
0.000417601 -0.00355857
0.000417685 -0.0035557
0.00041777 -0.00355283
0.000417855 -0.00354994
0.000417939 -0.00354704
0.000418024 -0.00354412
0.000418109 -0.00354117
0.000418193 -0.00353821
0.000418278 -0.00353522
0.000418363 -0.00353221
0.000418447 -0.0035292
0.000418532 -0.00352617
0.000418617 -0.00352314
0.000418701 -0.00352011
0.000418786 -0.0035171
0.000418871 -0.00351409
0.000418955 -0.00351111
0.00041904 -0.00350815
0.000419125 -0.00350521
0.000419209 -0.00350229
0.000419294 -0.0034994
0.000419379 -0.00349654
0.000419463 -0.00349368
0.000419548 -0.00349085
0.000419633 -0.00348802
0.000419717 -0.00348519
0.000419802 -0.00348236
0.000419887 -0.00347952
0.000419971 -0.00347668
0.000420056 -0.00347383
0.000420141 -0.00347098
0.000420225 -0.00346812
0.00042031 -0.00346527
0.000420395 -0.00346243
0.000420479 -0.00345959
0.000420564 -0.00345676
0.000420649 -0.00345395
0.000420733 -0.00345115
0.000420818 -0.00344836
0.000420903 -0.00344557
0.000420987 -0.00344279
0.000421072 -0.00343999
0.000421157 -0.00343718
0.000421241 -0.00343435
0.000421326 -0.00343148
0.000421411 -0.00342857
0.000421495 -0.00342561
0.00042158 -0.00342259
0.000421665 -0.0034195
0.000421749 -0.00341635
0.000421834 -0.00341312
0.000421919 -0.00340982
0.000422003 -0.00340645
0.000422088 -0.00340301
0.000422173 -0.00339951
0.000422258 -0.00339595
0.000422342 -0.00339233
0.000422427 -0.00338867
0.000422512 -0.00338498
0.000422596 -0.00338124
0.000422681 -0.00337748
0.000422766 -0.00337368
0.00042285 -0.00336985
0.000422935 -0.00336599
0.00042302 -0.00336209
0.000423104 -0.00335814
0.000423189 -0.00335415
0.000423274 -0.0033501
0.000423358 -0.00334599
0.000423443 -0.00334182
0.000423528 -0.00333758
0.000423612 -0.00333329
0.000423697 -0.00332894
0.000423782 -0.00332455
0.000423866 -0.00332012
0.000423951 -0.00331567
0.000424036 -0.00331121
0.00042412 -0.00330676
0.000424205 -0.00330231
0.00042429 -0.00329789
0.000424374 -0.00329349
0.000424459 -0.00328913
0.000424544 -0.00328479
0.000424628 -0.00328047
0.000424713 -0.00327617
0.000424798 -0.00327188
0.000424882 -0.00326758
0.000424967 -0.00326328
0.000425052 -0.00325897
0.000425136 -0.00325463
0.000425221 -0.00325027
0.000425306 -0.00324588
0.00042539 -0.00324146
0.000425475 -0.00323702
0.00042556 -0.00323256
0.000425644 -0.00322808
0.000425729 -0.0032236
0.000425814 -0.00321912
0.000425898 -0.00321464
0.000425983 -0.00321018
0.000426068 -0.00320572
0.000426152 -0.00320128
0.000426237 -0.00319685
0.000426322 -0.00319243
0.000426406 -0.003188
0.000426491 -0.00318357
0.000426576 -0.00317912
0.00042666 -0.00317465
0.000426745 -0.00317015
0.00042683 -0.00316562
0.000426914 -0.00316105
0.000426999 -0.00315645
0.000427084 -0.00315182
0.000427168 -0.00314716
0.000427253 -0.00314248
0.000427338 -0.00313779
0.000427422 -0.0031331
0.000427507 -0.00312842
0.000427592 -0.00312377
0.000427676 -0.00311914
0.000427761 -0.00311456
0.000427846 -0.00311002
0.00042793 -0.00310552
0.000428015 -0.00310106
0.0004281 -0.00309664
0.000428184 -0.00309226
0.000428269 -0.00308788
0.000428354 -0.00308352
0.000428438 -0.00307915
0.000428523 -0.00307475
0.000428608 -0.00307033
0.000428692 -0.00306586
0.000428777 -0.00306134
0.000428862 -0.00305677
0.000428947 -0.00305214
0.000429031 -0.00304746
0.000429116 -0.00304272
0.000429201 -0.00303793
0.000429285 -0.00303311
0.00042937 -0.00302825
0.000429455 -0.00302337
0.000429539 -0.00301847
0.000429624 -0.00301356
0.000429709 -0.00300865
0.000429793 -0.00300375
0.000429878 -0.00299886
0.000429963 -0.00299399
0.000430047 -0.00298914
0.000430132 -0.00298431
0.000430217 -0.0029795
0.000430301 -0.00297471
0.000430386 -0.00296993
0.000430471 -0.00296516
0.000430555 -0.00296039
0.00043064 -0.00295561
0.000430725 -0.00295082
0.000430809 -0.00294602
0.000430894 -0.0029412
0.000430979 -0.00293635
0.000431063 -0.00293147
0.000431148 -0.00292655
0.000431233 -0.00292161
0.000431317 -0.00291663
0.000431402 -0.00291161
0.000431487 -0.00290657
0.000431571 -0.00290151
0.000431656 -0.00289643
0.000431741 -0.00289133
0.000431825 -0.00288624
0.00043191 -0.00288115
0.000431995 -0.00287608
0.000432079 -0.00287103
0.000432164 -0.00286602
0.000432249 -0.00286104
0.000432333 -0.00285611
0.000432418 -0.00285123
0.000432503 -0.00284639
0.000432587 -0.0028416
0.000432672 -0.00283686
0.000432757 -0.00283216
0.000432841 -0.0028275
0.000432926 -0.00282287
0.000433011 -0.00281828
0.000433095 -0.00281371
0.00043318 -0.00280917
0.000433265 -0.00280465
0.000433349 -0.00280015
0.000433434 -0.00279566
0.000433519 -0.00279118
0.000433603 -0.00278672
0.000433688 -0.00278227
0.000433773 -0.00277784
0.000433857 -0.00277342
0.000433942 -0.00276903
0.000434027 -0.00276466
0.000434111 -0.00276032
0.000434196 -0.00275602
0.000434281 -0.00275176
0.000434365 -0.00274755
0.00043445 -0.00274339
0.000434535 -0.00273928
0.000434619 -0.00273524
0.000434704 -0.00273126
0.000434789 -0.00272734
0.000434873 -0.00272349
0.000434958 -0.0027197
0.000435043 -0.00271598
0.000435127 -0.00271231
0.000435212 -0.00270869
0.000435297 -0.00270511
0.000435381 -0.00270155
0.000435466 -0.00269801
0.000435551 -0.00269448
0.000435635 -0.00269094
0.00043572 -0.00268738
0.000435805 -0.00268381
0.00043589 -0.0026802
0.000435974 -0.00267657
0.000436059 -0.00267289
0.000436144 -0.00266918
0.000436228 -0.00266543
0.000436313 -0.00266163
0.000436398 -0.0026578
0.000436482 -0.00265393
0.000436567 -0.00265002
0.000436652 -0.00264608
0.000436736 -0.00264211
0.000436821 -0.00263811
0.000436906 -0.00263409
0.00043699 -0.00263005
0.000437075 -0.002626
0.00043716 -0.00262195
0.000437244 -0.00261789
0.000437329 -0.00261384
0.000437414 -0.00260979
0.000437498 -0.00260574
0.000437583 -0.00260171
0.000437668 -0.00259768
0.000437752 -0.00259366
0.000437837 -0.00258964
0.000437922 -0.00258563
0.000438006 -0.00258163
0.000438091 -0.00257764
0.000438176 -0.00257365
0.00043826 -0.00256968
0.000438345 -0.00256571
0.00043843 -0.00256176
0.000438514 -0.00255782
0.000438599 -0.0025539
0.000438684 -0.00255001
0.000438768 -0.00254613
0.000438853 -0.00254229
0.000438938 -0.00253848
0.000439022 -0.0025347
0.000439107 -0.00253097
0.000439192 -0.00252728
0.000439276 -0.00252364
0.000439361 -0.00252004
0.000439446 -0.00251648
0.00043953 -0.00251296
0.000439615 -0.00250947
0.0004397 -0.00250601
0.000439784 -0.00250255
0.000439869 -0.00249911
0.000439954 -0.00249565
0.000440038 -0.00249218
0.000440123 -0.00248869
0.000440208 -0.00248516
0.000440292 -0.00248158
0.000440377 -0.00247797
0.000440462 -0.0024743
0.000440546 -0.00247059
0.000440631 -0.00246683
0.000440716 -0.00246303
0.0004408 -0.0024592
0.000440885 -0.00245533
0.00044097 -0.00245145
0.000441054 -0.00244755
0.000441139 -0.00244364
0.000441224 -0.00243975
0.000441308 -0.00243587
0.000441393 -0.002432
0.000441478 -0.00242816
0.000441562 -0.00242435
0.000441647 -0.00242057
0.000441732 -0.00241681
0.000441816 -0.00241307
0.000441901 -0.00240936
0.000441986 -0.00240567
0.00044207 -0.00240198
0.000442155 -0.00239831
0.00044224 -0.00239463
0.000442324 -0.00239095
0.000442409 -0.00238726
0.000442494 -0.00238355
0.000442579 -0.00237983
0.000442663 -0.0023761
0.000442748 -0.00237234
0.000442833 -0.00236857
0.000442917 -0.00236479
0.000443002 -0.002361
0.000443087 -0.0023572
0.000443171 -0.00235342
0.000443256 -0.00234964
0.000443341 -0.00234589
0.000443425 -0.00234216
0.00044351 -0.00233846
0.000443595 -0.00233479
0.000443679 -0.00233116
0.000443764 -0.00232757
0.000443849 -0.00232401
0.000443933 -0.0023205
0.000444018 -0.00231701
0.000444103 -0.00231356
0.000444187 -0.00231013
0.000444272 -0.00230672
0.000444357 -0.00230332
0.000444441 -0.00229993
0.000444526 -0.00229655
0.000444611 -0.00229317
0.000444695 -0.00228977
0.00044478 -0.00228637
0.000444865 -0.00228295
0.000444949 -0.00227951
0.000445034 -0.00227605
0.000445119 -0.00227256
0.000445203 -0.00226905
0.000445288 -0.00226551
0.000445373 -0.00226195
0.000445457 -0.00225836
0.000445542 -0.00225475
0.000445627 -0.00225111
0.000445711 -0.00224746
0.000445796 -0.00224378
0.000445881 -0.00224008
0.000445965 -0.00223637
0.00044605 -0.00223264
0.000446135 -0.0022289
0.000446219 -0.00222515
0.000446304 -0.00222139
0.000446389 -0.00221762
0.000446473 -0.00221384
0.000446558 -0.00221005
0.000446643 -0.00220625
0.000446727 -0.00220244
0.000446812 -0.00219861
0.000446897 -0.00219476
0.000446981 -0.0021909
0.000447066 -0.00218702
0.000447151 -0.00218312
0.000447235 -0.00217919
0.00044732 -0.00217525
0.000447405 -0.00217129
0.000447489 -0.00216732
0.000447574 -0.00216334
0.000447659 -0.00215935
0.000447743 -0.00215537
0.000447828 -0.0021514
0.000447913 -0.00214745
0.000447997 -0.00214353
0.000448082 -0.00213964
0.000448167 -0.00213579
0.000448251 -0.00213198
0.000448336 -0.00212821
0.000448421 -0.00212448
0.000448505 -0.00212079
0.00044859 -0.00211714
0.000448675 -0.00211352
0.000448759 -0.00210992
0.000448844 -0.00210634
0.000448929 -0.00210277
0.000449013 -0.00209921
0.000449098 -0.00209565
0.000449183 -0.0020921
0.000449267 -0.00208855
0.000449352 -0.00208501
0.000449437 -0.00208147
0.000449522 -0.00207795
0.000449606 -0.00207443
0.000449691 -0.00207094
0.000449776 -0.00206747
0.00044986 -0.00206404
0.000449945 -0.00206064
0.00045003 -0.00205728
0.000450114 -0.00205396
0.000450199 -0.00205069
0.000450284 -0.00204747
0.000450368 -0.0020443
0.000450453 -0.00204118
0.000450538 -0.0020381
0.000450622 -0.00203506
0.000450707 -0.00203207
0.000450792 -0.00202911
0.000450876 -0.00202618
0.000450961 -0.00202329
0.000451046 -0.00202042
0.00045113 -0.00201759
0.000451215 -0.00201477
0.0004513 -0.00201197
0.000451384 -0.00200919
0.000451469 -0.00200642
0.000451554 -0.00200366
0.000451638 -0.00200089
0.000451723 -0.00199813
0.000451808 -0.00199536
0.000451892 -0.00199258
0.000451977 -0.0019898
0.000452062 -0.00198701
0.000452146 -0.00198422
0.000452231 -0.00198143
0.000452316 -0.00197864
0.0004524 -0.00197587
0.000452485 -0.00197311
0.00045257 -0.00197036
0.000452654 -0.00196764
0.000452739 -0.00196493
0.000452824 -0.00196225
0.000452908 -0.00195958
0.000452993 -0.00195692
0.000453078 -0.00195427
0.000453162 -0.00195162
0.000453247 -0.00194897
0.000453332 -0.00194631
0.000453416 -0.00194362
0.000453501 -0.00194092
0.000453586 -0.00193818
0.00045367 -0.0019354
0.000453755 -0.00193259
0.00045384 -0.00192975
0.000453924 -0.00192688
0.000454009 -0.00192398
0.000454094 -0.00192106
0.000454178 -0.00191812
0.000454263 -0.00191517
0.000454348 -0.00191221
0.000454432 -0.00190925
0.000454517 -0.00190629
0.000454602 -0.00190333
0.000454686 -0.00190037
0.000454771 -0.00189741
0.000454856 -0.00189446
0.00045494 -0.00189152
0.000455025 -0.0018886
0.00045511 -0.00188569
0.000455194 -0.00188281
0.000455279 -0.00187997
0.000455364 -0.00187716
0.000455448 -0.0018744
0.000455533 -0.00187168
0.000455618 -0.00186902
0.000455702 -0.00186643
0.000455787 -0.00186389
0.000455872 -0.00186142
0.000455956 -0.00185901
0.000456041 -0.00185666
0.000456126 -0.00185438
0.00045621 -0.00185215
0.000456295 -0.00184997
0.00045638 -0.00184782
0.000456465 -0.00184571
0.000456549 -0.00184361
0.000456634 -0.00184151
0.000456719 -0.00183941
0.000456803 -0.0018373
0.000456888 -0.00183517
0.000456973 -0.00183302
0.000457057 -0.00183085
0.000457142 -0.00182866
0.000457227 -0.00182646
0.000457311 -0.00182425
0.000457396 -0.00182204
0.000457481 -0.00181984
0.000457565 -0.00181766
0.00045765 -0.0018155
0.000457735 -0.00181336
0.000457819 -0.00181126
0.000457904 -0.00180918
0.000457989 -0.00180713
0.000458073 -0.0018051
0.000458158 -0.0018031
0.000458243 -0.00180111
0.000458327 -0.00179913
0.000458412 -0.00179716
0.000458497 -0.00179519
0.000458581 -0.00179321
0.000458666 -0.00179121
0.000458751 -0.0017892
0.000458835 -0.00178718
0.00045892 -0.00178514
0.000459005 -0.00178308
0.000459089 -0.00178101
0.000459174 -0.00177894
0.000459259 -0.00177686
0.000459343 -0.00177478
0.000459428 -0.0017727
0.000459513 -0.00177062
0.000459597 -0.00176854
0.000459682 -0.00176645
0.000459767 -0.00176435
0.000459851 -0.00176224
0.000459936 -0.00176011
0.000460021 -0.00175797
0.000460105 -0.0017558
0.00046019 -0.00175361
0.000460275 -0.00175139
0.000460359 -0.00174915
0.000460444 -0.00174689
0.000460529 -0.00174461
0.000460613 -0.0017423
0.000460698 -0.00173997
0.000460783 -0.00173763
0.000460867 -0.00173528
0.000460952 -0.00173292
0.000461037 -0.00173056
0.000461121 -0.00172821
0.000461206 -0.00172585
0.000461291 -0.0017235
0.000461375 -0.00172116
0.00046146 -0.00171882
0.000461545 -0.00171647
0.000461629 -0.00171412
0.000461714 -0.00171176
0.000461799 -0.00170938
0.000461883 -0.00170697
0.000461968 -0.00170454
0.000462053 -0.00170207
0.000462137 -0.00169957
0.000462222 -0.00169703
0.000462307 -0.00169446
0.000462391 -0.00169186
0.000462476 -0.00168923
0.000462561 -0.00168658
0.000462645 -0.00168391
0.00046273 -0.00168121
0.000462815 -0.0016785
0.000462899 -0.00167578
0.000462984 -0.00167306
0.000463069 -0.00167032
0.000463153 -0.00166759
0.000463238 -0.00166485
0.000463323 -0.00166212
0.000463407 -0.00165938
0.000463492 -0.00165665
0.000463577 -0.00165391
0.000463661 -0.00165118
0.000463746 -0.00164843
0.000463831 -0.00164569
0.000463916 -0.00164293
0.000464 -0.00164018
0.000464085 -0.00163742
0.00046417 -0.00163465
0.000464254 -0.00163189
0.000464339 -0.00162913
0.000464424 -0.00162638
0.000464508 -0.00162363
0.000464593 -0.00162088
0.000464678 -0.00161813
0.000464762 -0.00161538
0.000464847 -0.00161262
0.000464932 -0.00160986
0.000465016 -0.0016071
0.000465101 -0.00160433
0.000465186 -0.00160155
0.00046527 -0.00159876
0.000465355 -0.00159597
0.00046544 -0.00159317
0.000465524 -0.00159036
0.000465609 -0.00158754
0.000465694 -0.00158472
0.000465778 -0.00158188
0.000465863 -0.00157903
0.000465948 -0.00157616
0.000466032 -0.00157328
0.000466117 -0.00157038
0.000466202 -0.00156746
0.000466286 -0.00156453
0.000466371 -0.00156158
0.000466456 -0.00155861
0.00046654 -0.00155562
0.000466625 -0.00155262
0.00046671 -0.00154962
0.000466794 -0.00154661
0.000466879 -0.0015436
0.000466964 -0.0015406
0.000467048 -0.00153761
0.000467133 -0.00153464
0.000467218 -0.00153171
0.000467302 -0.00152881
0.000467387 -0.00152595
0.000467472 -0.00152314
0.000467556 -0.00152036
0.000467641 -0.00151763
0.000467726 -0.00151493
0.00046781 -0.00151225
0.000467895 -0.00150958
0.00046798 -0.00150692
0.000468064 -0.00150425
0.000468149 -0.00150156
0.000468234 -0.00149885
0.000468318 -0.0014961
0.000468403 -0.00149332
0.000468488 -0.00149049
0.000468572 -0.00148763
0.000468657 -0.00148474
0.000468742 -0.0014818
0.000468826 -0.00147885
0.000468911 -0.00147587
0.000468996 -0.00147288
0.00046908 -0.00146988
0.000469165 -0.00146689
0.00046925 -0.00146391
0.000469334 -0.00146094
0.000469419 -0.00145799
0.000469504 -0.00145506
0.000469588 -0.00145216
0.000469673 -0.00144927
0.000469758 -0.00144639
0.000469842 -0.00144352
0.000469927 -0.00144065
0.000470012 -0.00143777
0.000470096 -0.00143487
0.000470181 -0.00143196
0.000470266 -0.00142902
0.00047035 -0.00142606
0.000470435 -0.00142308
0.00047052 -0.00142009
0.000470604 -0.00141708
0.000470689 -0.00141406
0.000470774 -0.00141104
0.000470858 -0.00140802
0.000470943 -0.00140501
0.000471028 -0.001402
0.000471112 -0.001399
0.000471197 -0.00139599
0.000471282 -0.00139299
0.000471366 -0.00138997
0.000471451 -0.00138695
0.000471536 -0.00138389
0.00047162 -0.00138082
0.000471705 -0.0013777
0.00047179 -0.00137455
0.000471874 -0.00137135
0.000471959 -0.00136811
0.000472044 -0.00136483
0.000472128 -0.0013615
0.000472213 -0.00135813
0.000472298 -0.00135472
0.000472382 -0.00135127
0.000472467 -0.0013478
0.000472552 -0.00134431
0.000472636 -0.00134079
0.000472721 -0.00133726
0.000472806 -0.00133371
0.00047289 -0.00133014
0.000472975 -0.00132654
0.00047306 -0.00132293
0.000473144 -0.00131928
0.000473229 -0.0013156
0.000473314 -0.00131188
0.000473398 -0.00130811
0.000473483 -0.0013043
0.000473568 -0.00130043
0.000473652 -0.0012965
0.000473737 -0.00129253
0.000473822 -0.0012885
0.000473906 -0.00128442
0.000473991 -0.00128029
0.000474076 -0.00127613
0.00047416 -0.00127193
0.000474245 -0.0012677
0.00047433 -0.00126345
0.000474414 -0.00125919
0.000474499 -0.00125491
0.000474584 -0.00125063
0.000474668 -0.00124635
0.000474753 -0.00124206
0.000474838 -0.00123777
0.000474922 -0.00123349
0.000475007 -0.00122921
0.000475092 -0.00122493
0.000475176 -0.00122066
0.000475261 -0.0012164
0.000475346 -0.00121215
0.00047543 -0.00120792
0.000475515 -0.00120372
0.0004756 -0.00119956
0.000475684 -0.00119543
0.000475769 -0.00119134
0.000475854 -0.00118731
0.000475938 -0.00118334
0.000476023 -0.00117943
0.000476108 -0.00117558
0.000476192 -0.00117179
0.000476277 -0.00116806
0.000476362 -0.00116439
0.000476446 -0.00116078
0.000476531 -0.00115721
0.000476616 -0.00115369
0.0004767 -0.0011502
0.000476785 -0.00114674
0.00047687 -0.0011433
0.000476954 -0.00113987
0.000477039 -0.00113645
0.000477124 -0.00113303
0.000477208 -0.00112961
0.000477293 -0.0011262
0.000477378 -0.00112278
0.000477462 -0.00111938
0.000477547 -0.001116
0.000477632 -0.00111265
0.000477716 -0.00110934
0.000477801 -0.00110607
0.000477886 -0.00110286
0.00047797 -0.00109972
0.000478055 -0.00109665
0.00047814 -0.00109366
0.000478224 -0.00109075
0.000478309 -0.00108792
0.000478394 -0.00108516
0.000478478 -0.00108248
0.000478563 -0.00107986
0.000478648 -0.00107731
0.000478732 -0.00107482
0.000478817 -0.00107238
0.000478902 -0.00106998
0.000478986 -0.00106761
0.000479071 -0.00106528
0.000479156 -0.00106298
0.00047924 -0.00106069
0.000479325 -0.00105843
0.00047941 -0.00105618
0.000479494 -0.00105395
0.000479579 -0.00105173
0.000479664 -0.00104953
0.000479749 -0.00104735
0.000479833 -0.00104519
0.000479918 -0.00104305
0.000480003 -0.00104092
0.000480087 -0.00103881
0.000480172 -0.00103671
0.000480257 -0.00103463
0.000480341 -0.00103256
0.000480426 -0.0010305
0.000480511 -0.00102845
0.000480595 -0.0010264
0.00048068 -0.00102436
0.000480765 -0.00102231
0.000480849 -0.00102027
0.000480934 -0.00101821
0.000481019 -0.00101615
0.000481103 -0.00101407
0.000481188 -0.00101197
0.000481273 -0.00100985
0.000481357 -0.0010077
0.000481442 -0.00100553
0.000481527 -0.00100333
0.000481611 -0.00100111
0.000481696 -0.00099885
0.000481781 -0.000996564
0.000481865 -0.000994247
0.00048195 -0.000991899
0.000482035 -0.000989518
0.000482119 -0.000987105
0.000482204 -0.000984657
0.000482289 -0.000982175
0.000482373 -0.000979659
0.000482458 -0.00097711
0.000482543 -0.000974529
0.000482627 -0.000971917
0.000482712 -0.000969277
0.000482797 -0.00096661
0.000482881 -0.000963919
0.000482966 -0.000961206
0.000483051 -0.000958473
0.000483135 -0.000955722
0.00048322 -0.000952956
0.000483305 -0.000950179
0.000483389 -0.000947394
0.000483474 -0.000944605
0.000483559 -0.000941816
0.000483643 -0.000939033
0.000483728 -0.000936258
0.000483813 -0.000933495
0.000483897 -0.000930745
0.000483982 -0.000928009
0.000484067 -0.000925286
0.000484151 -0.000922573
0.000484236 -0.000919868
0.000484321 -0.000917166
0.000484405 -0.000914463
0.00048449 -0.000911753
0.000484575 -0.000909033
0.000484659 -0.000906298
0.000484744 -0.000903543
0.000484829 -0.000900765
0.000484913 -0.000897962
0.000484998 -0.00089513
0.000485083 -0.000892269
0.000485167 -0.000889378
0.000485252 -0.000886457
0.000485337 -0.000883509
0.000485421 -0.000880535
0.000485506 -0.000877541
0.000485591 -0.000874531
0.000485675 -0.00087151
0.00048576 -0.000868483
0.000485845 -0.000865454
0.000485929 -0.000862429
0.000486014 -0.00085941
0.000486099 -0.0008564
0.000486183 -0.000853402
0.000486268 -0.000850417
0.000486353 -0.000847447
0.000486437 -0.000844496
0.000486522 -0.000841565
0.000486607 -0.000838658
0.000486691 -0.00083578
0.000486776 -0.000832934
0.000486861 -0.000830125
0.000486945 -0.000827355
0.00048703 -0.000824628
0.000487115 -0.000821945
0.000487199 -0.000819305
0.000487284 -0.000816706
0.000487369 -0.000814146
0.000487453 -0.00081162
0.000487538 -0.000809121
0.000487623 -0.000806643
0.000487707 -0.00080418
0.000487792 -0.000801725
0.000487877 -0.00079927
0.000487961 -0.00079681
0.000488046 -0.000794341
0.000488131 -0.000791859
0.000488215 -0.000789363
0.0004883 -0.000786851
0.000488385 -0.000784326
0.000488469 -0.00078179
0.000488554 -0.000779246
0.000488639 -0.0007767
0.000488723 -0.000774154
0.000488808 -0.000771613
0.000488893 -0.00076908
0.000488977 -0.000766555
0.000489062 -0.00076404
0.000489147 -0.000761532
0.000489231 -0.000759028
0.000489316 -0.000756525
0.000489401 -0.000754019
0.000489485 -0.000751506
0.00048957 -0.000748983
0.000489655 -0.000746447
0.000489739 -0.000743896
0.000489824 -0.000741331
0.000489909 -0.000738753
0.000489993 -0.000736162
0.000490078 -0.000733562
0.000490163 -0.000730955
0.000490247 -0.000728346
0.000490332 -0.000725738
0.000490417 -0.000723134
0.000490501 -0.000720537
0.000490586 -0.000717951
0.000490671 -0.000715378
0.000490755 -0.000712819
0.00049084 -0.000710276
0.000490925 -0.00070775
0.000491009 -0.000705238
0.000491094 -0.000702739
0.000491179 -0.00070025
0.000491263 -0.000697768
0.000491348 -0.00069529
0.000491433 -0.000692814
0.000491517 -0.000690335
0.000491602 -0.000687855
0.000491687 -0.000685371
0.000491771 -0.000682887
0.000491856 -0.000680405
0.000491941 -0.00067793
0.000492025 -0.000675466
0.00049211 -0.000673021
0.000492195 -0.000670599
0.000492279 -0.000668207
0.000492364 -0.000665849
0.000492449 -0.000663531
0.000492534 -0.000661254
0.000492618 -0.000659019
0.000492703 -0.000656827
0.000492788 -0.000654674
0.000492872 -0.000652556
0.000492957 -0.000650467
0.000493042 -0.000648399
0.000493126 -0.000646345
0.000493211 -0.000644294
0.000493296 -0.000642239
0.00049338 -0.000640171
0.000493465 -0.000638082
0.00049355 -0.000635968
0.000493634 -0.000633826
0.000493719 -0.000631656
0.000493804 -0.00062946
0.000493888 -0.000627242
0.000493973 -0.000625011
0.000494058 -0.000622775
0.000494142 -0.000620545
0.000494227 -0.000618331
0.000494312 -0.000616146
0.000494396 -0.000613999
0.000494481 -0.000611899
0.000494566 -0.000609854
0.00049465 -0.000607868
0.000494735 -0.000605945
0.00049482 -0.000604084
0.000494904 -0.000602284
0.000494989 -0.000600537
0.000495074 -0.000598838
0.000495158 -0.000597178
0.000495243 -0.000595546
0.000495328 -0.000593932
0.000495412 -0.000592325
0.000495497 -0.000590718
0.000495582 -0.000589101
0.000495666 -0.000587469
0.000495751 -0.000585817
0.000495836 -0.000584142
0.00049592 -0.000582443
0.000496005 -0.000580718
0.00049609 -0.000578968
0.000496174 -0.000577192
0.000496259 -0.000575388
0.000496344 -0.000573555
0.000496428 -0.00057169
0.000496513 -0.00056979
0.000496598 -0.000567849
0.000496682 -0.000565865
0.000496767 -0.000563834
0.000496852 -0.000561752
0.000496936 -0.000559617
0.000497021 -0.000557428
0.000497106 -0.000555185
0.00049719 -0.00055289
0.000497275 -0.000550545
0.00049736 -0.000548155
0.000497444 -0.000545722
0.000497529 -0.000543253
0.000497614 -0.000540752
0.000497698 -0.000538225
0.000497783 -0.000535675
0.000497868 -0.000533109
0.000497952 -0.000530528
0.000498037 -0.000527936
0.000498122 -0.000525333
0.000498206 -0.00052272
0.000498291 -0.000520095
0.000498376 -0.000517456
0.00049846 -0.000514801
0.000498545 -0.000512124
0.00049863 -0.000509423
0.000498714 -0.000506693
0.000498799 -0.000503931
0.000498884 -0.000501135
0.000498968 -0.000498304
0.000499053 -0.000495437
0.000499138 -0.000492538
0.000499222 -0.000489608
0.000499307 -0.000486653
0.000499392 -0.000483679
0.000499476 -0.000480692
0.000499561 -0.0004777
0.000499646 -0.000474708
0.00049973 -0.000471723
0.000499815 -0.00046875
0.0004999 -0.000465793
0.000499985 -0.000462853
0.000500069 -0.000459931
0.000500154 -0.000457023
0.000500239 -0.000454126
0.000500323 -0.000451235
0.000500408 -0.000448341
0.000500492 -0.000445439
0.000500577 -0.00044252
0.000500662 -0.000439579
0.000500746 -0.000436608
0.000500831 -0.000433605
0.000500916 -0.000430567
0.000501 -0.000427493
0.000501085 -0.000424385
0.00050117 -0.000421248
0.000501254 -0.000418087
0.000501339 -0.000414911
0.000501424 -0.000411727
0.000501508 -0.000408545
0.000501593 -0.000405375
0.000501678 -0.000402225
0.000501762 -0.000399105
0.000501847 -0.000396021
0.000501932 -0.000392979
0.000502016 -0.000389982
0.000502101 -0.000387031
0.000502186 -0.000384124
0.00050227 -0.000381261
0.000502355 -0.000378437
0.00050244 -0.000375647
0.000502524 -0.000372885
0.000502609 -0.000370147
0.000502694 -0.000367427
0.000502778 -0.000364721
0.000502863 -0.000362025
0.000502948 -0.000359338
0.000503032 -0.000356656
0.000503117 -0.000353978
0.000503202 -0.000351305
0.000503286 -0.000348634
0.000503371 -0.000345965
0.000503456 -0.000343295
0.00050354 -0.000340623
0.000503625 -0.000337946
0.00050371 -0.000335261
0.000503794 -0.000332565
0.000503879 -0.000329855
0.000503964 -0.000327128
0.000504048 -0.000324381
0.000504133 -0.000321612
0.000504218 -0.000318819
0.000504302 -0.000316003
0.000504387 -0.000313163
0.000504472 -0.000310302
0.000504556 -0.00030742
0.000504641 -0.000304519
0.000504726 -0.000301601
0.00050481 -0.000298667
0.000504895 -0.000295719
0.00050498 -0.000292755
0.000505064 -0.000289775
0.000505149 -0.000286775
0.000505234 -0.000283752
0.000505318 -0.000280701
0.000505403 -0.000277614
0.000505488 -0.000274486
0.000505572 -0.00027131
0.000505657 -0.000268079
0.000505742 -0.000264788
0.000505826 -0.000261433
0.000505911 -0.000258013
0.000505996 -0.000254529
0.00050608 -0.000250986
0.000506165 -0.000247391
0.00050625 -0.000243756
0.000506334 -0.000240093
0.000506419 -0.000236417
0.000506504 -0.000232746
0.000506588 -0.000229095
0.000506673 -0.000225484
0.000506758 -0.000221926
0.000506842 -0.000218436
0.000506927 -0.000215025
0.000507012 -0.000211702
0.000507096 -0.00020847
0.000507181 -0.000205331
0.000507266 -0.000202282
0.00050735 -0.000199317
0.000507435 -0.000196427
0.00050752 -0.000193601
0.000507604 -0.000190824
0.000507689 -0.000188084
0.000507774 -0.000185366
0.000507858 -0.000182657
0.000507943 -0.000179945
0.000508028 -0.000177223
0.000508112 -0.000174483
0.000508197 -0.000171726
0.000508282 -0.000168951
0.000508366 -0.000166164
0.000508451 -0.000163373
0.000508536 -0.000160587
0.00050862 -0.00015782
0.000508705 -0.000155082
0.00050879 -0.000152385
0.000508874 -0.00014974
0.000508959 -0.000147154
0.000509044 -0.000144635
0.000509128 -0.000142183
0.000509213 -0.000139798
0.000509298 -0.000137478
0.000509382 -0.000135217
0.000509467 -0.000133005
0.000509552 -0.000130835
0.000509636 -0.000128693
0.000509721 -0.000126571
0.000509806 -0.000124457
0.00050989 -0.000122341
0.000509975 -0.000120216
0.00051006 -0.000118075
0.000510144 -0.000115913
0.000510229 -0.000113728
0.000510314 -0.000111519
0.000510398 -0.000109285
0.000510483 -0.000107027
0.000510568 -0.000104749
0.000510652 -0.000102452
0.000510737 -0.00010014
0.000510822 -9.78155e-05
0.000510906 -9.54832e-05
0.000510991 -9.31479e-05
0.000511076 -9.08149e-05
0.00051116 -8.84905e-05
0.000511245 -8.61815e-05
0.00051133 -8.38953e-05
0.000511414 -8.16394e-05
0.000511499 -7.94209e-05
0.000511584 -7.72465e-05
0.000511668 -7.51213e-05
0.000511753 -7.30493e-05
0.000511838 -7.1033e-05
0.000511922 -6.90728e-05
0.000512007 -6.71676e-05
0.000512092 -6.53141e-05
0.000512176 -6.35078e-05
0.000512261 -6.17421e-05
0.000512346 -6.00088e-05
0.00051243 -5.82976e-05
0.000512515 -5.65968e-05
0.0005126 -5.48932e-05
0.000512684 -5.31724e-05
0.000512769 -5.14195e-05
0.000512854 -4.96195e-05
0.000512938 -4.77588e-05
0.000513023 -4.58255e-05
0.000513108 -4.38112e-05
0.000513192 -4.1711e-05
0.000513277 -3.95242e-05
0.000513362 -3.72548e-05
0.000513446 -3.49102e-05
0.000513531 -3.2502e-05
0.000513616 -3.00441e-05
0.0005137 -2.75519e-05
0.000513785 -2.50412e-05
0.00051387 -2.25272e-05
0.000513954 -2.00235e-05
0.000514039 -1.7542e-05
0.000514123 -1.50921e-05
0.000514208 -1.26809e-05
0.000514293 -1.0313e-05
0.000514377 -7.99064e-06
0.000514462 -5.71436e-06
0.000514547 -3.48298e-06
0.000514631 -1.29401e-06
0.000514716 8.56027e-07
0.000514801 2.97121e-06
0.000514885 5.05556e-06
0.00051497 7.11259e-06
0.000515055 9.14536e-06
0.000515139 1.11558e-05
0.000515224 1.31445e-05
0.000515309 1.5111e-05
0.000515393 1.70534e-05
0.000515478 1.89699e-05
0.000515563 2.08585e-05
0.000515647 2.27175e-05
0.000515732 2.45466e-05
0.000515817 2.63466e-05
0.000515901 2.81202e-05
0.000515986 2.98716e-05
0.000516071 3.16065e-05
0.000516155 3.33313e-05
0.00051624 3.50529e-05
0.000516325 3.67785e-05
0.000516409 3.85144e-05
0.000516494 4.02662e-05
0.000516579 4.20385e-05
0.000516663 4.38344e-05
0.000516748 4.56563e-05
0.000516833 4.75055e-05
0.000516917 4.9382e-05
0.000517002 5.12854e-05
0.000517087 5.32145e-05
0.000517171 5.51676e-05
0.000517256 5.71429e-05
0.000517341 5.91385e-05
0.000517425 6.11526e-05
0.00051751 6.31839e-05
0.000517595 6.52322e-05
0.000517679 6.72977e-05
0.000517764 6.9382e-05
0.000517849 7.14869e-05
0.000517933 7.36154e-05
0.000518018 7.57704e-05
0.000518103 7.79545e-05
0.000518187 8.01697e-05
0.000518272 8.24169e-05
0.000518357 8.46955e-05
0.000518441 8.70033e-05
0.000518526 8.93366e-05
0.000518611 9.16905e-05
0.000518695 9.40589e-05
0.00051878 9.64349e-05
0.000518865 9.88113e-05
0.000518949 0.000101181
0.000519034 0.000103537
0.000519119 0.000105872
0.000519203 0.000108179
0.000519288 0.000110454
0.000519373 0.00011269
0.000519457 0.000114883
0.000519542 0.000117031
0.000519627 0.000119131
0.000519711 0.000121185
0.000519796 0.000123194
0.000519881 0.000125164
0.000519965 0.000127101
0.00052005 0.000129013
0.000520135 0.000130912
0.000520219 0.00013281
0.000520304 0.000134719
0.000520389 0.000136653
0.000520473 0.000138625
0.000520558 0.000140649
0.000520643 0.000142735
0.000520727 0.000144894
0.000520812 0.000147136
0.000520897 0.000149466
0.000520981 0.000151891
0.000521066 0.000154411
0.000521151 0.000157027
0.000521235 0.000159734
0.00052132 0.000162526
0.000521405 0.000165395
0.000521489 0.000168329
0.000521574 0.000171317
0.000521659 0.000174344
0.000521743 0.000177398
0.000521828 0.000180466
0.000521913 0.000183537
0.000521997 0.000186602
0.000522082 0.000189654
0.000522167 0.00019269
0.000522251 0.000195708
0.000522336 0.000198708
0.000522421 0.000201694
0.000522505 0.000204669
0.00052259 0.000207639
0.000522675 0.000210607
0.000522759 0.000213579
0.000522844 0.000216559
0.000522929 0.000219548
0.000523013 0.000222546
0.000523098 0.000225553
0.000523183 0.000228564
0.000523268 0.000231573
0.000523352 0.000234573
0.000523437 0.000237558
0.000523522 0.00024052
0.000523606 0.000243452
0.000523691 0.000246349
0.000523776 0.000249209
0.00052386 0.000252032
0.000523945 0.000254822
0.00052403 0.000257585
0.000524114 0.000260329
0.000524199 0.000263065
0.000524284 0.000265805
0.000524368 0.00026856
0.000524453 0.000271342
0.000524538 0.000274161
0.000524622 0.000277025
0.000524707 0.000279938
0.000524792 0.000282904
0.000524876 0.000285923
0.000524961 0.000288992
0.000525046 0.000292105
0.00052513 0.000295256
0.000525215 0.000298436
0.0005253 0.000301636
0.000525384 0.000304847
0.000525469 0.00030806
0.000525554 0.000311268
0.000525638 0.000314465
0.000525723 0.000317647
0.000525808 0.000320812
0.000525892 0.00032396
0.000525977 0.000327091
0.000526062 0.000330208
0.000526146 0.000333312
0.000526231 0.000336406
0.000526316 0.00033949
0.0005264 0.000342564
0.000526485 0.000345625
0.00052657 0.000348671
0.000526654 0.000351695
0.000526739 0.000354692
0.000526824 0.000357658
0.000526908 0.000360585
0.000526993 0.00036347
0.000527078 0.000366312
0.000527162 0.00036911
0.000527247 0.000371866
0.000527332 0.000374586
0.000527416 0.000377276
0.000527501 0.000379945
0.000527586 0.000382604
0.00052767 0.00038526
0.000527755 0.000387924
0.00052784 0.000390603
0.000527924 0.000393303
0.000528009 0.000396029
0.000528094 0.000398782
0.000528178 0.00040156
0.000528263 0.00040436
0.000528348 0.000407176
0.000528432 0.000410003
0.000528517 0.000412831
0.000528602 0.000415654
0.000528686 0.000418465
0.000528771 0.00042126
0.000528856 0.000424035
0.00052894 0.000426791
0.000529025 0.000429531
0.00052911 0.000432263
0.000529194 0.000434994
0.000529279 0.000437736
0.000529364 0.0004405
0.000529448 0.0004433
0.000529533 0.000446146
0.000529618 0.000449048
0.000529702 0.000452014
0.000529787 0.000455046
0.000529872 0.000458147
0.000529956 0.000461312
0.000530041 0.000464534
0.000530126 0.000467804
0.00053021 0.00047111
0.000530295 0.000474439
0.00053038 0.000477777
0.000530464 0.00048111
0.000530549 0.000484426
0.000530634 0.000487714
0.000530718 0.000490966
0.000530803 0.000494176
0.000530888 0.000497343
0.000530972 0.000500466
0.000531057 0.000503547
0.000531142 0.000506591
0.000531226 0.000509604
0.000531311 0.000512591
0.000531396 0.000515558
0.00053148 0.000518509
0.000531565 0.000521449
0.00053165 0.000524377
0.000531734 0.000527293
0.000531819 0.000530195
0.000531904 0.000533078
0.000531988 0.000535939
0.000532073 0.000538771
0.000532158 0.00054157
0.000532242 0.000544331
0.000532327 0.000547053
0.000532412 0.000549733
0.000532496 0.000552371
0.000532581 0.000554969
0.000532666 0.000557529
0.00053275 0.000560055
0.000532835 0.00056255
0.00053292 0.00056502
0.000533004 0.000567467
0.000533089 0.000569896
0.000533174 0.000572312
0.000533258 0.000574717
0.000533343 0.000577115
0.000533428 0.000579506
0.000533512 0.000581891
0.000533597 0.00058427
0.000533682 0.000586641
0.000533766 0.000589
0.000533851 0.000591344
0.000533936 0.000593668
0.00053402 0.000595968
0.000534105 0.00059824
0.00053419 0.000600483
0.000534274 0.000602695
0.000534359 0.000604879
0.000534444 0.000607037
0.000534528 0.000609176
0.000534613 0.000611302
0.000534698 0.000613425
0.000534782 0.000615552
0.000534867 0.000617691
0.000534952 0.000619849
0.000535036 0.000622033
0.000535121 0.000624246
0.000535206 0.00062649
0.00053529 0.000628766
0.000535375 0.000631075
0.00053546 0.000633414
0.000535544 0.000635781
0.000535629 0.000638175
0.000535714 0.000640592
0.000535798 0.000643031
0.000535883 0.000645489
0.000535968 0.000647966
0.000536052 0.00065046
0.000536137 0.000652971
0.000536222 0.000655501
0.000536306 0.000658049
0.000536391 0.000660618
0.000536476 0.00066321
0.00053656 0.000665826
0.000536645 0.00066847
0.00053673 0.000671141
0.000536814 0.000673843
0.000536899 0.000676574
0.000536984 0.000679335
0.000537068 0.000682124
0.000537153 0.000684939
0.000537238 0.000687778
0.000537322 0.000690637
0.000537407 0.000693513
0.000537492 0.000696404
0.000537576 0.000699308
0.000537661 0.000702222
0.000537746 0.000705147
0.00053783 0.00070808
0.000537915 0.000711023
0.000538 0.000713976
0.000538084 0.000716938
0.000538169 0.000719912
0.000538254 0.000722896
0.000538338 0.000725889
0.000538423 0.000728891
0.000538508 0.000731898
0.000538592 0.000734905
0.000538677 0.000737908
0.000538762 0.000740899
0.000538846 0.000743869
0.000538931 0.000746811
0.000539016 0.000749716
0.0005391 0.000752574
0.000539185 0.000755379
0.00053927 0.000758125
0.000539355 0.000760807
0.000539439 0.000763426
0.000539524 0.000765982
0.000539609 0.000768481
0.000539693 0.000770928
0.000539778 0.000773335
0.000539863 0.000775712
0.000539947 0.000778071
0.000540032 0.000780426
0.000540117 0.00078279
0.000540201 0.000785176
0.000540286 0.000787595
0.000540371 0.000790056
0.000540455 0.000792568
0.00054054 0.000795136
0.000540625 0.000797765
0.000540709 0.000800455
0.000540794 0.000803207
0.000540879 0.000806018
0.000540963 0.000808885
0.000541048 0.000811803
0.000541133 0.000814768
0.000541217 0.000817772
0.000541302 0.00082081
0.000541387 0.000823875
0.000541471 0.000826962
0.000541556 0.000830062
0.000541641 0.000833172
0.000541725 0.000836284
0.00054181 0.000839395
0.000541895 0.000842498
0.000541979 0.000845589
0.000542064 0.000848665
0.000542149 0.000851722
0.000542233 0.000854758
0.000542318 0.00085777
0.000542403 0.000860756
0.000542487 0.000863715
0.000542572 0.000866645
0.000542657 0.000869543
0.000542741 0.000872408
0.000542826 0.000875235
0.000542911 0.000878023
0.000542995 0.000880768
0.00054308 0.000883466
0.000543165 0.000886115
0.000543249 0.000888711
0.000543334 0.000891252
0.000543419 0.000893738
0.000543503 0.000896167
0.000543588 0.000898539
0.000543673 0.000900857
0.000543757 0.000903123
0.000543842 0.00090534
0.000543927 0.000907512
0.000544011 0.000909645
0.000544096 0.000911743
0.000544181 0.000913812
0.000544265 0.000915858
0.00054435 0.000917887
0.000544435 0.000919902
0.000544519 0.000921909
0.000544604 0.00092391
0.000544689 0.000925908
0.000544773 0.000927904
0.000544858 0.000929899
0.000544942 0.000931893
0.000545027 0.000933886
0.000545112 0.000935878
0.000545196 0.000937869
0.000545281 0.000939861
0.000545366 0.000941855
0.00054545 0.000943853
0.000545535 0.000945858
0.00054562 0.000947873
0.000545704 0.0009499
0.000545789 0.000951943
0.000545874 0.000954002
0.000545958 0.000956079
0.000546043 0.000958175
0.000546128 0.00096029
0.000546212 0.000962423
0.000546297 0.000964575
0.000546382 0.000966744
0.000546466 0.000968929
0.000546551 0.000971129
0.000546636 0.000973343
0.00054672 0.00097557
0.000546805 0.00097781
0.00054689 0.000980059
0.000546974 0.000982319
0.000547059 0.000984586
0.000547144 0.000986861
0.000547228 0.000989142
0.000547313 0.000991428
0.000547398 0.000993722
0.000547482 0.000996022
0.000547567 0.000998329
0.000547652 0.00100064
0.000547736 0.00100297
0.000547821 0.0010053
0.000547906 0.00100764
0.00054799 0.00100998
0.000548075 0.00101233
0.00054816 0.00101467
0.000548244 0.00101702
0.000548329 0.00101937
0.000548414 0.00102171
0.000548498 0.00102404
0.000548583 0.00102638
0.000548668 0.00102872
0.000548752 0.00103106
0.000548837 0.00103342
0.000548922 0.0010358
0.000549006 0.0010382
0.000549091 0.00104063
0.000549176 0.00104311
0.00054926 0.00104564
0.000549345 0.00104822
0.00054943 0.00105085
0.000549514 0.00105355
0.000549599 0.0010563
0.000549684 0.00105912
0.000549768 0.00106198
0.000549853 0.00106488
0.000549938 0.00106782
0.000550022 0.00107079
0.000550107 0.00107376
0.000550192 0.00107672
0.000550276 0.00107967
0.000550361 0.00108258
0.000550446 0.00108544
0.00055053 0.00108825
0.000550615 0.00109099
0.0005507 0.00109366
0.000550784 0.00109626
0.000550869 0.00109879
0.000550954 0.00110124
0.000551038 0.00110363
0.000551123 0.00110596
0.000551208 0.00110824
0.000551292 0.00111048
0.000551377 0.00111269
0.000551462 0.00111486
0.000551546 0.00111702
0.000551631 0.00111917
0.000551716 0.0011213
0.0005518 0.00112343
0.000551885 0.00112555
0.00055197 0.00112766
0.000552054 0.00112976
0.000552139 0.00113184
0.000552224 0.00113389
0.000552308 0.00113591
0.000552393 0.0011379
0.000552478 0.00113984
0.000552562 0.00114174
0.000552647 0.00114359
0.000552732 0.00114539
0.000552816 0.00114714
0.000552901 0.00114884
0.000552986 0.00115049
0.00055307 0.00115209
0.000553155 0.00115365
0.00055324 0.00115515
0.000553324 0.00115661
0.000553409 0.00115801
0.000553494 0.00115936
0.000553578 0.00116065
0.000553663 0.00116188
0.000553748 0.00116304
0.000553832 0.00116414
0.000553917 0.00116517
0.000554002 0.00116613
0.000554086 0.00116702
0.000554171 0.00116784
0.000554256 0.00116858
0.00055434 0.00116927
0.000554425 0.00116988
0.00055451 0.00117044
0.000554594 0.00117095
0.000554679 0.0011714
0.000554764 0.0011718
0.000554848 0.00117216
0.000554933 0.00117248
0.000555018 0.00117275
0.000555102 0.00117298
0.000555187 0.00117318
0.000555272 0.00117332
0.000555356 0.00117343
0.000555441 0.00117348
0.000555526 0.00117347
0.00055561 0.00117341
0.000555695 0.00117329
0.00055578 0.0011731
0.000555864 0.00117285
0.000555949 0.00117253
0.000556034 0.00117217
0.000556118 0.00117175
0.000556203 0.00117129
0.000556288 0.0011708
0.000556372 0.0011703
0.000556457 0.0011698
0.000556542 0.00116931
0.000556626 0.00116885
0.000556711 0.00116843
0.000556796 0.00116807
0.00055688 0.00116776
0.000556965 0.00116753
0.000557049 0.00116737
0.000557134 0.00116728
0.000557219 0.00116727
0.000557303 0.00116733
0.000557388 0.00116746
0.000557473 0.00116765
0.000557557 0.0011679
0.000557642 0.00116819
0.000557727 0.00116853
0.000557811 0.00116891
0.000557896 0.00116931
0.000557981 0.00116972
0.000558065 0.00117015
0.00055815 0.00117059
0.000558235 0.00117103
0.000558319 0.00117146
0.000558404 0.00117188
0.000558489 0.00117229
0.000558573 0.00117269
0.000558658 0.00117307
0.000558743 0.00117343
0.000558827 0.00117378
0.000558912 0.0011741
0.000558997 0.00117441
0.000559081 0.0011747
0.000559166 0.00117497
0.000559251 0.00117523
0.000559335 0.00117547
0.00055942 0.00117569
0.000559505 0.00117591
0.000559589 0.00117612
0.000559674 0.00117633
0.000559759 0.00117654
0.000559843 0.00117676
0.000559928 0.00117698
0.000560013 0.0011772
0.000560097 0.00117744
0.000560182 0.00117768
0.000560267 0.00117793
0.000560351 0.00117819
0.000560436 0.00117846
0.000560521 0.00117872
0.000560605 0.00117899
0.00056069 0.00117925
0.000560775 0.00117951
0.000560859 0.00117976
0.000560944 0.00118
0.000561029 0.00118023
0.000561113 0.00118045
0.000561198 0.00118066
0.000561283 0.00118086
0.000561367 0.00118106
0.000561452 0.00118125
0.000561537 0.00118145
0.000561621 0.00118166
0.000561706 0.00118188
0.000561791 0.00118212
0.000561875 0.00118239
0.00056196 0.00118269
0.000562045 0.00118302
0.000562129 0.00118338
0.000562214 0.00118377
0.000562299 0.0011842
0.000562383 0.00118465
0.000562468 0.00118514
0.000562553 0.00118565
0.000562637 0.00118618
0.000562722 0.00118673
0.000562807 0.00118731
0.000562891 0.0011879
0.000562976 0.00118852
0.000563061 0.00118914
0.000563145 0.00118978
0.00056323 0.00119043
0.000563315 0.00119107
0.000563399 0.00119172
0.000563484 0.00119237
0.000563569 0.001193
0.000563653 0.00119362
0.000563738 0.00119422
0.000563823 0.00119479
0.000563907 0.00119534
0.000563992 0.00119586
0.000564077 0.00119634
0.000564161 0.00119679
0.000564246 0.00119721
0.000564331 0.00119759
0.000564415 0.00119796
0.0005645 0.0011983
0.000564585 0.00119864
0.000564669 0.00119898
0.000564754 0.00119932
0.000564839 0.00119969
0.000564923 0.00120008
0.000565008 0.00120051
0.000565093 0.00120097
0.000565177 0.00120147
0.000565262 0.00120202
0.000565347 0.00120259
0.000565431 0.0012032
0.000565516 0.00120385
0.000565601 0.00120452
0.000565685 0.00120521
0.00056577 0.00120593
0.000565855 0.00120668
0.000565939 0.00120744
0.000566024 0.00120823
0.000566109 0.00120905
0.000566193 0.00120989
0.000566278 0.00121077
0.000566363 0.00121167
0.000566447 0.0012126
0.000566532 0.00121356
0.000566617 0.00121455
0.000566701 0.00121555
0.000566786 0.00121658
0.000566871 0.00121763
0.000566955 0.00121868
0.00056704 0.00121973
0.000567125 0.00122077
0.000567209 0.0012218
0.000567294 0.00122281
0.000567379 0.00122379
0.000567463 0.00122473
0.000567548 0.00122563
0.000567633 0.0012265
0.000567717 0.00122732
0.000567802 0.0012281
0.000567887 0.00122884
0.000567971 0.00122955
0.000568056 0.00123023
0.000568141 0.0012309
0.000568225 0.00123155
0.00056831 0.0012322
0.000568395 0.00123285
0.000568479 0.0012335
0.000568564 0.00123415
0.000568649 0.00123481
0.000568733 0.00123547
0.000568818 0.00123613
0.000568903 0.00123677
0.000568987 0.00123741
0.000569072 0.00123801
0.000569157 0.00123859
0.000569241 0.00123913
0.000569326 0.00123962
0.000569411 0.00124008
0.000569495 0.00124049
0.00056958 0.00124087
0.000569665 0.00124121
0.000569749 0.00124152
0.000569834 0.00124182
0.000569919 0.00124211
0.000570003 0.00124239
0.000570088 0.00124269
0.000570173 0.001243
0.000570257 0.00124332
0.000570342 0.00124367
0.000570427 0.00124405
0.000570511 0.00124445
0.000570596 0.00124487
0.000570681 0.00124532
0.000570765 0.00124578
0.00057085 0.00124626
0.000570935 0.00124676
0.000571019 0.00124725
0.000571104 0.00124775
0.000571189 0.00124824
0.000571273 0.00124874
0.000571358 0.00124922
0.000571443 0.0012497
0.000571527 0.00125018
0.000571612 0.00125067
0.000571697 0.00125116
0.000571781 0.00125167
0.000571866 0.00125221
0.000571951 0.00125277
0.000572035 0.00125336
0.00057212 0.00125399
0.000572205 0.00125466
0.000572289 0.00125537
0.000572374 0.00125612
0.000572459 0.00125689
0.000572543 0.00125769
0.000572628 0.00125851
0.000572713 0.00125935
0.000572797 0.00126019
0.000572882 0.00126103
0.000572967 0.00126188
0.000573051 0.00126273
0.000573136 0.00126357
0.000573221 0.00126443
0.000573305 0.00126529
0.00057339 0.00126617
0.000573475 0.00126709
0.000573559 0.00126804
0.000573644 0.00126903
0.000573729 0.00127009
0.000573813 0.0012712
0.000573898 0.00127238
0.000573983 0.00127362
0.000574067 0.00127492
0.000574152 0.00127627
0.000574237 0.00127767
0.000574322 0.00127909
0.000574406 0.00128053
0.000574491 0.00128197
0.000574576 0.0012834
0.00057466 0.00128479
0.000574745 0.00128615
0.00057483 0.00128747
0.000574914 0.00128874
0.000574999 0.00128996
0.000575084 0.00129113
0.000575168 0.00129227
0.000575253 0.00129338
0.000575338 0.00129447
0.000575422 0.00129556
0.000575507 0.00129666
0.000575592 0.00129779
0.000575676 0.00129895
0.000575761 0.00130016
0.000575846 0.00130142
0.00057593 0.00130273
0.000576015 0.0013041
0.0005761 0.00130551
0.000576184 0.00130696
0.000576269 0.00130844
0.000576354 0.00130994
0.000576438 0.00131143
0.000576523 0.00131291
0.000576608 0.00131437
0.000576692 0.00131579
0.000576777 0.00131716
0.000576862 0.00131849
0.000576946 0.00131978
0.000577031 0.00132103
0.000577116 0.00132224
0.0005772 0.00132344
0.000577285 0.00132463
0.00057737 0.00132582
0.000577454 0.00132704
0.000577539 0.00132828
0.000577624 0.00132957
0.000577708 0.00133091
0.000577793 0.00133231
0.000577878 0.00133376
0.000577962 0.00133526
0.000578047 0.0013368
0.000578132 0.00133839
0.000578216 0.00134
0.000578301 0.00134163
0.000578386 0.00134326
0.00057847 0.00134488
0.000578555 0.00134649
0.00057864 0.00134808
0.000578724 0.00134964
0.000578809 0.00135117
0.000578894 0.00135268
0.000578978 0.00135417
0.000579063 0.00135565
0.000579148 0.00135713
0.000579232 0.00135862
0.000579317 0.00136012
0.000579402 0.00136166
0.000579486 0.00136322
0.000579571 0.00136483
0.000579656 0.00136648
0.00057974 0.00136817
0.000579825 0.00136991
0.00057991 0.00137169
0.000579994 0.00137351
0.000580079 0.00137537
0.000580164 0.00137727
0.000580248 0.00137919
0.000580333 0.00138115
0.000580418 0.00138314
0.000580502 0.00138516
0.000580587 0.00138721
0.000580672 0.00138929
0.000580756 0.0013914
0.000580841 0.00139354
0.000580926 0.00139572
0.00058101 0.00139793
0.000581095 0.00140018
0.00058118 0.00140246
0.000581264 0.00140477
0.000581349 0.0014071
0.000581434 0.00140946
0.000581518 0.00141182
0.000581603 0.00141418
0.000581688 0.00141653
0.000581772 0.00141886
0.000581857 0.00142116
0.000581942 0.00142342
0.000582026 0.00142565
0.000582111 0.00142783
0.000582196 0.00142998
0.00058228 0.00143208
0.000582365 0.00143416
0.00058245 0.0014362
0.000582534 0.00143823
0.000582619 0.00144025
0.000582704 0.00144226
0.000582788 0.00144427
0.000582873 0.00144629
0.000582958 0.00144831
0.000583042 0.00145034
0.000583127 0.00145237
0.000583212 0.00145439
0.000583296 0.00145642
0.000583381 0.00145842
0.000583466 0.00146041
0.00058355 0.00146238
0.000583635 0.0014643
0.00058372 0.00146618
0.000583804 0.00146801
0.000583889 0.00146977
0.000583974 0.00147147
0.000584058 0.0014731
0.000584143 0.00147465
0.000584228 0.00147613
0.000584312 0.00147753
0.000584397 0.00147886
0.000584482 0.00148012
0.000584566 0.00148133
0.000584651 0.00148248
0.000584736 0.0014836
0.00058482 0.0014847
0.000584905 0.00148578
0.00058499 0.00148686
0.000585074 0.00148796
0.000585159 0.00148909
0.000585244 0.00149025
0.000585328 0.00149145
0.000585413 0.0014927
0.000585498 0.001494
0.000585582 0.00149535
0.000585667 0.00149674
0.000585752 0.00149817
0.000585836 0.00149963
0.000585921 0.00150111
0.000586006 0.0015026
0.00058609 0.0015041
0.000586175 0.00150559
0.00058626 0.00150707
0.000586344 0.00150853
0.000586429 0.00150996
0.000586514 0.00151137
0.000586598 0.00151274
0.000586683 0.00151409
0.000586768 0.0015154
0.000586852 0.00151669
0.000586937 0.00151795
0.000587022 0.00151918
0.000587106 0.0015204
0.000587191 0.00152159
0.000587276 0.00152277
0.00058736 0.00152393
0.000587445 0.00152508
0.00058753 0.00152622
0.000587614 0.00152736
0.000587699 0.00152848
0.000587784 0.0015296
0.000587868 0.00153073
0.000587953 0.00153186
0.000588038 0.001533
0.000588122 0.00153415
0.000588207 0.00153533
0.000588292 0.00153654
0.000588376 0.00153779
0.000588461 0.00153908
0.000588546 0.00154042
0.00058863 0.00154181
0.000588715 0.00154325
0.0005888 0.00154474
0.000588884 0.00154628
0.000588969 0.00154786
0.000589054 0.00154948
0.000589138 0.00155112
0.000589223 0.00155278
0.000589308 0.00155444
0.000589392 0.0015561
0.000589477 0.00155774
0.000589562 0.00155936
0.000589646 0.00156095
0.000589731 0.0015625
0.000589816 0.001564
0.0005899 0.00156547
0.000589985 0.00156691
0.00059007 0.00156831
0.000590154 0.00156968
0.000590239 0.00157104
0.000590324 0.00157238
0.000590408 0.00157373
0.000590493 0.00157508
0.000590578 0.00157644
0.000590662 0.00157782
0.000590747 0.00157922
0.000590832 0.00158064
0.000590916 0.00158207
0.000591001 0.00158352
0.000591086 0.00158496
0.00059117 0.0015864
0.000591255 0.00158781
0.00059134 0.00158919
0.000591424 0.00159053
0.000591509 0.00159181
0.000591594 0.00159302
0.000591679 0.00159415
0.000591763 0.0015952
0.000591848 0.00159616
0.000591933 0.00159703
0.000592017 0.00159782
0.000592102 0.00159853
0.000592187 0.00159917
0.000592271 0.00159976
0.000592356 0.00160031
0.000592441 0.00160083
0.000592525 0.00160134
0.00059261 0.00160187
0.000592695 0.00160242
0.000592779 0.00160301
0.000592864 0.00160365
0.000592949 0.00160436
0.000593033 0.00160513
0.000593118 0.00160598
0.000593203 0.00160691
0.000593287 0.0016079
0.000593372 0.00160897
0.000593457 0.0016101
0.000593541 0.00161128
0.000593626 0.00161253
0.000593711 0.00161382
0.000593795 0.00161516
0.00059388 0.00161654
0.000593965 0.00161797
0.000594049 0.00161944
0.000594134 0.00162096
0.000594219 0.00162252
0.000594303 0.00162413
0.000594388 0.00162577
0.000594473 0.00162745
0.000594557 0.00162916
0.000594642 0.0016309
0.000594727 0.00163265
0.000594811 0.0016344
0.000594896 0.00163614
0.000594981 0.00163785
0.000595065 0.00163953
0.00059515 0.00164117
0.000595235 0.00164275
0.000595319 0.00164426
0.000595404 0.00164571
0.000595489 0.0016471
0.000595573 0.00164843
0.000595658 0.00164971
0.000595743 0.00165095
0.000595827 0.00165217
0.000595912 0.0016534
0.000595997 0.00165464
0.000596081 0.00165591
0.000596166 0.00165724
0.000596251 0.00165864
0.000596335 0.00166012
0.00059642 0.00166169
0.000596505 0.00166336
0.000596589 0.00166513
0.000596674 0.00166699
0.000596759 0.00166894
0.000596843 0.00167097
0.000596928 0.00167307
0.000597013 0.00167524
0.000597097 0.00167744
0.000597182 0.00167967
0.000597267 0.00168192
0.000597351 0.00168417
0.000597436 0.0016864
0.000597521 0.00168862
0.000597605 0.00169082
0.00059769 0.001693
0.000597775 0.00169516
0.000597859 0.0016973
0.000597944 0.00169944
0.000598029 0.00170158
0.000598113 0.00170374
0.000598198 0.00170592
0.000598283 0.00170813
0.000598367 0.00171039
0.000598452 0.00171268
0.000598537 0.00171501
0.000598622 0.00171738
0.000598706 0.00171979
0.000598791 0.00172224
0.000598876 0.00172471
0.00059896 0.0017272
0.000599045 0.0017297
0.00059913 0.00173222
0.000599214 0.00173474
0.000599299 0.00173725
0.000599384 0.00173977
0.000599468 0.00174228
0.000599553 0.00174479
0.000599638 0.00174729
0.000599722 0.00174979
0.000599807 0.00175228
0.000599892 0.00175479
0.000599976 0.00175729
0.000600061 0.0017598
0.000600146 0.00176232
0.00060023 0.00176484
0.000600315 0.00176737
0.0006004 0.00176989
0.000600484 0.0017724
0.000600569 0.0017749
0.000600654 0.00177738
0.000600738 0.00177985
0.000600823 0.0017823
0.000600908 0.00178473
0.000600992 0.00178715
0.000601077 0.00178956
0.000601162 0.00179198
0.000601246 0.0017944
0.000601331 0.00179684
0.000601416 0.0017993
0.0006015 0.0018018
0.000601585 0.00180435
0.00060167 0.00180694
0.000601754 0.00180958
0.000601839 0.00181228
0.000601924 0.00181504
0.000602008 0.00181784
0.000602093 0.00182069
0.000602178 0.00182357
0.000602262 0.00182648
0.000602347 0.00182939
0.000602432 0.00183229
0.000602516 0.00183518
0.000602601 0.00183803
0.000602686 0.00184083
0.00060277 0.00184358
0.000602855 0.00184627
0.00060294 0.0018489
0.000603024 0.00185147
0.000603109 0.00185397
0.000603194 0.00185643
0.000603278 0.00185884
0.000603363 0.00186121
0.000603448 0.00186355
0.000603532 0.00186587
0.000603617 0.00186818
0.000603702 0.00187048
0.000603786 0.00187277
0.000603871 0.00187508
0.000603956 0.00187739
0.00060404 0.00187972
0.000604125 0.00188207
0.00060421 0.00188444
0.000604294 0.00188684
0.000604379 0.00188926
0.000604464 0.00189169
0.000604548 0.00189415
0.000604633 0.00189662
0.000604718 0.00189911
0.000604802 0.00190161
0.000604887 0.00190412
0.000604972 0.00190664
0.000605056 0.00190918
0.000605141 0.00191173
0.000605226 0.0019143
0.00060531 0.0019169
0.000605395 0.00191952
0.00060548 0.00192217
0.000605565 0.00192485
0.000605649 0.00192757
0.000605734 0.00193031
0.000605819 0.00193308
0.000605903 0.00193588
0.000605988 0.0019387
0.000606073 0.00194154
0.000606157 0.00194439
0.000606242 0.00194726
0.000606327 0.00195013
0.000606411 0.001953
0.000606496 0.00195588
0.000606581 0.00195874
0.000606665 0.00196159
0.00060675 0.00196443
0.000606835 0.00196725
0.000606919 0.00197004
0.000607004 0.00197281
0.000607089 0.00197555
0.000607173 0.00197826
0.000607258 0.00198094
0.000607343 0.00198358
0.000607427 0.0019862
0.000607512 0.00198877
0.000607597 0.00199131
0.000607681 0.0019938
0.000607766 0.00199624
0.000607851 0.00199862
0.000607935 0.00200094
0.00060802 0.0020032
0.000608105 0.00200539
0.000608189 0.00200752
0.000608274 0.00200957
0.000608359 0.00201156
0.000608443 0.00201348
0.000608528 0.00201535
0.000608613 0.00201717
0.000608697 0.00201895
0.000608782 0.0020207
0.000608867 0.00202242
0.000608951 0.00202414
0.000609036 0.00202585
0.000609121 0.00202757
0.000609205 0.00202929
0.00060929 0.00203103
0.000609375 0.00203279
0.000609459 0.00203456
0.000609544 0.00203634
0.000609629 0.00203814
0.000609713 0.00203994
0.000609798 0.00204175
0.000609883 0.00204355
0.000609967 0.00204535
0.000610052 0.00204713
0.000610137 0.00204891
0.000610221 0.00205067
0.000610306 0.00205243
0.000610391 0.00205417
0.000610475 0.00205591
0.00061056 0.00205765
0.000610645 0.0020594
0.000610729 0.00206116
0.000610814 0.00206295
0.000610899 0.00206477
0.000610983 0.00206662
0.000611068 0.00206852
0.000611153 0.00207045
0.000611237 0.00207244
0.000611322 0.00207447
0.000611407 0.00207654
0.000611491 0.00207864
0.000611576 0.00208077
0.000611661 0.00208292
0.000611745 0.00208509
0.00061183 0.00208725
0.000611915 0.00208941
0.000611999 0.00209156
0.000612084 0.0020937
0.000612169 0.00209582
0.000612254 0.00209792
0.000612338 0.00210001
0.000612423 0.00210209
0.000612508 0.00210417
0.000612592 0.00210626
0.000612677 0.00210837
0.000612762 0.0021105
0.000612846 0.00211266
0.000612931 0.00211487
0.000613016 0.00211714
0.0006131 0.00211946
0.000613185 0.00212184
0.00061327 0.00212428
0.000613354 0.00212678
0.000613439 0.00212934
0.000613524 0.00213194
0.000613608 0.00213458
0.000613693 0.00213726
0.000613778 0.00213995
0.000613862 0.00214265
0.000613947 0.00214535
0.000614032 0.00214804
0.000614116 0.00215073
0.000614201 0.0021534
0.000614286 0.00215605
0.00061437 0.00215869
0.000614455 0.00216132
0.00061454 0.00216395
0.000614624 0.00216657
0.000614709 0.00216921
0.000614794 0.00217186
0.000614878 0.00217453
0.000614963 0.00217723
0.000615048 0.00217996
0.000615132 0.00218272
0.000615217 0.00218551
0.000615302 0.00218833
0.000615386 0.00219117
0.000615471 0.00219402
0.000615556 0.00219688
0.00061564 0.00219972
0.000615725 0.00220254
0.00061581 0.00220533
0.000615894 0.00220808
0.000615979 0.00221079
0.000616064 0.00221346
0.000616148 0.00221608
0.000616233 0.00221867
0.000616318 0.00222123
0.000616402 0.00222377
0.000616487 0.0022263
0.000616572 0.00222881
0.000616656 0.00223134
0.000616741 0.00223387
0.000616826 0.00223643
0.00061691 0.002239
0.000616995 0.00224161
0.00061708 0.00224423
0.000617164 0.00224688
0.000617249 0.00224955
0.000617334 0.00225223
0.000617418 0.00225491
0.000617503 0.00225758
0.000617588 0.00226024
0.000617672 0.00226286
0.000617757 0.00226544
0.000617842 0.00226798
0.000617926 0.00227047
0.000618011 0.0022729
0.000618096 0.00227528
0.00061818 0.00227761
0.000618265 0.0022799
0.00061835 0.00228217
0.000618434 0.00228441
0.000618519 0.00228664
0.000618604 0.00228888
0.000618688 0.00229113
0.000618773 0.00229339
0.000618858 0.00229568
0.000618942 0.002298
0.000619027 0.00230035
0.000619112 0.00230273
0.000619197 0.00230514
0.000619281 0.00230757
0.000619366 0.00231003
0.000619451 0.00231251
0.000619535 0.00231501
0.00061962 0.00231751
0.000619705 0.00232001
0.000619789 0.00232252
0.000619874 0.00232501
0.000619959 0.00232749
0.000620043 0.00232995
0.000620128 0.00233238
0.000620213 0.00233479
0.000620297 0.00233715
0.000620382 0.00233948
0.000620467 0.00234176
0.000620551 0.00234399
0.000620636 0.00234616
0.000620721 0.00234828
0.000620805 0.00235033
0.00062089 0.00235232
0.000620975 0.00235425
0.000621059 0.00235611
0.000621144 0.00235791
0.000621229 0.00235966
0.000621313 0.00236136
0.000621398 0.00236303
0.000621483 0.00236468
0.000621567 0.00236632
0.000621652 0.00236799
0.000621737 0.00236968
0.000621821 0.00237143
0.000621906 0.00237324
0.000621991 0.00237514
0.000622075 0.00237712
0.00062216 0.00237921
0.000622245 0.0023814
0.000622329 0.00238369
0.000622414 0.00238608
0.000622499 0.00238854
0.000622583 0.00239108
0.000622668 0.00239367
0.000622753 0.00239629
0.000622837 0.00239893
0.000622922 0.00240158
0.000623007 0.00240421
0.000623091 0.00240682
0.000623176 0.0024094
0.000623261 0.00241194
0.000623345 0.00241446
0.00062343 0.00241695
0.000623515 0.00241943
0.000623599 0.00242191
0.000623684 0.00242441
0.000623769 0.00242694
0.000623853 0.00242953
0.000623938 0.00243219
0.000624023 0.00243494
0.000624107 0.00243778
0.000624192 0.00244074
0.000624277 0.0024438
0.000624361 0.00244697
0.000624446 0.00245024
0.000624531 0.0024536
0.000624615 0.00245703
0.0006247 0.00246053
0.000624785 0.00246406
0.000624869 0.00246763
0.000624954 0.0024712
0.000625039 0.00247477
0.000625123 0.00247833
0.000625208 0.00248187
0.000625293 0.00248538
0.000625377 0.00248887
0.000625462 0.00249232
0.000625547 0.00249576
0.000625631 0.00249917
0.000625716 0.00250258
0.000625801 0.00250598
0.000625886 0.00250939
0.00062597 0.00251282
0.000626055 0.00251627
0.00062614 0.00251975
0.000626224 0.00252325
0.000626309 0.00252678
0.000626394 0.00253034
0.000626478 0.00253391
0.000626563 0.00253749
0.000626648 0.00254108
0.000626732 0.00254467
0.000626817 0.00254824
0.000626902 0.00255181
0.000626986 0.00255536
0.000627071 0.0025589
0.000627156 0.00256243
0.00062724 0.00256594
0.000627325 0.00256944
0.00062741 0.00257293
0.000627494 0.00257641
0.000627579 0.00257988
0.000627664 0.00258334
0.000627748 0.00258679
0.000627833 0.00259022
0.000627918 0.00259364
0.000628002 0.00259704
0.000628087 0.00260041
0.000628172 0.00260374
0.000628256 0.00260703
0.000628341 0.00261026
0.000628426 0.00261343
0.00062851 0.00261652
0.000628595 0.00261954
0.00062868 0.00262247
0.000628764 0.00262531
0.000628849 0.00262807
0.000628934 0.00263074
0.000629018 0.00263335
0.000629103 0.0026359
0.000629188 0.00263841
0.000629272 0.00264088
0.000629357 0.00264334
0.000629442 0.00264579
0.000629526 0.00264824
0.000629611 0.00265071
0.000629696 0.0026532
0.00062978 0.0026557
0.000629865 0.00265821
0.00062995 0.00266074
0.000630034 0.00266328
0.000630119 0.00266581
0.000630204 0.00266834
0.000630288 0.00267084
0.000630373 0.00267333
0.000630458 0.00267577
0.000630542 0.00267818
0.000630627 0.00268055
0.000630712 0.00268287
0.000630796 0.00268514
0.000630881 0.00268736
0.000630966 0.00268956
0.00063105 0.00269172
0.000631135 0.00269386
0.00063122 0.002696
0.000631304 0.00269814
0.000631389 0.00270029
0.000631474 0.00270247
0.000631558 0.00270467
0.000631643 0.00270691
0.000631728 0.00270918
0.000631812 0.00271149
0.000631897 0.00271383
0.000631982 0.0027162
0.000632066 0.00271859
0.000632151 0.00272101
0.000632236 0.00272344
0.00063232 0.00272587
0.000632405 0.00272831
0.00063249 0.00273074
0.000632574 0.00273317
0.000632659 0.00273558
0.000632744 0.00273798
0.000632829 0.00274038
0.000632913 0.00274276
0.000632998 0.00274514
0.000633083 0.00274753
0.000633167 0.00274992
0.000633252 0.00275231
0.000633337 0.00275472
0.000633421 0.00275715
0.000633506 0.00275959
0.000633591 0.00276204
0.000633675 0.0027645
0.00063376 0.00276696
0.000633845 0.00276943
0.000633929 0.0027719
0.000634014 0.00277436
0.000634099 0.00277681
0.000634183 0.00277925
0.000634268 0.00278168
0.000634353 0.0027841
0.000634437 0.00278651
0.000634522 0.00278893
0.000634607 0.00279134
0.000634691 0.00279377
0.000634776 0.00279621
0.000634861 0.00279868
0.000634945 0.00280117
0.00063503 0.00280369
0.000635115 0.00280625
0.000635199 0.00280885
0.000635284 0.00281149
0.000635369 0.00281416
0.000635453 0.00281687
0.000635538 0.0028196
0.000635623 0.00282236
0.000635707 0.00282514
0.000635792 0.00282792
0.000635877 0.00283072
0.000635961 0.00283351
0.000636046 0.00283631
0.000636131 0.0028391
0.000636215 0.0028419
0.0006363 0.0028447
0.000636385 0.0028475
0.000636469 0.00285031
0.000636554 0.00285313
0.000636639 0.00285598
0.000636723 0.00285886
0.000636808 0.00286177
0.000636893 0.00286472
0.000636977 0.00286771
0.000637062 0.00287074
0.000637147 0.00287382
0.000637231 0.00287694
0.000637316 0.0028801
0.000637401 0.00288328
0.000637485 0.00288648
0.00063757 0.00288969
0.000637655 0.00289288
0.000637739 0.00289606
0.000637824 0.0028992
0.000637909 0.00290231
0.000637993 0.00290536
0.000638078 0.00290837
0.000638163 0.00291131
0.000638247 0.00291421
0.000638332 0.00291707
0.000638417 0.00291988
0.000638501 0.00292267
0.000638586 0.00292544
0.000638671 0.00292822
0.000638755 0.00293101
0.00063884 0.00293382
0.000638925 0.00293668
0.000639009 0.00293958
0.000639094 0.00294254
0.000639179 0.00294557
0.000639263 0.00294865
0.000639348 0.0029518
0.000639433 0.002955
0.000639517 0.00295825
0.000639602 0.00296153
0.000639687 0.00296485
0.000639772 0.00296818
0.000639856 0.00297154
0.000639941 0.0029749
0.000640026 0.00297827
0.00064011 0.00298164
0.000640195 0.00298503
0.00064028 0.00298843
0.000640364 0.00299184
0.000640449 0.00299529
0.000640534 0.00299878
0.000640618 0.00300231
0.000640703 0.00300589
0.000640788 0.00300954
0.000640872 0.00301325
0.000640957 0.00301704
0.000641042 0.0030209
0.000641126 0.00302484
0.000641211 0.00302884
0.000641296 0.00303291
0.00064138 0.00303704
0.000641465 0.00304122
0.00064155 0.00304543
0.000641634 0.00304968
0.000641719 0.00305394
0.000641804 0.00305821
0.000641888 0.00306248
0.000641973 0.00306674
0.000642058 0.00307099
0.000642142 0.00307521
0.000642227 0.00307942
0.000642312 0.00308359
0.000642396 0.00308774
0.000642481 0.00309186
0.000642566 0.00309594
0.00064265 0.00309999
0.000642735 0.00310401
0.00064282 0.00310799
0.000642904 0.00311193
0.000642989 0.00311583
0.000643074 0.0031197
0.000643158 0.00312353
0.000643243 0.00312732
0.000643328 0.00313109
0.000643412 0.00313482
0.000643497 0.00313852
0.000643582 0.0031422
0.000643666 0.00314585
0.000643751 0.00314948
0.000643836 0.00315308
0.00064392 0.00315667
0.000644005 0.00316023
0.00064409 0.00316377
0.000644174 0.0031673
0.000644259 0.0031708
0.000644344 0.00317429
0.000644428 0.00317777
0.000644513 0.00318124
0.000644598 0.00318469
0.000644682 0.00318814
0.000644767 0.00319158
0.000644852 0.00319501
0.000644936 0.00319842
0.000645021 0.00320183
0.000645106 0.00320522
0.00064519 0.00320859
0.000645275 0.00321195
0.00064536 0.00321529
0.000645444 0.00321862
0.000645529 0.00322194
0.000645614 0.00322526
0.000645698 0.00322857
0.000645783 0.00323189
0.000645868 0.00323523
0.000645952 0.00323858
0.000646037 0.00324196
0.000646122 0.00324537
0.000646206 0.00324881
0.000646291 0.00325228
0.000646376 0.00325579
0.000646461 0.00325933
0.000646545 0.00326289
0.00064663 0.00326648
0.000646715 0.00327007
0.000646799 0.00327367
0.000646884 0.00327726
0.000646969 0.00328084
0.000647053 0.00328439
0.000647138 0.0032879
0.000647223 0.00329137
0.000647307 0.00329481
0.000647392 0.0032982
0.000647477 0.00330155
0.000647561 0.00330486
0.000647646 0.00330815
0.000647731 0.00331142
0.000647815 0.00331468
0.0006479 0.00331794
0.000647985 0.00332122
0.000648069 0.00332451
0.000648154 0.00332782
0.000648239 0.00333116
0.000648323 0.00333453
0.000648408 0.00333793
0.000648493 0.00334136
0.000648577 0.00334482
0.000648662 0.0033483
0.000648747 0.0033518
0.000648831 0.00335531
0.000648916 0.00335884
0.000649001 0.00336236
0.000649085 0.00336588
0.00064917 0.0033694
0.000649255 0.00337291
0.000649339 0.0033764
0.000649424 0.00337987
0.000649509 0.00338333
0.000649593 0.00338678
0.000649678 0.00339021
0.000649763 0.00339363
0.000649847 0.00339704
0.000649932 0.00340045
0.000650017 0.00340386
0.000650101 0.00340727
0.000650186 0.00341069
0.000650271 0.00341411
0.000650355 0.00341754
0.00065044 0.00342098
0.000650525 0.00342441
0.000650609 0.00342785
0.000650694 0.00343129
0.000650779 0.00343472
0.000650863 0.00343815
0.000650948 0.00344156
0.000651033 0.00344494
0.000651117 0.0034483
0.000651202 0.00345163
0.000651287 0.00345492
0.000651371 0.00345815
0.000651456 0.00346134
0.000651541 0.00346446
0.000651625 0.00346753
0.00065171 0.00347052
0.000651795 0.00347345
0.000651879 0.00347632
0.000651964 0.00347912
0.000652049 0.00348186
0.000652133 0.00348455
0.000652218 0.00348719
0.000652303 0.0034898
0.000652387 0.00349237
0.000652472 0.00349491
0.000652557 0.00349745
0.000652641 0.00349997
0.000652726 0.00350248
0.000652811 0.00350501
0.000652895 0.00350754
0.00065298 0.00351009
0.000653065 0.00351265
0.000653149 0.00351524
0.000653234 0.00351785
0.000653319 0.00352048
0.000653404 0.00352314
0.000653488 0.00352582
0.000653573 0.00352853
0.000653658 0.00353125
0.000653742 0.003534
0.000653827 0.00353677
0.000653912 0.00353957
0.000653996 0.00354239
0.000654081 0.00354524
0.000654166 0.00354811
0.00065425 0.00355101
0.000654335 0.00355395
0.00065442 0.00355691
0.000654504 0.00355989
0.000654589 0.00356289
0.000654674 0.0035659
0.000654758 0.00356892
0.000654843 0.00357194
0.000654928 0.00357494
0.000655012 0.00357793
0.000655097 0.00358089
0.000655182 0.00358381
0.000655266 0.0035867
0.000655351 0.00358955
0.000655436 0.00359237
0.00065552 0.00359516
0.000655605 0.00359792
0.00065569 0.00360066
0.000655774 0.0036034
0.000655859 0.00360614
0.000655944 0.00360888
0.000656028 0.00361164
0.000656113 0.00361443
0.000656198 0.00361723
0.000656282 0.00362007
0.000656367 0.00362292
0.000656452 0.00362579
0.000656536 0.00362868
0.000656621 0.00363156
0.000656706 0.00363444
0.00065679 0.00363729
0.000656875 0.00364013
0.00065696 0.00364292
0.000657044 0.00364568
0.000657129 0.0036484
0.000657214 0.00365107
0.000657298 0.00365371
0.000657383 0.00365632
0.000657468 0.00365891
0.000657552 0.00366149
0.000657637 0.00366407
0.000657722 0.00366668
0.000657806 0.00366931
0.000657891 0.00367198
0.000657976 0.00367469
0.00065806 0.00367745
0.000658145 0.00368026
0.00065823 0.00368311
0.000658314 0.00368598
0.000658399 0.00368887
0.000658484 0.00369176
0.000658568 0.00369463
0.000658653 0.00369746
0.000658738 0.00370023
0.000658822 0.00370294
0.000658907 0.00370556
0.000658992 0.00370809
0.000659076 0.00371053
0.000659161 0.00371288
0.000659246 0.00371515
0.00065933 0.00371734
0.000659415 0.00371946
0.0006595 0.00372152
0.000659584 0.00372354
0.000659669 0.00372552
0.000659754 0.00372747
0.000659838 0.0037294
0.000659923 0.00373131
0.000660008 0.00373321
0.000660093 0.00373508
0.000660177 0.00373692
0.000660262 0.00373873
0.000660347 0.0037405
0.000660431 0.00374222
0.000660516 0.00374388
0.000660601 0.00374548
0.000660685 0.00374701
0.00066077 0.00374846
0.000660855 0.00374985
0.000660939 0.00375118
0.000661024 0.00375245
0.000661109 0.00375367
0.000661193 0.00375487
0.000661278 0.00375605
0.000661363 0.00375723
0.000661447 0.00375843
0.000661532 0.00375966
0.000661617 0.00376094
0.000661701 0.00376228
0.000661786 0.00376368
0.000661871 0.00376514
0.000661955 0.00376667
0.00066204 0.00376827
0.000662125 0.00376992
0.000662209 0.00377162
0.000662294 0.00377336
0.000662379 0.00377513
0.000662463 0.00377692
0.000662548 0.00377874
0.000662633 0.00378056
0.000662717 0.0037824
0.000662802 0.00378424
0.000662887 0.00378609
0.000662971 0.00378795
0.000663056 0.00378983
0.000663141 0.00379172
0.000663225 0.00379363
0.00066331 0.00379557
0.000663395 0.00379753
0.000663479 0.00379951
0.000663564 0.0038015
0.000663649 0.0038035
0.000663733 0.00380548
0.000663818 0.00380745
0.000663903 0.00380938
0.000663987 0.00381125
0.000664072 0.00381306
0.000664157 0.00381479
0.000664241 0.00381643
0.000664326 0.00381797
0.000664411 0.0038194
0.000664495 0.00382074
0.00066458 0.00382198
0.000664665 0.00382314
0.000664749 0.00382422
0.000664834 0.00382524
0.000664919 0.00382623
0.000665003 0.00382719
0.000665088 0.00382816
0.000665173 0.00382914
0.000665257 0.00383016
0.000665342 0.00383121
0.000665427 0.00383231
0.000665511 0.00383346
0.000665596 0.00383464
0.000665681 0.00383584
0.000665765 0.00383705
0.00066585 0.00383825
0.000665935 0.00383943
0.000666019 0.00384055
0.000666104 0.00384162
0.000666189 0.00384263
0.000666273 0.00384356
0.000666358 0.00384442
0.000666443 0.00384523
0.000666527 0.003846
0.000666612 0.00384674
0.000666697 0.00384747
0.000666781 0.00384823
0.000666866 0.00384902
0.000666951 0.00384988
0.000667036 0.0038508
0.00066712 0.00385181
0.000667205 0.00385291
0.00066729 0.0038541
0.000667374 0.00385536
0.000667459 0.00385668
0.000667544 0.00385805
0.000667628 0.00385944
0.000667713 0.00386084
0.000667798 0.00386221
0.000667882 0.00386355
0.000667967 0.00386483
0.000668052 0.00386604
0.000668136 0.00386717
0.000668221 0.00386823
0.000668306 0.00386921
0.00066839 0.00387014
0.000668475 0.00387103
0.00066856 0.0038719
0.000668644 0.00387277
0.000668729 0.00387365
0.000668814 0.00387458
0.000668898 0.00387556
0.000668983 0.0038766
0.000669068 0.0038777
0.000669152 0.00387887
0.000669237 0.00388009
0.000669322 0.00388136
0.000669406 0.00388266
0.000669491 0.00388396
0.000669576 0.00388526
0.00066966 0.00388653
0.000669745 0.00388777
0.00066983 0.00388895
0.000669914 0.00389009
0.000669999 0.00389117
0.000670084 0.0038922
0.000670168 0.00389319
0.000670253 0.00389416
0.000670338 0.00389512
0.000670422 0.0038961
0.000670507 0.0038971
0.000670592 0.00389815
0.000670676 0.00389926
0.000670761 0.00390044
0.000670846 0.0039017
0.00067093 0.00390303
0.000671015 0.00390444
0.0006711 0.00390591
0.000671184 0.00390743
0.000671269 0.00390899
0.000671354 0.00391057
0.000671438 0.00391217
0.000671523 0.00391378
0.000671608 0.00391537
0.000671692 0.00391696
0.000671777 0.00391854
0.000671862 0.00392012
0.000671946 0.00392169
0.000672031 0.00392326
0.000672116 0.00392486
0.0006722 0.00392648
0.000672285 0.00392814
0.00067237 0.00392985
0.000672454 0.00393161
0.000672539 0.00393342
0.000672624 0.00393529
0.000672708 0.00393721
0.000672793 0.00393917
0.000672878 0.00394116
0.000672962 0.00394317
0.000673047 0.00394519
0.000673132 0.0039472
0.000673216 0.00394919
0.000673301 0.00395116
0.000673386 0.0039531
0.00067347 0.00395501
0.000673555 0.00395691
0.00067364 0.0039588
0.000673725 0.00396069
0.000673809 0.0039626
0.000673894 0.00396454
0.000673979 0.00396654
0.000674063 0.00396859
0.000674148 0.00397071
0.000674233 0.00397291
0.000674317 0.00397518
0.000674402 0.00397751
0.000674487 0.0039799
0.000674571 0.00398233
0.000674656 0.0039848
0.000674741 0.00398727
0.000674825 0.00398973
0.00067491 0.00399217
0.000674995 0.00399457
0.000675079 0.00399691
0.000675164 0.00399919
0.000675249 0.0040014
0.000675333 0.00400355
0.000675418 0.00400563
0.000675503 0.00400766
0.000675587 0.00400966
0.000675672 0.00401163
0.000675757 0.00401361
0.000675841 0.00401562
0.000675926 0.00401766
0.000676011 0.00401976
0.000676095 0.00402193
0.00067618 0.00402417
0.000676265 0.0040265
0.000676349 0.0040289
0.000676434 0.00403137
0.000676519 0.00403391
0.000676603 0.00403649
0.000676688 0.00403911
0.000676773 0.00404176
0.000676857 0.00404441
0.000676942 0.00404706
0.000677027 0.00404969
0.000677111 0.0040523
0.000677196 0.00405488
0.000677281 0.00405742
0.000677365 0.00405993
0.00067745 0.00406241
0.000677535 0.00406486
0.000677619 0.00406729
0.000677704 0.0040697
0.000677789 0.00407211
0.000677873 0.00407453
0.000677958 0.00407696
0.000678043 0.00407941
0.000678127 0.0040819
0.000678212 0.00408442
0.000678297 0.00408698
0.000678381 0.00408959
0.000678466 0.00409225
0.000678551 0.00409495
0.000678635 0.0040977
0.00067872 0.00410049
0.000678805 0.00410333
0.000678889 0.00410619
0.000678974 0.00410909
0.000679059 0.00411202
0.000679143 0.00411496
0.000679228 0.00411792
0.000679313 0.0041209
0.000679397 0.00412388
0.000679482 0.00412686
0.000679567 0.00412985
0.000679651 0.00413284
0.000679736 0.00413583
0.000679821 0.00413881
0.000679905 0.00414179
0.00067999 0.00414477
0.000680075 0.00414773
0.000680159 0.00415068
0.000680244 0.00415362
0.000680329 0.00415654
0.000680413 0.00415945
0.000680498 0.00416233
0.000680583 0.00416518
0.000680668 0.00416802
0.000680752 0.00417083
0.000680837 0.00417362
0.000680922 0.00417639
0.000681006 0.00417915
0.000681091 0.0041819
0.000681176 0.00418464
0.00068126 0.00418738
0.000681345 0.00419013
0.00068143 0.00419288
0.000681514 0.00419565
0.000681599 0.00419843
0.000681684 0.00420123
0.000681768 0.00420405
0.000681853 0.00420689
0.000681938 0.00420975
0.000682022 0.00421262
0.000682107 0.0042155
0.000682192 0.00421837
0.000682276 0.00422124
0.000682361 0.00422409
0.000682446 0.0042269
0.00068253 0.00422968
0.000682615 0.0042324
0.0006827 0.00423508
0.000682784 0.00423769
0.000682869 0.00424024
0.000682954 0.00424272
0.000683038 0.00424515
0.000683123 0.00424753
0.000683208 0.00424986
0.000683292 0.00425214
0.000683377 0.0042544
0.000683462 0.00425662
0.000683546 0.00425883
0.000683631 0.00426102
0.000683716 0.00426321
0.0006838 0.00426538
0.000683885 0.00426755
0.00068397 0.00426972
0.000684054 0.00427187
0.000684139 0.00427401
0.000684224 0.00427612
0.000684308 0.00427821
0.000684393 0.00428027
0.000684478 0.00428229
0.000684562 0.00428425
0.000684647 0.00428617
0.000684732 0.00428803
0.000684816 0.00428984
0.000684901 0.00429159
0.000684986 0.00429329
0.00068507 0.00429494
0.000685155 0.00429656
0.00068524 0.00429814
0.000685324 0.0042997
0.000685409 0.00430125
0.000685494 0.00430278
0.000685578 0.00430432
0.000685663 0.00430586
0.000685748 0.00430741
0.000685832 0.00430897
0.000685917 0.00431054
0.000686002 0.00431211
0.000686086 0.0043137
0.000686171 0.0043153
0.000686256 0.0043169
0.00068634 0.00431851
0.000686425 0.00432014
0.00068651 0.00432177
0.000686594 0.00432342
0.000686679 0.00432509
0.000686764 0.00432679
0.000686848 0.00432852
0.000686933 0.00433029
0.000687018 0.0043321
0.000687102 0.00433397
0.000687187 0.00433589
0.000687272 0.00433787
0.000687357 0.00433991
0.000687441 0.00434201
0.000687526 0.00434417
0.000687611 0.00434637
0.000687695 0.00434863
0.00068778 0.00435091
0.000687865 0.00435323
0.000687949 0.00435556
0.000688034 0.00435791
0.000688119 0.00436026
0.000688203 0.00436261
0.000688288 0.00436495
0.000688373 0.0043673
0.000688457 0.00436965
0.000688542 0.00437199
0.000688627 0.00437434
0.000688711 0.0043767
0.000688796 0.00437907
0.000688881 0.00438146
0.000688965 0.00438388
0.00068905 0.00438632
0.000689135 0.0043888
0.000689219 0.00439132
0.000689304 0.00439387
0.000689389 0.00439646
0.000689473 0.00439909
0.000689558 0.00440175
0.000689643 0.00440443
0.000689727 0.00440713
0.000689812 0.00440985
0.000689897 0.00441257
0.000689981 0.00441529
0.000690066 0.00441801
0.000690151 0.00442073
0.000690235 0.00442344
0.00069032 0.00442614
0.000690405 0.00442885
0.000690489 0.00443156
0.000690574 0.00443428
0.000690659 0.00443702
0.000690743 0.00443977
0.000690828 0.00444255
0.000690913 0.00444536
0.000690997 0.0044482
0.000691082 0.00445106
0.000691167 0.00445395
0.000691251 0.00445687
0.000691336 0.0044598
0.000691421 0.00446276
0.000691505 0.00446572
0.00069159 0.00446868
0.000691675 0.00447163
0.000691759 0.00447456
0.000691844 0.00447746
0.000691929 0.00448034
0.000692013 0.00448317
0.000692098 0.00448597
0.000692183 0.00448874
0.000692267 0.00449147
0.000692352 0.00449419
0.000692437 0.00449689
0.000692521 0.00449958
0.000692606 0.00450228
0.000692691 0.00450499
0.000692775 0.00450771
0.00069286 0.00451045
0.000692945 0.00451321
0.000693029 0.00451597
0.000693114 0.00451874
0.000693199 0.0045215
0.000693283 0.00452425
0.000693368 0.00452697
0.000693453 0.00452966
0.000693537 0.00453232
0.000693622 0.00453493
0.000693707 0.0045375
0.000693791 0.00454002
0.000693876 0.00454249
0.000693961 0.00454492
0.000694045 0.00454732
0.00069413 0.00454968
0.000694215 0.00455201
0.0006943 0.00455433
0.000694384 0.00455663
0.000694469 0.00455893
0.000694554 0.00456123
0.000694638 0.00456353
0.000694723 0.00456584
0.000694808 0.00456815
0.000694892 0.00457047
0.000694977 0.0045728
0.000695062 0.00457511
0.000695146 0.00457742
0.000695231 0.00457972
0.000695316 0.00458199
0.0006954 0.00458424
0.000695485 0.00458646
0.00069557 0.00458866
0.000695654 0.00459083
0.000695739 0.00459298
0.000695824 0.00459512
0.000695908 0.00459724
0.000695993 0.00459937
0.000696078 0.0046015
0.000696162 0.00460364
0.000696247 0.0046058
0.000696332 0.00460799
0.000696416 0.0046102
0.000696501 0.00461243
0.000696586 0.00461469
0.00069667 0.00461696
0.000696755 0.00461924
0.00069684 0.00462152
0.000696924 0.0046238
0.000697009 0.00462606
0.000697094 0.00462829
0.000697178 0.0046305
0.000697263 0.00463268
0.000697348 0.00463483
0.000697432 0.00463696
0.000697517 0.00463907
0.000697602 0.00464117
0.000697686 0.00464326
0.000697771 0.00464537
0.000697856 0.0046475
0.00069794 0.00464967
0.000698025 0.00465187
0.00069811 0.00465412
0.000698194 0.00465642
0.000698279 0.00465878
0.000698364 0.00466119
0.000698448 0.00466366
0.000698533 0.00466618
0.000698618 0.00466875
0.000698702 0.00467135
0.000698787 0.00467399
0.000698872 0.00467665
0.000698956 0.00467933
0.000699041 0.00468203
0.000699126 0.00468473
0.00069921 0.00468745
0.000699295 0.00469018
0.00069938 0.00469293
0.000699464 0.0046957
0.000699549 0.0046985
0.000699634 0.00470135
0.000699718 0.00470425
0.000699803 0.00470721
0.000699888 0.00471025
0.000699972 0.00471335
0.000700057 0.00471654
0.000700142 0.00471981
0.000700226 0.00472315
0.000700311 0.00472656
0.000700396 0.00473003
0.00070048 0.00473356
0.000700565 0.00473713
0.00070065 0.00474073
0.000700734 0.00474436
0.000700819 0.004748
0.000700904 0.00475164
0.000700989 0.00475528
0.000701073 0.00475892
0.000701158 0.00476254
0.000701243 0.00476614
0.000701327 0.00476973
0.000701412 0.00477331
0.000701497 0.00477687
0.000701581 0.00478042
0.000701666 0.00478395
0.000701751 0.00478747
0.000701835 0.00479099
0.00070192 0.00479449
0.000702005 0.00479799
0.000702089 0.00480148
0.000702174 0.00480496
0.000702259 0.00480844
0.000702343 0.0048119
0.000702428 0.00481535
0.000702513 0.00481878
0.000702597 0.0048222
0.000702682 0.00482561
0.000702767 0.00482899
0.000702851 0.00483236
0.000702936 0.00483571
0.000703021 0.00483903
0.000703105 0.00484234
0.00070319 0.00484564
0.000703275 0.00484891
0.000703359 0.00485216
0.000703444 0.00485539
0.000703529 0.0048586
0.000703613 0.00486179
0.000703698 0.00486496
0.000703783 0.00486809
0.000703867 0.0048712
0.000703952 0.00487428
0.000704037 0.00487733
0.000704121 0.00488034
0.000704206 0.00488333
0.000704291 0.00488629
0.000704375 0.00488923
0.00070446 0.00489215
0.000704545 0.00489505
0.000704629 0.00489793
0.000704714 0.00490079
0.000704799 0.00490365
0.000704883 0.00490649
0.000704968 0.00490931
0.000705053 0.00491213
0.000705137 0.00491493
0.000705222 0.00491771
0.000705307 0.00492047
0.000705391 0.00492322
0.000705476 0.00492594
0.000705561 0.00492865
0.000705645 0.00493133
0.00070573 0.004934
0.000705815 0.00493664
0.000705899 0.00493926
0.000705984 0.00494185
0.000706069 0.00494441
0.000706153 0.00494693
0.000706238 0.00494942
0.000706323 0.00495187
0.000706407 0.00495428
0.000706492 0.00495664
0.000706577 0.00495895
0.000706661 0.00496121
0.000706746 0.00496343
0.000706831 0.00496561
0.000706915 0.00496776
0.000707 0.00496987
0.000707085 0.00497196
0.000707169 0.00497403
0.000707254 0.00497608
0.000707339 0.00497813
0.000707423 0.00498016
0.000707508 0.0049822
0.000707593 0.00498425
0.000707677 0.00498629
0.000707762 0.00498835
0.000707847 0.00499041
0.000707932 0.00499249
0.000708016 0.00499457
0.000708101 0.00499666
0.000708186 0.00499875
0.00070827 0.00500083
0.000708355 0.00500291
0.00070844 0.00500497
0.000708524 0.00500701
0.000708609 0.00500903
0.000708694 0.00501103
0.000708778 0.005013
0.000708863 0.00501496
0.000708948 0.00501691
0.000709032 0.00501886
0.000709117 0.00502083
0.000709202 0.00502281
0.000709286 0.00502482
0.000709371 0.00502688
0.000709456 0.00502898
0.00070954 0.00503112
0.000709625 0.00503332
0.00070971 0.00503555
0.000709794 0.00503782
0.000709879 0.00504011
0.000709964 0.00504241
0.000710048 0.00504471
0.000710133 0.005047
0.000710218 0.00504926
0.000710302 0.00505148
0.000710387 0.00505365
0.000710472 0.00505577
0.000710556 0.00505784
0.000710641 0.00505984
0.000710726 0.00506179
0.00071081 0.0050637
0.000710895 0.00506557
0.00071098 0.0050674
0.000711064 0.00506923
0.000711149 0.00507104
0.000711234 0.00507287
0.000711318 0.0050747
0.000711403 0.00507656
0.000711488 0.00507845
0.000711572 0.00508036
0.000711657 0.0050823
0.000711742 0.00508426
0.000711826 0.00508625
0.000711911 0.00508826
0.000711996 0.00509028
0.00071208 0.0050923
0.000712165 0.00509433
0.00071225 0.00509635
0.000712334 0.00509837
0.000712419 0.00510038
0.000712504 0.00510238
0.000712588 0.00510439
0.000712673 0.0051064
0.000712758 0.00510842
0.000712842 0.00511045
0.000712927 0.00511251
0.000713012 0.0051146
0.000713096 0.00511672
0.000713181 0.00511887
0.000713266 0.00512105
0.00071335 0.00512326
0.000713435 0.00512548
0.00071352 0.00512771
0.000713604 0.00512993
0.000713689 0.00513215
0.000713774 0.00513435
0.000713858 0.00513653
0.000713943 0.00513868
0.000714028 0.00514081
0.000714112 0.00514292
0.000714197 0.00514502
0.000714282 0.00514711
0.000714366 0.0051492
0.000714451 0.00515131
0.000714536 0.00515343
0.00071462 0.00515558
0.000714705 0.00515775
0.00071479 0.00515996
0.000714875 0.00516221
0.000714959 0.0051645
0.000715044 0.00516683
0.000715129 0.00516919
0.000715213 0.00517159
0.000715298 0.00517402
0.000715383 0.00517647
0.000715467 0.00517893
0.000715552 0.00518141
0.000715637 0.0051839
0.000715721 0.00518638
0.000715806 0.00518887
0.000715891 0.00519136
0.000715975 0.00519386
0.00071606 0.00519638
0.000716145 0.00519891
0.000716229 0.00520147
0.000716314 0.00520406
0.000716399 0.00520669
0.000716483 0.00520937
0.000716568 0.00521208
0.000716653 0.00521483
0.000716737 0.00521762
0.000716822 0.00522043
0.000716907 0.00522326
0.000716991 0.0052261
0.000717076 0.00522894
0.000717161 0.00523177
0.000717245 0.00523457
0.00071733 0.00523735
0.000717415 0.00524009
0.000717499 0.00524279
0.000717584 0.00524546
0.000717669 0.00524808
0.000717753 0.00525068
0.000717838 0.00525325
0.000717923 0.00525579
0.000718007 0.00525833
0.000718092 0.00526086
0.000718177 0.00526341
0.000718261 0.00526596
0.000718346 0.00526854
0.000718431 0.00527114
0.000718515 0.00527377
0.0007186 0.00527641
0.000718685 0.00527907
0.000718769 0.00528174
0.000718854 0.0052844
0.000718939 0.00528704
0.000719023 0.00528965
0.000719108 0.00529221
0.000719193 0.00529472
0.000719277 0.00529716
0.000719362 0.00529953
0.000719447 0.00530182
0.000719531 0.00530404
0.000719616 0.00530618
0.000719701 0.00530826
0.000719785 0.00531028
0.00071987 0.00531225
0.000719955 0.0053142
0.000720039 0.00531612
0.000720124 0.00531803
0.000720209 0.00531995
0.000720293 0.00532187
0.000720378 0.00532381
0.000720463 0.00532575
0.000720547 0.00532771
0.000720632 0.00532968
0.000720717 0.00533164
0.000720801 0.00533359
0.000720886 0.00533552
0.000720971 0.00533742
0.000721055 0.00533929
0.00072114 0.00534111
0.000721225 0.00534289
0.000721309 0.00534462
0.000721394 0.0053463
0.000721479 0.00534794
0.000721564 0.00534955
0.000721648 0.00535112
0.000721733 0.00535267
0.000721818 0.00535421
0.000721902 0.00535575
0.000721987 0.00535728
0.000722072 0.00535883
0.000722156 0.0053604
0.000722241 0.00536198
0.000722326 0.00536359
0.00072241 0.00536522
0.000722495 0.00536687
0.00072258 0.00536854
0.000722664 0.00537023
0.000722749 0.00537193
0.000722834 0.00537364
0.000722918 0.00537537
0.000723003 0.0053771
0.000723088 0.00537885
0.000723172 0.00538061
0.000723257 0.0053824
0.000723342 0.00538421
0.000723426 0.00538604
0.000723511 0.0053879
0.000723596 0.00538979
0.00072368 0.0053917
0.000723765 0.00539363
0.00072385 0.00539558
0.000723934 0.00539753
0.000724019 0.00539947
0.000724104 0.00540139
0.000724188 0.00540329
0.000724273 0.00540515
0.000724358 0.00540695
0.000724442 0.00540871
0.000724527 0.0054104
0.000724612 0.00541204
0.000724696 0.00541361
0.000724781 0.00541513
0.000724866 0.00541661
0.00072495 0.00541804
0.000725035 0.00541944
0.00072512 0.00542082
0.000725204 0.00542218
0.000725289 0.00542354
0.000725374 0.00542489
0.000725458 0.00542624
0.000725543 0.0054276
0.000725628 0.00542895
0.000725712 0.0054303
0.000725797 0.00543163
0.000725882 0.00543294
0.000725966 0.00543422
0.000726051 0.00543546
0.000726136 0.00543666
0.00072622 0.00543779
0.000726305 0.00543886
0.00072639 0.00543985
0.000726474 0.00544077
0.000726559 0.00544161
0.000726644 0.00544238
0.000726728 0.00544307
0.000726813 0.0054437
0.000726898 0.00544428
0.000726982 0.00544481
0.000727067 0.00544532
0.000727152 0.00544582
0.000727236 0.00544633
0.000727321 0.00544686
0.000727406 0.00544742
0.00072749 0.00544803
0.000727575 0.00544868
0.00072766 0.00544939
0.000727744 0.00545014
0.000727829 0.00545093
0.000727914 0.00545175
0.000727998 0.00545259
0.000728083 0.00545343
0.000728168 0.00545427
0.000728252 0.0054551
0.000728337 0.00545591
0.000728422 0.00545669
0.000728507 0.00545744
0.000728591 0.00545816
0.000728676 0.00545886
0.000728761 0.00545954
0.000728845 0.0054602
0.00072893 0.00546086
0.000729015 0.00546151
0.000729099 0.00546216
0.000729184 0.00546283
0.000729269 0.00546351
0.000729353 0.00546422
0.000729438 0.00546495
0.000729523 0.00546571
0.000729607 0.0054665
0.000729692 0.00546731
0.000729777 0.00546814
0.000729861 0.00546898
0.000729946 0.00546983
0.000730031 0.00547068
0.000730115 0.00547152
0.0007302 0.00547234
0.000730285 0.00547315
0.000730369 0.00547395
0.000730454 0.00547472
0.000730539 0.00547548
0.000730623 0.00547622
0.000730708 0.00547697
0.000730793 0.00547771
0.000730877 0.00547846
0.000730962 0.00547924
0.000731047 0.00548004
0.000731131 0.00548088
0.000731216 0.00548176
0.000731301 0.00548268
0.000731385 0.00548366
0.00073147 0.0054847
0.000731555 0.00548578
0.000731639 0.00548693
0.000731724 0.00548813
0.000731809 0.00548938
0.000731893 0.00549067
0.000731978 0.00549201
0.000732063 0.00549339
0.000732147 0.00549481
0.000732232 0.00549625
0.000732317 0.00549771
0.000732401 0.00549918
0.000732486 0.00550066
0.000732571 0.00550214
0.000732655 0.00550361
0.00073274 0.00550506
0.000732825 0.00550648
0.000732909 0.00550786
0.000732994 0.00550919
0.000733079 0.00551046
0.000733163 0.00551167
0.000733248 0.0055128
0.000733333 0.00551385
0.000733417 0.00551482
0.000733502 0.0055157
0.000733587 0.00551649
0.000733671 0.00551719
0.000733756 0.0055178
0.000733841 0.00551834
0.000733925 0.00551881
0.00073401 0.00551921
0.000734095 0.00551956
0.000734179 0.00551988
0.000734264 0.00552016
0.000734349 0.00552043
0.000734433 0.0055207
0.000734518 0.00552097
0.000734603 0.00552125
0.000734687 0.00552156
0.000734772 0.0055219
0.000734857 0.00552226
0.000734941 0.00552266
0.000735026 0.00552308
0.000735111 0.00552354
0.000735196 0.00552401
0.00073528 0.0055245
0.000735365 0.005525
0.00073545 0.0055255
0.000735534 0.005526
0.000735619 0.00552649
0.000735704 0.00552697
0.000735788 0.00552742
0.000735873 0.00552786
0.000735958 0.00552827
0.000736042 0.00552865
0.000736127 0.00552902
0.000736212 0.00552936
0.000736296 0.0055297
0.000736381 0.00553004
0.000736466 0.00553037
0.00073655 0.00553072
0.000736635 0.00553108
0.00073672 0.00553146
0.000736804 0.00553187
0.000736889 0.0055323
0.000736974 0.00553275
0.000737058 0.00553323
0.000737143 0.00553373
0.000737228 0.00553424
0.000737312 0.00553475
0.000737397 0.00553527
0.000737482 0.00553578
0.000737566 0.00553627
0.000737651 0.00553675
0.000737736 0.00553721
0.00073782 0.00553764
0.000737905 0.00553806
0.00073799 0.00553845
0.000738074 0.00553882
0.000738159 0.00553919
0.000738244 0.00553955
0.000738328 0.0055399
0.000738413 0.00554027
0.000738498 0.00554065
0.000738582 0.00554105
0.000738667 0.00554146
0.000738752 0.0055419
0.000738836 0.00554235
0.000738921 0.00554283
0.000739006 0.00554332
0.00073909 0.00554383
0.000739175 0.00554435
0.00073926 0.00554487
0.000739344 0.00554541
0.000739429 0.00554594
0.000739514 0.00554648
0.000739598 0.00554702
0.000739683 0.00554756
0.000739768 0.00554811
0.000739852 0.00554867
0.000739937 0.00554923
0.000740022 0.00554982
0.000740106 0.00555042
0.000740191 0.00555104
0.000740276 0.0055517
0.00074036 0.00555237
0.000740445 0.00555307
0.00074053 0.00555379
0.000740614 0.00555452
0.000740699 0.00555525
0.000740784 0.00555597
0.000740868 0.00555666
0.000740953 0.00555731
0.000741038 0.00555791
0.000741122 0.00555844
0.000741207 0.0055589
0.000741292 0.00555928
0.000741376 0.00555957
0.000741461 0.00555979
0.000741546 0.00555994
0.00074163 0.00556002
0.000741715 0.00556004
0.0007418 0.00556001
0.000741884 0.00555994
0.000741969 0.00555985
0.000742054 0.00555974
0.000742139 0.00555962
0.000742223 0.00555951
0.000742308 0.0055594
0.000742393 0.00555932
0.000742477 0.00555924
0.000742562 0.00555919
0.000742647 0.00555916
0.000742731 0.00555914
0.000742816 0.00555913
0.000742901 0.00555913
0.000742985 0.00555912
0.00074307 0.00555911
0.000743155 0.00555909
0.000743239 0.00555905
0.000743324 0.00555901
0.000743409 0.00555895
0.000743493 0.00555889
0.000743578 0.00555883
0.000743663 0.00555879
0.000743747 0.00555876
0.000743832 0.00555875
0.000743917 0.00555878
0.000744001 0.00555885
0.000744086 0.00555896
0.000744171 0.00555911
0.000744255 0.0055593
0.00074434 0.00555953
0.000744425 0.00555981
0.000744509 0.00556012
0.000744594 0.00556046
0.000744679 0.00556084
0.000744763 0.00556124
0.000744848 0.00556166
0.000744933 0.00556211
0.000745017 0.00556257
0.000745102 0.00556305
0.000745187 0.00556355
0.000745271 0.00556407
0.000745356 0.0055646
0.000745441 0.00556516
0.000745525 0.00556575
0.00074561 0.00556636
0.000745695 0.005567
0.000745779 0.00556766
0.000745864 0.00556833
0.000745949 0.00556902
0.000746033 0.00556972
0.000746118 0.00557041
0.000746203 0.00557108
0.000746287 0.00557174
0.000746372 0.00557235
0.000746457 0.00557293
0.000746541 0.00557347
0.000746626 0.00557396
0.000746711 0.00557441
0.000746795 0.00557482
0.00074688 0.0055752
0.000746965 0.00557555
0.000747049 0.00557589
0.000747134 0.00557622
0.000747219 0.00557656
0.000747303 0.00557692
0.000747388 0.0055773
0.000747473 0.00557772
0.000747557 0.00557818
0.000747642 0.00557867
0.000747727 0.00557921
0.000747811 0.00557979
0.000747896 0.00558041
0.000747981 0.00558106
0.000748065 0.00558173
0.00074815 0.00558243
0.000748235 0.00558314
0.000748319 0.00558385
0.000748404 0.00558456
0.000748489 0.00558528
0.000748573 0.00558599
0.000748658 0.00558671
0.000748743 0.00558742
0.000748828 0.00558815
0.000748912 0.00558888
0.000748997 0.00558963
0.000749082 0.00559041
0.000749166 0.0055912
0.000749251 0.00559203
0.000749336 0.00559288
0.00074942 0.00559377
0.000749505 0.00559467
0.00074959 0.0055956
0.000749674 0.00559654
0.000749759 0.00559749
0.000749844 0.00559844
0.000749928 0.00559939
0.000750013 0.00560033
0.000750098 0.00560126
0.000750182 0.00560216
0.000750267 0.00560304
0.000750352 0.0056039
0.000750436 0.00560473
0.000750521 0.00560553
0.000750606 0.0056063
0.00075069 0.00560706
0.000750775 0.00560779
0.00075086 0.00560851
0.000750944 0.00560921
0.000751029 0.00560991
0.000751114 0.00561061
0.000751198 0.00561131
0.000751283 0.00561202
0.000751368 0.00561275
0.000751452 0.00561349
0.000751537 0.00561425
0.000751622 0.00561504
0.000751706 0.00561585
0.000751791 0.00561669
0.000751876 0.00561755
0.00075196 0.00561844
0.000752045 0.00561936
0.00075213 0.00562031
0.000752214 0.00562127
0.000752299 0.00562226
0.000752384 0.00562325
0.000752468 0.00562425
0.000752553 0.00562524
0.000752638 0.00562622
0.000752722 0.00562717
0.000752807 0.0056281
0.000752892 0.00562899
0.000752976 0.00562983
0.000753061 0.00563062
0.000753146 0.00563136
0.00075323 0.00563205
0.000753315 0.00563269
0.0007534 0.00563328
0.000753484 0.00563384
0.000753569 0.00563435
0.000753654 0.00563483
0.000753738 0.00563528
0.000753823 0.0056357
0.000753908 0.00563611
0.000753992 0.0056365
0.000754077 0.00563687
0.000754162 0.00563723
0.000754246 0.00563758
0.000754331 0.00563792
0.000754416 0.00563826
0.0007545 0.0056386
0.000754585 0.00563894
0.00075467 0.00563929
0.000754754 0.00563965
0.000754839 0.00564003
0.000754924 0.00564043
0.000755008 0.00564086
0.000755093 0.00564132
0.000755178 0.00564183
0.000755262 0.00564237
0.000755347 0.00564297
0.000755432 0.00564361
0.000755516 0.0056443
0.000755601 0.00564503
0.000755686 0.0056458
0.000755771 0.0056466
0.000755855 0.00564742
0.00075594 0.00564825
0.000756025 0.00564908
0.000756109 0.00564989
0.000756194 0.00565067
0.000756279 0.00565142
0.000756363 0.00565213
0.000756448 0.00565278
0.000756533 0.00565337
0.000756617 0.0056539
0.000756702 0.00565438
0.000756787 0.0056548
0.000756871 0.00565518
0.000756956 0.00565551
0.000757041 0.0056558
0.000757125 0.00565607
0.00075721 0.00565631
0.000757295 0.00565654
0.000757379 0.00565675
0.000757464 0.00565695
0.000757549 0.00565714
0.000757633 0.0056573
0.000757718 0.00565744
0.000757803 0.00565754
0.000757887 0.00565759
0.000757972 0.0056576
0.000758057 0.00565753
0.000758141 0.00565739
0.000758226 0.00565717
0.000758311 0.00565687
0.000758395 0.00565647
0.00075848 0.00565598
0.000758565 0.0056554
0.000758649 0.00565474
0.000758734 0.005654
0.000758819 0.00565318
0.000758903 0.00565231
0.000758988 0.00565137
0.000759073 0.00565039
0.000759157 0.00564937
0.000759242 0.00564831
0.000759327 0.00564722
0.000759411 0.0056461
0.000759496 0.00564495
0.000759581 0.00564376
0.000759665 0.00564254
0.00075975 0.00564127
0.000759835 0.00563994
0.000759919 0.00563856
0.000760004 0.00563712
0.000760089 0.00563562
0.000760173 0.00563405
0.000760258 0.00563243
0.000760343 0.00563075
0.000760427 0.00562902
0.000760512 0.00562725
0.000760597 0.00562546
0.000760681 0.00562364
0.000760766 0.00562182
0.000760851 0.00562001
0.000760935 0.0056182
0.00076102 0.0056164
0.000761105 0.00561461
0.000761189 0.00561284
0.000761274 0.00561106
0.000761359 0.00560928
0.000761443 0.00560749
0.000761528 0.00560568
0.000761613 0.00560384
0.000761697 0.00560196
0.000761782 0.00560005
0.000761867 0.00559809
0.000761951 0.0055961
0.000762036 0.00559408
0.000762121 0.00559203
0.000762205 0.00558998
0.00076229 0.00558793
0.000762375 0.00558589
0.00076246 0.00558388
0.000762544 0.0055819
0.000762629 0.00557997
0.000762714 0.00557808
0.000762798 0.00557625
0.000762883 0.00557447
0.000762968 0.00557274
0.000763052 0.00557105
0.000763137 0.00556939
0.000763222 0.00556777
0.000763306 0.00556616
0.000763391 0.00556457
0.000763476 0.00556297
0.00076356 0.00556137
0.000763645 0.00555976
0.00076373 0.00555813
0.000763814 0.00555649
0.000763899 0.00555483
0.000763984 0.00555317
0.000764068 0.0055515
0.000764153 0.00554985
0.000764238 0.00554822
0.000764322 0.00554661
0.000764407 0.00554504
0.000764492 0.00554351
0.000764576 0.00554202
0.000764661 0.00554057
0.000764746 0.00553916
0.00076483 0.00553779
0.000764915 0.00553643
0.000765 0.00553508
0.000765084 0.00553374
0.000765169 0.00553238
0.000765254 0.00553101
0.000765338 0.00552961
0.000765423 0.00552818
0.000765508 0.00552672
0.000765592 0.00552522
0.000765677 0.00552369
0.000765762 0.00552213
0.000765846 0.00552056
0.000765931 0.00551899
0.000766016 0.00551741
0.0007661 0.00551586
0.000766185 0.00551433
0.00076627 0.00551284
0.000766354 0.0055114
0.000766439 0.00551001
0.000766524 0.00550868
0.000766608 0.00550739
0.000766693 0.00550614
0.000766778 0.00550491
0.000766862 0.00550369
0.000766947 0.00550246
0.000767032 0.0055012
0.000767116 0.00549989
0.000767201 0.00549851
0.000767286 0.00549705
0.00076737 0.0054955
0.000767455 0.00549386
0.00076754 0.00549212
0.000767624 0.00549029
0.000767709 0.00548838
0.000767794 0.00548641
0.000767878 0.0054844
0.000767963 0.00548238
0.000768048 0.00548035
0.000768132 0.00547836
0.000768217 0.00547643
0.000768302 0.00547457
0.000768386 0.00547279
0.000768471 0.00547111
0.000768556 0.00546953
0.00076864 0.00546805
0.000768725 0.00546664
0.00076881 0.00546531
0.000768894 0.00546402
0.000768979 0.00546276
0.000769064 0.0054615
0.000769148 0.00546021
0.000769233 0.00545889
0.000769318 0.0054575
0.000769403 0.00545604
0.000769487 0.0054545
0.000769572 0.00545286
0.000769657 0.00545113
0.000769741 0.0054493
0.000769826 0.00544738
0.000769911 0.00544538
0.000769995 0.0054433
0.00077008 0.00544114
0.000770165 0.00543892
0.000770249 0.00543665
0.000770334 0.00543432
0.000770419 0.00543196
0.000770503 0.00542956
0.000770588 0.00542712
0.000770673 0.00542465
0.000770757 0.00542216
0.000770842 0.00541963
0.000770927 0.00541708
0.000771011 0.00541451
0.000771096 0.00541192
0.000771181 0.00540933
0.000771265 0.00540674
0.00077135 0.00540418
0.000771435 0.00540165
0.000771519 0.00539916
0.000771604 0.00539674
0.000771689 0.00539439
0.000771773 0.00539211
0.000771858 0.00538992
0.000771943 0.0053878
0.000772027 0.00538574
0.000772112 0.00538375
0.000772197 0.00538179
0.000772281 0.00537986
0.000772366 0.00537793
0.000772451 0.00537599
0.000772535 0.00537402
0.00077262 0.005372
0.000772705 0.00536992
0.000772789 0.00536778
0.000772874 0.00536556
0.000772959 0.00536328
0.000773043 0.00536093
0.000773128 0.00535853
0.000773213 0.00535609
0.000773297 0.00535363
0.000773382 0.00535117
0.000773467 0.00534873
0.000773551 0.00534632
0.000773636 0.00534397
0.000773721 0.00534169
0.000773805 0.00533948
0.00077389 0.00533735
0.000773975 0.00533531
0.000774059 0.00533334
0.000774144 0.00533145
0.000774229 0.00532961
0.000774313 0.00532783
0.000774398 0.00532608
0.000774483 0.00532435
0.000774567 0.00532264
0.000774652 0.00532094
0.000774737 0.00531923
0.000774821 0.00531752
0.000774906 0.00531581
0.000774991 0.00531409
0.000775075 0.00531239
0.00077516 0.0053107
0.000775245 0.00530904
0.000775329 0.00530742
0.000775414 0.00530586
0.000775499 0.00530436
0.000775583 0.00530294
0.000775668 0.0053016
0.000775753 0.00530034
0.000775837 0.00529915
0.000775922 0.00529805
0.000776007 0.00529701
0.000776092 0.00529603
0.000776176 0.00529511
0.000776261 0.00529422
0.000776346 0.00529337
0.00077643 0.00529254
0.000776515 0.00529173
0.0007766 0.00529093
0.000776684 0.00529014
0.000776769 0.00528935
0.000776854 0.00528856
0.000776938 0.00528778
0.000777023 0.005287
0.000777108 0.00528622
0.000777192 0.00528545
0.000777277 0.00528468
0.000777362 0.00528392
0.000777446 0.00528316
0.000777531 0.00528241
0.000777616 0.00528165
0.0007777 0.00528089
0.000777785 0.00528012
0.00077787 0.00527932
0.000777954 0.00527851
0.000778039 0.00527767
0.000778124 0.00527679
0.000778208 0.00527587
0.000778293 0.00527492
0.000778378 0.00527394
0.000778462 0.00527292
0.000778547 0.00527189
0.000778632 0.00527084
0.000778716 0.00526978
0.000778801 0.00526872
0.000778886 0.00526766
0.00077897 0.00526661
0.000779055 0.00526558
0.00077914 0.00526455
0.000779224 0.00526355
0.000779309 0.00526256
0.000779394 0.00526158
0.000779478 0.00526061
0.000779563 0.00525965
0.000779648 0.00525869
0.000779732 0.00525773
0.000779817 0.00525676
0.000779902 0.00525577
0.000779986 0.00525476
0.000780071 0.00525372
0.000780156 0.00525265
0.00078024 0.00525155
0.000780325 0.00525042
0.00078041 0.00524926
0.000780494 0.00524807
0.000780579 0.00524686
0.000780664 0.00524563
0.000780748 0.0052444
0.000780833 0.00524316
0.000780918 0.00524191
0.000781002 0.00524067
0.000781087 0.00523943
0.000781172 0.00523819
0.000781256 0.00523696
0.000781341 0.00523573
0.000781426 0.00523449
0.00078151 0.00523324
0.000781595 0.00523199
0.00078168 0.00523071
0.000781764 0.0052294
0.000781849 0.00522806
0.000781934 0.00522668
0.000782018 0.00522524
0.000782103 0.00522375
0.000782188 0.0052222
0.000782272 0.0052206
0.000782357 0.00521894
0.000782442 0.00521723
0.000782526 0.00521548
0.000782611 0.0052137
0.000782696 0.00521191
0.00078278 0.00521011
0.000782865 0.00520832
0.00078295 0.00520654
0.000783035 0.00520479
0.000783119 0.00520306
0.000783204 0.00520137
0.000783289 0.00519972
0.000783373 0.0051981
0.000783458 0.00519652
0.000783543 0.00519497
0.000783627 0.00519345
0.000783712 0.00519195
0.000783797 0.00519046
0.000783881 0.00518898
0.000783966 0.00518749
0.000784051 0.00518599
0.000784135 0.00518446
0.00078422 0.00518289
0.000784305 0.0051813
0.000784389 0.00517966
0.000784474 0.00517798
0.000784559 0.00517627
0.000784643 0.00517453
0.000784728 0.00517276
0.000784813 0.00517097
0.000784897 0.00516917
0.000784982 0.00516736
0.000785067 0.00516554
0.000785151 0.00516372
0.000785236 0.0051619
0.000785321 0.00516007
0.000785405 0.00515824
0.00078549 0.00515641
0.000785575 0.00515456
0.000785659 0.00515272
0.000785744 0.00515086
0.000785829 0.00514899
0.000785913 0.00514712
0.000785998 0.00514524
0.000786083 0.00514334
0.000786167 0.00514144
0.000786252 0.00513954
0.000786337 0.00513763
0.000786421 0.00513572
0.000786506 0.00513381
0.000786591 0.00513191
0.000786675 0.00513002
0.00078676 0.00512814
0.000786845 0.00512627
0.000786929 0.00512442
0.000787014 0.00512259
0.000787099 0.00512078
0.000787183 0.00511899
0.000787268 0.00511721
0.000787353 0.00511546
0.000787437 0.00511372
0.000787522 0.005112
0.000787607 0.00511029
0.000787691 0.0051086
0.000787776 0.00510693
0.000787861 0.00510527
0.000787945 0.00510363
0.00078803 0.00510202
0.000788115 0.00510043
0.000788199 0.00509887
0.000788284 0.00509735
0.000788369 0.00509588
0.000788453 0.00509445
0.000788538 0.00509307
0.000788623 0.00509176
0.000788707 0.0050905
0.000788792 0.0050893
0.000788877 0.00508815
0.000788961 0.00508706
0.000789046 0.005086
0.000789131 0.00508498
0.000789215 0.00508397
0.0007893 0.00508296
0.000789385 0.00508194
0.000789469 0.00508089
0.000789554 0.0050798
0.000789639 0.00507866
0.000789723 0.00507746
0.000789808 0.0050762
0.000789893 0.00507488
0.000789978 0.0050735
0.000790062 0.00507207
0.000790147 0.00507059
0.000790232 0.00506909
0.000790316 0.00506758
0.000790401 0.00506607
0.000790486 0.00506458
0.00079057 0.00506313
0.000790655 0.00506174
0.00079074 0.00506041
0.000790824 0.00505916
0.000790909 0.00505799
0.000790994 0.00505691
0.000791078 0.00505593
0.000791163 0.00505503
0.000791248 0.00505422
0.000791332 0.00505348
0.000791417 0.00505282
0.000791502 0.00505222
0.000791586 0.00505169
0.000791671 0.0050512
0.000791756 0.00505078
0.00079184 0.0050504
0.000791925 0.00505008
0.00079201 0.00504981
0.000792094 0.0050496
0.000792179 0.00504944
0.000792264 0.00504933
0.000792348 0.00504928
0.000792433 0.00504928
0.000792518 0.00504932
0.000792602 0.00504939
0.000792687 0.0050495
0.000792772 0.00504961
0.000792856 0.00504974
0.000792941 0.00504985
0.000793026 0.00504994
0.00079311 0.00505001
0.000793195 0.00505003
0.00079328 0.00505001
0.000793364 0.00504994
0.000793449 0.00504982
0.000793534 0.00504965
0.000793618 0.00504944
0.000793703 0.0050492
0.000793788 0.00504893
0.000793872 0.00504864
0.000793957 0.00504834
0.000794042 0.00504805
0.000794126 0.00504776
0.000794211 0.00504748
0.000794296 0.00504723
0.00079438 0.00504698
0.000794465 0.00504674
0.00079455 0.00504651
0.000794634 0.00504628
0.000794719 0.00504603
0.000794804 0.00504575
0.000794888 0.00504545
0.000794973 0.0050451
0.000795058 0.00504471
0.000795142 0.00504426
0.000795227 0.00504375
0.000795312 0.0050432
0.000795396 0.00504259
0.000795481 0.00504195
0.000795566 0.00504127
0.00079565 0.00504056
0.000795735 0.00503985
0.00079582 0.00503914
0.000795904 0.00503844
0.000795989 0.00503777
0.000796074 0.00503712
0.000796158 0.00503651
0.000796243 0.00503594
0.000796328 0.00503541
0.000796412 0.00503493
0.000796497 0.00503448
0.000796582 0.00503406
0.000796667 0.00503368
0.000796751 0.00503332
0.000796836 0.00503299
0.000796921 0.00503268
0.000797005 0.00503239
0.00079709 0.00503211
0.000797175 0.00503185
0.000797259 0.0050316
0.000797344 0.00503136
0.000797429 0.00503114
0.000797513 0.00503093
0.000797598 0.00503073
0.000797683 0.00503056
0.000797767 0.00503039
0.000797852 0.00503025
0.000797937 0.00503011
0.000798021 0.00502998
0.000798106 0.00502985
0.000798191 0.00502972
0.000798275 0.00502957
0.00079836 0.00502939
0.000798445 0.00502918
0.000798529 0.00502892
0.000798614 0.00502862
0.000798699 0.00502827
0.000798783 0.00502786
0.000798868 0.00502741
0.000798953 0.00502691
0.000799037 0.00502637
0.000799122 0.0050258
0.000799207 0.00502521
0.000799291 0.00502462
0.000799376 0.00502404
0.000799461 0.00502347
0.000799545 0.00502294
0.00079963 0.00502245
0.000799715 0.005022
0.000799799 0.00502161
0.000799884 0.00502126
0.000799969 0.00502096
0.000800053 0.0050207
0.000800138 0.00502048
0.000800223 0.00502028
0.000800307 0.0050201
0.000800392 0.00501992
0.000800477 0.00501973
0.000800561 0.00501952
0.000800646 0.00501929
0.000800731 0.00501902
0.000800815 0.00501871
0.0008009 0.00501834
0.000800985 0.00501793
0.000801069 0.00501746
0.000801154 0.00501694
0.000801239 0.00501637
0.000801323 0.00501574
0.000801408 0.00501506
0.000801493 0.00501434
0.000801577 0.00501357
0.000801662 0.00501277
0.000801747 0.00501192
0.000801831 0.00501105
0.000801916 0.00501014
0.000802001 0.00500921
0.000802085 0.00500826
0.00080217 0.00500728
0.000802255 0.00500628
0.000802339 0.00500527
0.000802424 0.00500424
0.000802509 0.0050032
0.000802593 0.00500215
0.000802678 0.00500109
0.000802763 0.00500004
0.000802847 0.004999
0.000802932 0.00499797
0.000803017 0.00499695
0.000803101 0.00499595
0.000803186 0.00499498
0.000803271 0.00499402
0.000803355 0.00499308
0.00080344 0.00499216
0.000803525 0.00499125
0.00080361 0.00499035
0.000803694 0.00498945
0.000803779 0.00498855
0.000803864 0.00498765
0.000803948 0.00498675
0.000804033 0.00498584
0.000804118 0.00498493
0.000804202 0.00498401
0.000804287 0.0049831
0.000804372 0.00498218
0.000804456 0.00498128
0.000804541 0.00498039
0.000804626 0.00497953
0.00080471 0.0049787
0.000804795 0.00497791
0.00080488 0.00497717
0.000804964 0.00497649
0.000805049 0.00497587
0.000805134 0.00497532
0.000805218 0.00497484
0.000805303 0.00497443
0.000805388 0.00497409
0.000805472 0.00497381
0.000805557 0.00497358
0.000805642 0.00497339
0.000805726 0.00497323
0.000805811 0.00497308
0.000805896 0.00497293
0.00080598 0.00497277
0.000806065 0.00497259
0.00080615 0.00497238
0.000806234 0.00497213
0.000806319 0.00497185
0.000806404 0.00497153
0.000806488 0.00497118
0.000806573 0.0049708
0.000806658 0.00497041
0.000806742 0.00497
0.000806827 0.00496959
0.000806912 0.00496918
0.000806996 0.00496878
0.000807081 0.0049684
0.000807166 0.00496805
0.00080725 0.00496772
0.000807335 0.00496743
0.00080742 0.00496716
0.000807504 0.00496693
0.000807589 0.00496674
0.000807674 0.00496657
0.000807758 0.00496643
0.000807843 0.00496633
0.000807928 0.00496624
0.000808012 0.00496618
0.000808097 0.00496613
0.000808182 0.0049661
0.000808266 0.00496609
0.000808351 0.00496608
0.000808436 0.00496608
0.00080852 0.00496609
0.000808605 0.00496609
0.00080869 0.00496608
0.000808774 0.00496606
0.000808859 0.004966
0.000808944 0.00496591
0.000809028 0.00496577
0.000809113 0.00496557
0.000809198 0.0049653
0.000809282 0.00496496
0.000809367 0.00496454
0.000809452 0.00496404
0.000809536 0.00496347
0.000809621 0.00496283
0.000809706 0.00496213
0.00080979 0.00496139
0.000809875 0.00496062
0.00080996 0.00495984
0.000810044 0.00495905
0.000810129 0.00495828
0.000810214 0.00495753
0.000810299 0.0049568
0.000810383 0.00495611
0.000810468 0.00495546
0.000810553 0.00495484
0.000810637 0.00495425
0.000810722 0.00495368
0.000810807 0.00495312
0.000810891 0.00495256
0.000810976 0.00495199
0.000811061 0.00495141
0.000811145 0.0049508
0.00081123 0.00495015
0.000811315 0.00494948
0.000811399 0.00494878
0.000811484 0.00494806
0.000811569 0.00494732
0.000811653 0.00494659
0.000811738 0.00494589
0.000811823 0.00494521
0.000811907 0.00494459
0.000811992 0.00494403
0.000812077 0.00494356
0.000812161 0.00494316
0.000812246 0.00494286
0.000812331 0.00494264
0.000812415 0.00494251
0.0008125 0.00494245
0.000812585 0.00494246
0.000812669 0.00494252
0.000812754 0.00494261
0.000812839 0.00494273
0.000812923 0.00494285
0.000813008 0.00494296
0.000813093 0.00494305
0.000813177 0.00494312
0.000813262 0.00494316
0.000813347 0.00494316
0.000813431 0.00494313
0.000813516 0.00494307
0.000813601 0.00494298
0.000813685 0.00494288
0.00081377 0.00494277
0.000813855 0.00494264
0.000813939 0.00494253
0.000814024 0.00494241
0.000814109 0.00494231
0.000814193 0.00494222
0.000814278 0.00494214
0.000814363 0.00494208
0.000814447 0.00494203
0.000814532 0.00494199
0.000814617 0.00494196
0.000814701 0.00494194
0.000814786 0.00494192
0.000814871 0.00494191
0.000814955 0.0049419
0.00081504 0.00494189
0.000815125 0.00494188
0.000815209 0.00494187
0.000815294 0.00494186
0.000815379 0.00494184
0.000815463 0.00494181
0.000815548 0.00494176
0.000815633 0.00494171
0.000815717 0.00494163
0.000815802 0.00494153
0.000815887 0.00494139
0.000815971 0.00494121
0.000816056 0.00494099
0.000816141 0.00494072
0.000816225 0.0049404
0.00081631 0.00494002
0.000816395 0.00493959
0.000816479 0.0049391
0.000816564 0.00493858
0.000816649 0.00493802
0.000816733 0.00493744
0.000816818 0.00493686
0.000816903 0.00493628
0.000816987 0.00493571
0.000817072 0.00493518
0.000817157 0.00493467
0.000817242 0.00493421
0.000817326 0.00493378
0.000817411 0.00493339
0.000817496 0.00493303
0.00081758 0.00493268
0.000817665 0.00493232
0.00081775 0.00493196
0.000817834 0.00493157
0.000817919 0.00493113
0.000818004 0.00493063
0.000818088 0.00493007
0.000818173 0.00492944
0.000818258 0.00492873
0.000818342 0.00492795
0.000818427 0.00492711
0.000818512 0.00492622
0.000818596 0.00492529
0.000818681 0.00492434
0.000818766 0.00492338
0.00081885 0.00492244
0.000818935 0.00492153
0.00081902 0.00492067
0.000819104 0.00491987
0.000819189 0.00491914
0.000819274 0.00491848
0.000819358 0.0049179
0.000819443 0.00491738
0.000819528 0.00491693
0.000819612 0.00491653
0.000819697 0.00491617
0.000819782 0.00491583
0.000819866 0.0049155
0.000819951 0.00491517
0.000820036 0.00491482
0.00082012 0.00491443
0.000820205 0.00491402
0.00082029 0.00491356
0.000820374 0.00491307
0.000820459 0.00491254
0.000820544 0.00491198
0.000820628 0.00491141
0.000820713 0.00491083
0.000820798 0.00491025
0.000820882 0.00490967
0.000820967 0.00490911
0.000821052 0.00490857
0.000821136 0.00490806
0.000821221 0.00490756
0.000821306 0.00490709
0.00082139 0.00490663
0.000821475 0.00490617
0.00082156 0.00490572
0.000821644 0.00490527
0.000821729 0.00490481
0.000821814 0.00490433
0.000821898 0.00490384
0.000821983 0.00490332
0.000822068 0.00490279
0.000822152 0.00490224
0.000822237 0.00490167
0.000822322 0.0049011
0.000822406 0.00490052
0.000822491 0.00489995
0.000822576 0.00489938
0.00082266 0.00489883
0.000822745 0.00489831
0.00082283 0.00489781
0.000822914 0.00489734
0.000822999 0.00489689
0.000823084 0.00489647
0.000823168 0.00489608
0.000823253 0.0048957
0.000823338 0.00489534
0.000823422 0.00489498
0.000823507 0.00489462
0.000823592 0.00489426
0.000823676 0.00489388
0.000823761 0.00489347
0.000823846 0.00489304
0.000823931 0.00489258
0.000824015 0.00489209
0.0008241 0.00489155
0.000824185 0.00489097
0.000824269 0.00489036
0.000824354 0.0048897
0.000824439 0.00488901
0.000824523 0.00488829
0.000824608 0.00488753
0.000824693 0.00488675
0.000824777 0.00488594
0.000824862 0.00488512
0.000824947 0.00488427
0.000825031 0.00488341
0.000825116 0.00488254
0.000825201 0.00488166
0.000825285 0.00488078
0.00082537 0.00487989
0.000825455 0.004879
0.000825539 0.00487811
0.000825624 0.00487722
0.000825709 0.00487635
0.000825793 0.00487547
0.000825878 0.00487461
0.000825963 0.00487375
0.000826047 0.00487289
0.000826132 0.00487205
0.000826217 0.0048712
0.000826301 0.00487035
0.000826386 0.00486951
0.000826471 0.00486866
0.000826555 0.0048678
0.00082664 0.00486694
0.000826725 0.00486607
0.000826809 0.00486519
0.000826894 0.00486429
0.000826979 0.00486338
0.000827063 0.00486246
0.000827148 0.00486151
0.000827233 0.00486056
0.000827317 0.0048596
0.000827402 0.00485863
0.000827487 0.00485768
0.000827571 0.00485674
0.000827656 0.00485584
0.000827741 0.00485497
0.000827825 0.00485416
0.00082791 0.00485341
0.000827995 0.00485273
0.000828079 0.00485212
0.000828164 0.00485158
0.000828249 0.00485111
0.000828333 0.00485069
0.000828418 0.00485032
0.000828503 0.00484999
0.000828587 0.00484967
0.000828672 0.00484934
0.000828757 0.004849
0.000828841 0.00484862
0.000828926 0.0048482
0.000829011 0.00484771
0.000829095 0.00484716
0.00082918 0.00484654
0.000829265 0.00484585
0.000829349 0.00484509
0.000829434 0.00484428
0.000829519 0.00484341
0.000829603 0.0048425
0.000829688 0.00484157
0.000829773 0.00484063
0.000829857 0.0048397
0.000829942 0.00483879
0.000830027 0.0048379
0.000830111 0.00483706
0.000830196 0.00483626
0.000830281 0.00483551
0.000830365 0.00483481
0.00083045 0.00483416
0.000830535 0.00483356
0.000830619 0.00483299
0.000830704 0.00483245
0.000830789 0.00483193
0.000830874 0.00483143
0.000830958 0.00483094
0.000831043 0.00483045
0.000831128 0.00482995
0.000831212 0.00482945
0.000831297 0.00482894
0.000831382 0.00482842
0.000831466 0.0048279
0.000831551 0.00482735
0.000831636 0.0048268
0.00083172 0.00482623
0.000831805 0.00482564
0.00083189 0.00482504
0.000831974 0.00482441
0.000832059 0.00482377
0.000832144 0.00482311
0.000832228 0.00482243
0.000832313 0.00482174
0.000832398 0.00482104
0.000832482 0.00482032
0.000832567 0.00481959
0.000832652 0.00481886
0.000832736 0.00481812
0.000832821 0.00481737
0.000832906 0.00481661
0.00083299 0.00481584
0.000833075 0.00481504
0.00083316 0.00481422
0.000833244 0.00481336
0.000833329 0.00481246
0.000833414 0.00481151
0.000833498 0.00481049
0.000833583 0.0048094
0.000833668 0.00480824
0.000833752 0.00480699
0.000833837 0.00480566
0.000833922 0.00480424
0.000834006 0.00480273
0.000834091 0.00480113
0.000834176 0.00479944
0.00083426 0.00479767
0.000834345 0.00479582
0.00083443 0.00479391
0.000834514 0.00479193
0.000834599 0.00478989
0.000834684 0.00478781
0.000834768 0.00478567
0.000834853 0.0047835
0.000834938 0.00478129
0.000835022 0.00477904
0.000835107 0.00477676
0.000835192 0.00477444
0.000835276 0.00477208
0.000835361 0.00476969
0.000835446 0.00476726
0.00083553 0.00476479
0.000835615 0.00476229
0.0008357 0.00475976
0.000835784 0.0047572
0.000835869 0.00475463
0.000835954 0.00475203
0.000836038 0.00474942
0.000836123 0.0047468
0.000836208 0.00474418
0.000836292 0.00474156
0.000836377 0.00473893
0.000836462 0.00473631
0.000836546 0.00473368
0.000836631 0.00473106
0.000836716 0.00472842
0.0008368 0.00472579
0.000836885 0.00472314
0.00083697 0.00472049
0.000837054 0.00471782
0.000837139 0.00471515
0.000837224 0.00471246
0.000837308 0.00470978
0.000837393 0.00470709
0.000837478 0.00470441
0.000837563 0.00470175
0.000837647 0.0046991
0.000837732 0.00469647
0.000837817 0.00469388
0.000837901 0.00469131
0.000837986 0.00468879
0.000838071 0.0046863
0.000838155 0.00468384
0.00083824 0.00468143
0.000838325 0.00467905
0.000838409 0.00467671
0.000838494 0.0046744
0.000838579 0.00467212
0.000838663 0.00466986
0.000838748 0.00466764
0.000838833 0.00466544
0.000838917 0.00466328
0.000839002 0.00466115
0.000839087 0.00465906
0.000839171 0.00465702
0.000839256 0.00465502
0.000839341 0.00465308
0.000839425 0.00465121
0.00083951 0.0046494
0.000839595 0.00464767
0.000839679 0.00464602
0.000839764 0.00464445
0.000839849 0.00464296
0.000839933 0.00464154
0.000840018 0.0046402
0.000840103 0.00463893
0.000840187 0.00463771
0.000840272 0.00463653
0.000840357 0.00463539
0.000840441 0.00463426
0.000840526 0.00463315
0.000840611 0.00463203
0.000840695 0.0046309
0.00084078 0.00462976
0.000840865 0.00462859
0.000840949 0.00462739
0.000841034 0.00462615
0.000841119 0.00462489
0.000841203 0.0046236
0.000841288 0.00462227
0.000841373 0.00462092
0.000841457 0.00461953
0.000841542 0.00461812
0.000841627 0.00461668
0.000841711 0.00461523
0.000841796 0.00461375
0.000841881 0.00461225
0.000841965 0.00461075
0.00084205 0.00460922
0.000842135 0.00460769
0.000842219 0.00460616
0.000842304 0.00460462
0.000842389 0.00460307
0.000842473 0.00460153
0.000842558 0.00459999
0.000842643 0.00459845
0.000842727 0.00459691
0.000842812 0.00459539
0.000842897 0.00459387
0.000842981 0.00459236
0.000843066 0.00459087
0.000843151 0.0045894
0.000843235 0.00458796
0.00084332 0.00458654
0.000843405 0.00458514
0.000843489 0.00458379
0.000843574 0.00458247
0.000843659 0.00458118
0.000843743 0.00457994
0.000843828 0.00457875
0.000843913 0.00457759
0.000843997 0.00457648
0.000844082 0.0045754
0.000844167 0.00457436
0.000844251 0.00457336
0.000844336 0.00457238
0.000844421 0.00457142
0.000844506 0.00457047
0.00084459 0.00456953
0.000844675 0.00456859
0.00084476 0.00456765
0.000844844 0.0045667
0.000844929 0.00456575
0.000845014 0.00456479
0.000845098 0.00456382
0.000845183 0.00456285
0.000845268 0.00456187
0.000845352 0.00456088
0.000845437 0.00455988
0.000845522 0.00455889
0.000845606 0.00455788
0.000845691 0.00455686
0.000845776 0.00455582
0.00084586 0.00455476
0.000845945 0.00455368
0.00084603 0.00455257
0.000846114 0.00455142
0.000846199 0.00455023
0.000846284 0.00454901
0.000846368 0.00454774
0.000846453 0.00454643
0.000846538 0.00454508
0.000846622 0.00454371
0.000846707 0.00454231
0.000846792 0.00454089
0.000846876 0.00453946
0.000846961 0.00453803
0.000847046 0.00453661
0.00084713 0.0045352
0.000847215 0.00453382
0.0008473 0.00453245
0.000847384 0.00453111
0.000847469 0.00452979
0.000847554 0.00452848
0.000847638 0.0045272
0.000847723 0.00452592
0.000847808 0.00452465
0.000847892 0.00452338
0.000847977 0.00452211
0.000848062 0.00452084
0.000848146 0.00451955
0.000848231 0.00451827
0.000848316 0.00451698
0.0008484 0.0045157
0.000848485 0.00451444
0.00084857 0.00451319
0.000848654 0.00451197
0.000848739 0.00451078
0.000848824 0.00450964
0.000848908 0.00450855
0.000848993 0.00450751
0.000849078 0.00450653
0.000849162 0.0045056
0.000849247 0.00450474
0.000849332 0.00450393
0.000849416 0.00450318
0.000849501 0.00450248
0.000849586 0.00450182
0.00084967 0.00450121
0.000849755 0.00450064
0.00084984 0.00450011
0.000849924 0.00449962
0.000850009 0.00449917
0.000850094 0.00449876
0.000850178 0.0044984
0.000850263 0.00449808
0.000850348 0.00449781
0.000850432 0.00449758
0.000850517 0.0044974
0.000850602 0.00449726
0.000850686 0.00449716
0.000850771 0.00449708
0.000850856 0.00449703
0.00085094 0.00449699
0.000851025 0.00449696
0.00085111 0.00449692
0.000851195 0.00449687
0.000851279 0.00449681
0.000851364 0.00449672
0.000851449 0.00449661
0.000851533 0.00449649
0.000851618 0.00449634
0.000851703 0.00449617
0.000851787 0.00449599
0.000851872 0.00449581
0.000851957 0.00449564
0.000852041 0.00449547
0.000852126 0.00449532
0.000852211 0.0044952
0.000852295 0.00449512
0.00085238 0.00449506
0.000852465 0.00449505
0.000852549 0.00449507
0.000852634 0.00449513
0.000852719 0.00449523
0.000852803 0.00449535
0.000852888 0.0044955
0.000852973 0.00449567
0.000853057 0.00449585
0.000853142 0.00449604
0.000853227 0.00449624
0.000853311 0.00449643
0.000853396 0.00449662
0.000853481 0.0044968
0.000853565 0.00449698
0.00085365 0.00449714
0.000853735 0.00449729
0.000853819 0.00449743
0.000853904 0.00449756
0.000853989 0.00449767
0.000854073 0.00449776
0.000854158 0.00449784
0.000854243 0.00449791
0.000854327 0.00449796
0.000854412 0.00449799
0.000854497 0.004498
0.000854581 0.004498
0.000854666 0.00449798
0.000854751 0.00449794
0.000854835 0.00449787
0.00085492 0.00449779
0.000855005 0.00449768
0.000855089 0.00449755
0.000855174 0.00449739
0.000855259 0.00449721
0.000855343 0.00449702
0.000855428 0.0044968
0.000855513 0.00449657
0.000855597 0.00449632
0.000855682 0.00449606
0.000855767 0.00449579
0.000855851 0.00449551
0.000855936 0.00449523
0.000856021 0.00449495
0.000856105 0.00449468
0.00085619 0.00449441
0.000856275 0.00449415
0.000856359 0.0044939
0.000856444 0.00449368
0.000856529 0.00449346
0.000856613 0.00449327
0.000856698 0.00449308
0.000856783 0.00449291
0.000856867 0.00449274
0.000856952 0.00449257
0.000857037 0.00449239
0.000857121 0.00449221
0.000857206 0.004492
0.000857291 0.00449177
0.000857375 0.00449152
0.00085746 0.00449124
0.000857545 0.00449092
0.000857629 0.00449057
0.000857714 0.00449019
0.000857799 0.00448977
0.000857883 0.00448932
0.000857968 0.00448883
0.000858053 0.00448832
0.000858138 0.00448778
0.000858222 0.00448722
0.000858307 0.00448664
0.000858392 0.00448604
0.000858476 0.00448542
0.000858561 0.00448478
0.000858646 0.00448412
0.00085873 0.00448343
0.000858815 0.00448272
0.0008589 0.00448197
0.000858984 0.00448119
0.000859069 0.00448037
0.000859154 0.00447951
0.000859238 0.00447861
0.000859323 0.00447768
0.000859408 0.0044767
0.000859492 0.0044757
0.000859577 0.00447467
0.000859662 0.00447361
0.000859746 0.00447254
0.000859831 0.00447146
0.000859916 0.00447038
0.00086 0.00446929
0.000860085 0.0044682
0.00086017 0.00446713
0.000860254 0.00446606
0.000860339 0.00446501
0.000860424 0.00446397
0.000860508 0.00446294
0.000860593 0.00446192
0.000860678 0.0044609
0.000860762 0.00445988
0.000860847 0.00445885
0.000860932 0.00445781
0.000861016 0.00445675
0.000861101 0.00445566
0.000861186 0.00445454
0.00086127 0.00445339
0.000861355 0.00445221
0.00086144 0.004451
0.000861524 0.00444975
0.000861609 0.00444847
0.000861694 0.00444716
0.000861778 0.00444583
0.000861863 0.00444448
0.000861948 0.0044431
0.000862032 0.0044417
0.000862117 0.00444029
0.000862202 0.00443886
0.000862286 0.00443742
0.000862371 0.00443597
0.000862456 0.0044345
0.00086254 0.00443301
0.000862625 0.00443151
0.00086271 0.00442999
0.000862794 0.00442844
0.000862879 0.00442687
0.000862964 0.00442528
0.000863048 0.00442365
0.000863133 0.004422
0.000863218 0.00442031
0.000863302 0.0044186
0.000863387 0.00441687
0.000863472 0.00441513
0.000863556 0.00441337
0.000863641 0.00441162
0.000863726 0.00440987
0.00086381 0.00440813
0.000863895 0.00440642
0.00086398 0.00440473
0.000864064 0.00440308
0.000864149 0.00440148
0.000864234 0.00439992
0.000864318 0.0043984
0.000864403 0.00439694
0.000864488 0.00439553
0.000864572 0.00439417
0.000864657 0.00439285
0.000864742 0.00439157
0.000864826 0.00439032
0.000864911 0.0043891
0.000864996 0.0043879
0.000865081 0.00438672
0.000865165 0.00438554
0.00086525 0.00438437
0.000865335 0.0043832
0.000865419 0.00438203
0.000865504 0.00438086
0.000865589 0.00437968
0.000865673 0.00437849
0.000865758 0.0043773
0.000865843 0.00437611
0.000865927 0.0043749
0.000866012 0.00437369
0.000866097 0.00437247
0.000866181 0.00437124
0.000866266 0.00437
0.000866351 0.00436874
0.000866435 0.00436748
0.00086652 0.0043662
0.000866605 0.00436492
0.000866689 0.00436364
0.000866774 0.00436235
0.000866859 0.00436107
0.000866943 0.0043598
0.000867028 0.00435856
0.000867113 0.00435734
0.000867197 0.00435616
0.000867282 0.00435503
0.000867367 0.00435394
0.000867451 0.00435292
0.000867536 0.00435195
0.000867621 0.00435104
0.000867705 0.00435019
0.00086779 0.0043494
0.000867875 0.00434865
0.000867959 0.00434794
0.000868044 0.00434725
0.000868129 0.00434658
0.000868213 0.00434592
0.000868298 0.00434524
0.000868383 0.00434454
0.000868467 0.00434381
0.000868552 0.00434305
0.000868637 0.00434226
0.000868721 0.00434142
0.000868806 0.00434056
0.000868891 0.00433967
0.000868975 0.00433877
0.00086906 0.00433786
0.000869145 0.00433697
0.000869229 0.0043361
0.000869314 0.00433527
0.000869399 0.00433449
0.000869483 0.00433376
0.000869568 0.00433309
0.000869653 0.00433248
0.000869737 0.00433192
0.000869822 0.00433142
0.000869907 0.00433095
0.000869991 0.00433051
0.000870076 0.00433008
0.000870161 0.00432964
0.000870245 0.00432917
0.00087033 0.00432866
0.000870415 0.00432807
0.000870499 0.00432741
0.000870584 0.00432665
0.000870669 0.00432578
0.000870753 0.00432481
0.000870838 0.00432372
0.000870923 0.00432253
0.000871007 0.00432124
0.000871092 0.00431987
0.000871177 0.00431842
0.000871261 0.00431693
0.000871346 0.00431541
0.000871431 0.00431388
0.000871515 0.00431236
0.0008716 0.00431085
0.000871685 0.00430939
0.00087177 0.00430797
0.000871854 0.00430661
0.000871939 0.00430532
0.000872024 0.0043041
0.000872108 0.00430295
0.000872193 0.00430187
0.000872278 0.00430087
0.000872362 0.00429993
0.000872447 0.00429907
0.000872532 0.00429827
0.000872616 0.00429752
0.000872701 0.00429683
0.000872786 0.00429619
0.00087287 0.00429558
0.000872955 0.00429501
0.00087304 0.00429445
0.000873124 0.0042939
0.000873209 0.00429336
0.000873294 0.00429279
0.000873378 0.0042922
0.000873463 0.00429157
0.000873548 0.00429089
0.000873632 0.00429014
0.000873717 0.00428932
0.000873802 0.00428842
0.000873886 0.00428743
0.000873971 0.00428636
0.000874056 0.00428522
0.00087414 0.00428401
0.000874225 0.00428275
0.00087431 0.00428145
0.000874394 0.00428014
0.000874479 0.00427883
0.000874564 0.00427754
0.000874648 0.00427628
0.000874733 0.00427508
0.000874818 0.00427395
0.000874902 0.00427288
0.000874987 0.00427189
0.000875072 0.00427098
0.000875156 0.00427013
0.000875241 0.00426933
0.000875326 0.00426857
0.00087541 0.00426784
0.000875495 0.00426712
0.00087558 0.00426638
0.000875664 0.00426561
0.000875749 0.00426479
0.000875834 0.00426391
0.000875918 0.00426295
0.000876003 0.00426192
0.000876088 0.0042608
0.000876172 0.00425961
0.000876257 0.00425834
0.000876342 0.004257
0.000876426 0.00425561
0.000876511 0.00425418
0.000876596 0.00425271
0.00087668 0.00425122
0.000876765 0.00424972
0.00087685 0.00424822
0.000876934 0.00424673
0.000877019 0.00424525
0.000877104 0.00424379
0.000877188 0.00424234
0.000877273 0.00424092
0.000877358 0.00423951
0.000877442 0.00423811
0.000877527 0.00423672
0.000877612 0.00423533
0.000877696 0.00423393
0.000877781 0.00423253
0.000877866 0.00423111
0.00087795 0.00422966
0.000878035 0.00422819
0.00087812 0.00422669
0.000878204 0.00422516
0.000878289 0.0042236
0.000878374 0.00422201
0.000878458 0.00422039
0.000878543 0.00421874
0.000878628 0.00421706
0.000878713 0.00421535
0.000878797 0.00421361
0.000878882 0.00421185
0.000878967 0.00421006
0.000879051 0.00420825
0.000879136 0.00420642
0.000879221 0.00420458
0.000879305 0.00420273
0.00087939 0.00420089
0.000879475 0.00419906
0.000879559 0.00419725
0.000879644 0.00419547
0.000879729 0.00419374
0.000879813 0.00419206
0.000879898 0.00419044
0.000879983 0.00418889
0.000880067 0.00418743
0.000880152 0.00418605
0.000880237 0.00418477
0.000880321 0.00418358
0.000880406 0.00418248
0.000880491 0.00418147
0.000880575 0.00418054
0.00088066 0.00417969
0.000880745 0.0041789
0.000880829 0.00417817
0.000880914 0.00417747
0.000880999 0.00417679
0.000881083 0.00417612
0.000881168 0.00417546
0.000881253 0.00417478
0.000881337 0.00417409
0.000881422 0.00417338
0.000881507 0.00417264
0.000881591 0.00417188
0.000881676 0.00417109
0.000881761 0.00417028
0.000881845 0.00416946
0.00088193 0.00416863
0.000882015 0.0041678
0.000882099 0.00416697
0.000882184 0.00416616
0.000882269 0.00416536
0.000882353 0.0041646
0.000882438 0.00416386
0.000882523 0.00416316
0.000882607 0.00416249
0.000882692 0.00416185
0.000882777 0.00416123
0.000882861 0.00416064
0.000882946 0.00416006
0.000883031 0.00415948
0.000883115 0.00415889
0.0008832 0.00415829
0.000883285 0.00415766
0.000883369 0.004157
0.000883454 0.00415631
0.000883539 0.00415558
0.000883623 0.00415481
0.000883708 0.004154
0.000883793 0.00415315
0.000883877 0.00415227
0.000883962 0.00415135
0.000884047 0.00415041
0.000884131 0.00414945
0.000884216 0.00414846
0.000884301 0.00414747
0.000884385 0.00414646
0.00088447 0.00414545
0.000884555 0.00414443
0.000884639 0.0041434
0.000884724 0.00414237
0.000884809 0.00414133
0.000884893 0.00414028
0.000884978 0.00413921
0.000885063 0.00413812
0.000885147 0.00413702
0.000885232 0.00413591
0.000885317 0.00413477
0.000885402 0.00413363
0.000885486 0.00413248
0.000885571 0.00413133
0.000885656 0.00413019
0.00088574 0.00412905
0.000885825 0.00412794
0.00088591 0.00412684
0.000885994 0.00412577
0.000886079 0.00412473
0.000886164 0.00412371
0.000886248 0.00412272
0.000886333 0.00412176
0.000886418 0.00412081
0.000886502 0.00411989
0.000886587 0.00411898
0.000886672 0.00411808
0.000886756 0.0041172
0.000886841 0.00411632
0.000886926 0.00411545
0.00088701 0.00411459
0.000887095 0.00411375
0.00088718 0.00411291
0.000887264 0.0041121
0.000887349 0.00411131
0.000887434 0.00411055
0.000887518 0.00410983
0.000887603 0.00410916
0.000887688 0.00410853
0.000887772 0.00410795
0.000887857 0.00410742
0.000887942 0.00410694
0.000888026 0.00410651
0.000888111 0.00410612
0.000888196 0.00410577
0.00088828 0.00410544
0.000888365 0.00410515
0.00088845 0.00410487
0.000888534 0.00410461
0.000888619 0.00410435
0.000888704 0.0041041
0.000888788 0.00410385
0.000888873 0.00410362
0.000888958 0.00410339
0.000889042 0.00410317
0.000889127 0.00410297
0.000889212 0.0041028
0.000889296 0.00410265
0.000889381 0.00410254
0.000889466 0.00410246
0.00088955 0.00410243
0.000889635 0.00410243
0.00088972 0.00410247
0.000889804 0.00410254
0.000889889 0.00410263
0.000889974 0.00410274
0.000890058 0.00410285
0.000890143 0.00410295
0.000890228 0.00410303
0.000890312 0.00410308
0.000890397 0.00410309
0.000890482 0.00410304
0.000890566 0.00410293
0.000890651 0.00410275
0.000890736 0.00410251
0.00089082 0.0041022
0.000890905 0.00410184
0.00089099 0.00410142
0.000891074 0.00410095
0.000891159 0.00410045
0.000891244 0.00409993
0.000891328 0.00409941
0.000891413 0.00409889
0.000891498 0.00409839
0.000891582 0.00409791
0.000891667 0.00409747
0.000891752 0.00409708
0.000891836 0.00409673
0.000891921 0.00409643
0.000892006 0.00409617
0.00089209 0.00409596
0.000892175 0.00409578
0.00089226 0.00409563
0.000892345 0.00409551
0.000892429 0.0040954
0.000892514 0.00409529
0.000892599 0.00409519
0.000892683 0.00409509
0.000892768 0.00409498
0.000892853 0.00409486
0.000892937 0.00409473
0.000893022 0.00409458
0.000893107 0.00409443
0.000893191 0.00409425
0.000893276 0.00409406
0.000893361 0.00409386
0.000893445 0.00409364
0.00089353 0.00409341
0.000893615 0.00409316
0.000893699 0.00409289
0.000893784 0.00409261
0.000893869 0.00409231
0.000893953 0.004092
0.000894038 0.00409168
0.000894123 0.00409134
0.000894207 0.00409099
0.000894292 0.00409064
0.000894377 0.00409028
0.000894461 0.00408993
0.000894546 0.00408959
0.000894631 0.00408925
0.000894715 0.00408894
0.0008948 0.00408865
0.000894885 0.00408838
0.000894969 0.00408815
0.000895054 0.00408795
0.000895139 0.00408778
0.000895223 0.00408764
0.000895308 0.00408753
0.000895393 0.00408744
0.000895477 0.00408737
0.000895562 0.0040873
0.000895647 0.00408724
0.000895731 0.00408718
0.000895816 0.00408711
0.000895901 0.00408703
0.000895985 0.00408693
0.00089607 0.00408683
0.000896155 0.00408673
0.000896239 0.00408662
0.000896324 0.00408652
0.000896409 0.00408643
0.000896493 0.00408636
0.000896578 0.00408632
0.000896663 0.00408631
0.000896747 0.00408634
0.000896832 0.00408642
0.000896917 0.00408654
0.000897001 0.00408671
0.000897086 0.00408693
0.000897171 0.0040872
0.000897255 0.0040875
0.00089734 0.00408785
0.000897425 0.00408822
0.000897509 0.0040886
0.000897594 0.00408899
0.000897679 0.00408938
0.000897763 0.00408976
0.000897848 0.00409011
0.000897933 0.00409042
0.000898017 0.0040907
0.000898102 0.00409093
0.000898187 0.00409112
0.000898271 0.00409126
0.000898356 0.00409135
0.000898441 0.00409139
0.000898525 0.0040914
0.00089861 0.00409136
0.000898695 0.0040913
0.000898779 0.0040912
0.000898864 0.00409108
0.000898949 0.00409094
0.000899034 0.00409079
0.000899118 0.00409062
0.000899203 0.00409044
0.000899288 0.00409025
0.000899372 0.00409006
0.000899457 0.00408985
0.000899542 0.00408963
0.000899626 0.00408939
0.000899711 0.00408914
0.000899796 0.00408887
0.00089988 0.00408858
0.000899965 0.00408827
0.00090005 0.00408795
0.000900134 0.0040876
0.000900219 0.00408724
0.000900304 0.00408687
0.000900388 0.0040865
0.000900473 0.00408612
0.000900558 0.00408575
0.000900642 0.00408538
0.000900727 0.00408502
0.000900812 0.00408468
0.000900896 0.00408436
0.000900981 0.00408405
0.000901066 0.00408377
0.00090115 0.00408352
0.000901235 0.00408329
0.00090132 0.00408309
0.000901404 0.00408291
0.000901489 0.00408276
0.000901574 0.00408264
0.000901658 0.00408254
0.000901743 0.00408246
0.000901828 0.00408239
0.000901912 0.00408234
0.000901997 0.0040823
0.000902082 0.00408226
0.000902166 0.00408222
0.000902251 0.00408217
0.000902336 0.00408212
0.00090242 0.00408205
0.000902505 0.00408196
0.00090259 0.00408186
0.000902674 0.00408174
0.000902759 0.00408161
0.000902844 0.00408145
0.000902928 0.00408129
0.000903013 0.00408112
0.000903098 0.00408094
0.000903182 0.00408077
0.000903267 0.00408062
0.000903352 0.00408048
0.000903436 0.00408037
0.000903521 0.0040803
0.000903606 0.00408026
0.00090369 0.00408026
0.000903775 0.00408031
0.00090386 0.00408041
0.000903944 0.00408056
0.000904029 0.00408075
0.000904114 0.004081
0.000904198 0.00408129
0.000904283 0.00408163
0.000904368 0.00408202
0.000904452 0.00408245
0.000904537 0.00408293
0.000904622 0.00408345
0.000904706 0.00408402
0.000904791 0.00408462
0.000904876 0.00408526
0.00090496 0.00408593
0.000905045 0.00408662
0.00090513 0.00408734
0.000905214 0.00408806
0.000905299 0.0040888
0.000905384 0.00408954
0.000905468 0.00409027
0.000905553 0.004091
0.000905638 0.00409172
0.000905722 0.00409243
0.000905807 0.00409314
0.000905892 0.00409385
0.000905977 0.00409455
0.000906061 0.00409527
0.000906146 0.00409601
0.000906231 0.00409677
0.000906315 0.00409757
0.0009064 0.00409841
0.000906485 0.0040993
0.000906569 0.00410024
0.000906654 0.00410122
0.000906739 0.00410226
0.000906823 0.00410332
0.000906908 0.00410441
0.000906993 0.00410551
0.000907077 0.0041066
0.000907162 0.00410765
0.000907247 0.00410865
0.000907331 0.00410958
0.000907416 0.00411042
0.000907501 0.00411116
0.000907585 0.00411178
0.00090767 0.00411228
0.000907755 0.00411266
0.000907839 0.00411292
0.000907924 0.00411308
0.000908009 0.00411315
0.000908093 0.00411315
0.000908178 0.00411311
0.000908263 0.00411303
0.000908347 0.00411296
0.000908432 0.0041129
0.000908517 0.00411288
0.000908601 0.00411291
0.000908686 0.004113
0.000908771 0.00411316
0.000908855 0.00411339
0.00090894 0.00411368
0.000909025 0.00411402
0.000909109 0.0041144
0.000909194 0.0041148
0.000909279 0.00411521
0.000909363 0.00411561
0.000909448 0.00411598
0.000909533 0.00411629
0.000909617 0.00411654
0.000909702 0.0041167
0.000909787 0.00411678
0.000909871 0.00411675
0.000909956 0.00411662
0.000910041 0.00411639
0.000910125 0.00411605
0.00091021 0.00411561
0.000910295 0.00411507
0.000910379 0.00411443
0.000910464 0.00411371
0.000910549 0.0041129
0.000910633 0.004112
0.000910718 0.00411104
0.000910803 0.00411
0.000910887 0.0041089
0.000910972 0.00410774
0.000911057 0.00410654
0.000911141 0.00410529
0.000911226 0.00410401
0.000911311 0.00410271
0.000911395 0.0041014
0.00091148 0.00410009
0.000911565 0.0040988
0.000911649 0.00409754
0.000911734 0.00409631
0.000911819 0.00409513
0.000911903 0.004094
0.000911988 0.00409292
0.000912073 0.00409189
0.000912157 0.00409091
0.000912242 0.00408997
0.000912327 0.00408906
0.000912411 0.00408817
0.000912496 0.00408729
0.000912581 0.0040864
0.000912666 0.0040855
0.00091275 0.00408458
0.000912835 0.00408363
0.00091292 0.00408265
0.000913004 0.00408164
0.000913089 0.00408061
0.000913174 0.00407957
0.000913258 0.00407852
0.000913343 0.00407749
0.000913428 0.00407648
0.000913512 0.00407551
0.000913597 0.00407459
0.000913682 0.00407373
0.000913766 0.00407294
0.000913851 0.00407222
0.000913936 0.00407157
0.00091402 0.00407098
0.000914105 0.00407046
0.00091419 0.00406998
0.000914274 0.00406954
0.000914359 0.00406913
0.000914444 0.00406873
0.000914528 0.00406834
0.000914613 0.00406794
0.000914698 0.00406753
0.000914782 0.0040671
0.000914867 0.00406666
0.000914952 0.00406621
0.000915036 0.00406574
0.000915121 0.00406527
0.000915206 0.00406479
0.00091529 0.00406432
0.000915375 0.00406386
0.00091546 0.0040634
0.000915544 0.00406296
0.000915629 0.00406254
0.000915714 0.00406214
0.000915798 0.00406175
0.000915883 0.00406138
0.000915968 0.00406104
0.000916052 0.0040607
0.000916137 0.00406038
0.000916222 0.00406007
0.000916306 0.00405978
0.000916391 0.00405949
0.000916476 0.00405922
0.00091656 0.00405895
0.000916645 0.0040587
0.00091673 0.00405847
0.000916814 0.00405825
0.000916899 0.00405806
0.000916984 0.00405789
0.000917068 0.00405775
0.000917153 0.00405765
0.000917238 0.00405758
0.000917322 0.00405755
0.000917407 0.00405756
0.000917492 0.00405759
0.000917576 0.00405766
0.000917661 0.00405775
0.000917746 0.00405786
0.00091783 0.00405798
0.000917915 0.00405811
0.000918 0.00405823
0.000918084 0.00405836
0.000918169 0.00405847
0.000918254 0.00405857
0.000918338 0.00405866
0.000918423 0.00405873
0.000918508 0.00405878
0.000918592 0.00405881
0.000918677 0.00405881
0.000918762 0.0040588
0.000918846 0.00405877
0.000918931 0.00405871
0.000919016 0.00405864
0.0009191 0.00405854
0.000919185 0.00405843
0.00091927 0.0040583
0.000919354 0.00405816
0.000919439 0.004058
0.000919524 0.00405783
0.000919609 0.00405764
0.000919693 0.00405746
0.000919778 0.00405726
0.000919863 0.00405707
0.000919947 0.00405688
0.000920032 0.00405669
0.000920117 0.0040565
0.000920201 0.00405633
0.000920286 0.00405616
0.000920371 0.00405599
0.000920455 0.00405583
0.00092054 0.00405567
0.000920625 0.00405551
0.000920709 0.00405535
0.000920794 0.00405519
0.000920879 0.00405502
0.000920963 0.00405484
0.000921048 0.00405466
0.000921133 0.00405447
0.000921217 0.00405427
0.000921302 0.00405407
0.000921387 0.00405385
0.000921471 0.00405362
0.000921556 0.00405338
0.000921641 0.00405313
0.000921725 0.00405286
0.00092181 0.00405258
0.000921895 0.00405229
0.000921979 0.00405198
0.000922064 0.00405166
0.000922149 0.00405132
0.000922233 0.00405096
0.000922318 0.00405059
0.000922403 0.00405019
0.000922487 0.00404977
0.000922572 0.00404932
0.000922657 0.00404885
0.000922741 0.00404835
0.000922826 0.00404782
0.000922911 0.00404726
0.000922995 0.00404669
0.00092308 0.00404609
0.000923165 0.00404547
0.000923249 0.00404483
0.000923334 0.00404417
0.000923419 0.00404349
0.000923503 0.0040428
0.000923588 0.00404208
0.000923673 0.00404135
0.000923757 0.00404059
0.000923842 0.0040398
0.000923927 0.00403899
0.000924011 0.00403815
0.000924096 0.00403728
0.000924181 0.00403639
0.000924265 0.00403548
0.00092435 0.00403456
0.000924435 0.00403364
0.000924519 0.00403271
0.000924604 0.00403178
0.000924689 0.00403087
0.000924773 0.00402998
0.000924858 0.00402911
0.000924943 0.00402826
0.000925027 0.00402744
0.000925112 0.00402665
0.000925197 0.00402588
0.000925281 0.00402513
0.000925366 0.0040244
0.000925451 0.00402369
0.000925535 0.00402298
0.00092562 0.00402228
0.000925705 0.00402156
0.000925789 0.00402084
0.000925874 0.00402011
0.000925959 0.00401936
0.000926043 0.0040186
0.000926128 0.00401782
0.000926213 0.00401703
0.000926298 0.00401625
0.000926382 0.00401546
0.000926467 0.0040147
0.000926552 0.00401395
0.000926636 0.00401325
0.000926721 0.00401258
0.000926806 0.00401196
0.00092689 0.00401139
0.000926975 0.00401087
0.00092706 0.0040104
0.000927144 0.00400998
0.000927229 0.0040096
0.000927314 0.00400924
0.000927398 0.00400889
0.000927483 0.00400855
0.000927568 0.0040082
0.000927652 0.00400783
0.000927737 0.00400743
0.000927822 0.00400699
0.000927906 0.00400651
0.000927991 0.00400599
0.000928076 0.00400544
0.00092816 0.00400485
0.000928245 0.00400424
0.00092833 0.00400362
0.000928414 0.00400299
0.000928499 0.00400236
0.000928584 0.00400173
0.000928668 0.00400112
0.000928753 0.00400053
0.000928838 0.00399995
0.000928922 0.00399938
0.000929007 0.00399881
0.000929092 0.00399823
0.000929176 0.00399764
0.000929261 0.00399702
0.000929346 0.00399637
0.00092943 0.00399566
0.000929515 0.00399489
0.0009296 0.00399406
0.000929684 0.00399316
0.000929769 0.00399218
0.000929854 0.00399113
0.000929938 0.00399001
0.000930023 0.00398885
0.000930108 0.00398763
0.000930192 0.00398639
0.000930277 0.00398513
0.000930362 0.00398387
0.000930446 0.00398262
0.000930531 0.00398139
0.000930616 0.00398019
0.0009307 0.00397902
0.000930785 0.00397788
0.00093087 0.00397676
0.000930954 0.00397565
0.000931039 0.00397455
0.000931124 0.00397343
0.000931208 0.0039723
0.000931293 0.00397112
0.000931378 0.00396991
0.000931462 0.00396864
0.000931547 0.00396731
0.000931632 0.00396593
0.000931716 0.00396451
0.000931801 0.00396303
0.000931886 0.00396153
0.00093197 0.00396001
0.000932055 0.00395847
0.00093214 0.00395695
0.000932224 0.00395544
0.000932309 0.00395396
0.000932394 0.00395251
0.000932478 0.00395109
0.000932563 0.0039497
0.000932648 0.00394833
0.000932732 0.00394697
0.000932817 0.0039456
0.000932902 0.00394422
0.000932986 0.0039428
0.000933071 0.00394132
0.000933156 0.00393978
0.000933241 0.00393815
0.000933325 0.00393643
0.00093341 0.00393461
0.000933495 0.0039327
0.000933579 0.0039307
0.000933664 0.00392862
0.000933749 0.00392646
0.000933833 0.00392424
0.000933918 0.00392198
0.000934003 0.00391968
0.000934087 0.00391736
0.000934172 0.00391503
0.000934257 0.00391269
0.000934341 0.00391035
0.000934426 0.003908
0.000934511 0.00390564
0.000934595 0.00390327
0.00093468 0.00390088
0.000934765 0.00389845
0.000934849 0.00389599
0.000934934 0.00389348
0.000935019 0.00389091
0.000935103 0.00388829
0.000935188 0.00388562
0.000935273 0.00388289
0.000935357 0.00388012
0.000935442 0.00387731
0.000935527 0.00387447
0.000935611 0.00387161
0.000935696 0.00386874
0.000935781 0.00386587
0.000935865 0.00386301
0.00093595 0.00386015
0.000936035 0.0038573
0.000936119 0.00385446
0.000936204 0.00385163
0.000936289 0.00384878
0.000936373 0.00384592
0.000936458 0.00384303
0.000936543 0.00384009
0.000936627 0.00383709
0.000936712 0.00383403
0.000936797 0.0038309
0.000936881 0.00382768
0.000936966 0.00382438
0.000937051 0.003821
0.000937135 0.00381756
0.00093722 0.00381406
0.000937305 0.00381052
0.000937389 0.00380696
0.000937474 0.00380339
0.000937559 0.00379983
0.000937643 0.00379631
0.000937728 0.00379282
0.000937813 0.00378939
0.000937897 0.003786
0.000937982 0.00378267
0.000938067 0.00377938
0.000938151 0.00377613
0.000938236 0.00377289
0.000938321 0.00376966
0.000938405 0.0037664
0.00093849 0.00376312
0.000938575 0.00375978
0.000938659 0.00375639
0.000938744 0.00375293
0.000938829 0.00374939
0.000938913 0.00374579
0.000938998 0.00374212
0.000939083 0.00373839
0.000939167 0.00373462
0.000939252 0.00373082
0.000939337 0.00372701
0.000939421 0.0037232
0.000939506 0.00371941
0.000939591 0.00371565
0.000939675 0.00371194
0.00093976 0.00370828
0.000939845 0.00370467
0.000939929 0.00370111
0.000940014 0.0036976
0.000940099 0.00369414
0.000940184 0.0036907
0.000940268 0.00368729
0.000940353 0.0036839
0.000940438 0.00368051
0.000940522 0.00367712
0.000940607 0.00367372
0.000940692 0.00367032
0.000940776 0.00366691
0.000940861 0.00366348
0.000940946 0.00366006
0.00094103 0.00365664
0.000941115 0.00365323
0.0009412 0.00364983
0.000941284 0.00364645
0.000941369 0.00364309
0.000941454 0.00363975
0.000941538 0.00363644
0.000941623 0.00363316
0.000941708 0.00362989
0.000941792 0.00362664
0.000941877 0.0036234
0.000941962 0.00362017
0.000942046 0.00361693
0.000942131 0.00361369
0.000942216 0.00361044
0.0009423 0.00360717
0.000942385 0.00360388
0.00094247 0.00360057
0.000942554 0.00359725
0.000942639 0.00359392
0.000942724 0.00359059
0.000942808 0.00358725
0.000942893 0.00358393
0.000942978 0.00358062
0.000943062 0.00357734
0.000943147 0.0035741
0.000943232 0.00357089
0.000943316 0.00356773
0.000943401 0.00356462
0.000943486 0.00356156
0.00094357 0.00355855
0.000943655 0.00355558
0.00094374 0.00355267
0.000943824 0.00354979
0.000943909 0.00354695
0.000943994 0.00354414
0.000944078 0.00354135
0.000944163 0.00353857
0.000944248 0.0035358
0.000944332 0.00353304
0.000944417 0.00353027
0.000944502 0.0035275
0.000944586 0.00352473
0.000944671 0.00352196
0.000944756 0.00351919
0.00094484 0.00351642
0.000944925 0.00351367
0.00094501 0.00351093
0.000945094 0.00350821
0.000945179 0.00350551
0.000945264 0.00350284
0.000945348 0.0035002
0.000945433 0.00349758
0.000945518 0.00349497
0.000945602 0.00349238
0.000945687 0.0034898
0.000945772 0.00348722
0.000945856 0.00348463
0.000945941 0.00348202
0.000946026 0.0034794
0.00094611 0.00347675
0.000946195 0.00347408
0.00094628 0.00347138
0.000946364 0.00346866
0.000946449 0.00346591
0.000946534 0.00346316
0.000946618 0.0034604
0.000946703 0.00345764
0.000946788 0.0034549
0.000946873 0.00345219
0.000946957 0.0034495
0.000947042 0.00344686
0.000947127 0.00344426
0.000947211 0.00344171
0.000947296 0.00343921
0.000947381 0.00343675
0.000947465 0.00343434
0.00094755 0.00343196
0.000947635 0.00342961
0.000947719 0.00342728
0.000947804 0.00342497
0.000947889 0.00342266
0.000947973 0.00342036
0.000948058 0.00341806
0.000948143 0.00341575
0.000948227 0.00341343
0.000948312 0.00341111
0.000948397 0.00340879
0.000948481 0.00340647
0.000948566 0.00340416
0.000948651 0.00340186
0.000948735 0.00339958
0.00094882 0.00339733
0.000948905 0.00339511
0.000948989 0.00339293
0.000949074 0.00339078
0.000949159 0.00338868
0.000949243 0.00338661
0.000949328 0.00338458
0.000949413 0.00338257
0.000949497 0.00338059
0.000949582 0.00337861
0.000949667 0.00337663
0.000949751 0.00337465
0.000949836 0.00337264
0.000949921 0.0033706
0.000950005 0.00336852
0.00095009 0.0033664
0.000950175 0.00336423
0.000950259 0.00336201
0.000950344 0.00335973
0.000950429 0.0033574
0.000950513 0.00335503
0.000950598 0.00335261
0.000950683 0.00335016
0.000950767 0.00334768
0.000950852 0.00334518
0.000950937 0.00334268
0.000951021 0.00334016
0.000951106 0.00333766
0.000951191 0.00333515
0.000951275 0.00333265
0.00095136 0.00333017
0.000951445 0.00332769
0.000951529 0.00332521
0.000951614 0.00332273
0.000951699 0.00332024
0.000951783 0.00331774
0.000951868 0.00331522
0.000951953 0.00331267
0.000952037 0.00331009
0.000952122 0.00330746
0.000952207 0.00330479
0.000952291 0.00330207
0.000952376 0.00329929
0.000952461 0.00329647
0.000952545 0.00329359
0.00095263 0.00329066
0.000952715 0.00328769
0.000952799 0.00328469
0.000952884 0.00328165
0.000952969 0.00327859
0.000953053 0.00327551
0.000953138 0.00327243
0.000953223 0.00326934
0.000953307 0.00326625
0.000953392 0.00326316
0.000953477 0.00326008
0.000953561 0.003257
0.000953646 0.00325392
0.000953731 0.00325084
0.000953816 0.00324776
0.0009539 0.00324468
0.000953985 0.00324159
0.00095407 0.0032385
0.000954154 0.0032354
0.000954239 0.0032323
0.000954324 0.0032292
0.000954408 0.00322608
0.000954493 0.00322297
0.000954578 0.00321984
0.000954662 0.00321672
0.000954747 0.0032136
0.000954832 0.00321048
0.000954916 0.00320736
0.000955001 0.00320425
0.000955086 0.00320116
0.00095517 0.00319809
0.000955255 0.00319504
0.00095534 0.00319201
0.000955424 0.00318901
0.000955509 0.00318603
0.000955594 0.00318309
0.000955678 0.00318019
0.000955763 0.00317732
0.000955848 0.00317448
0.000955932 0.0031717
0.000956017 0.00316895
0.000956102 0.00316626
0.000956186 0.00316362
0.000956271 0.00316104
0.000956356 0.00315852
0.00095644 0.00315605
0.000956525 0.00315363
0.00095661 0.00315127
0.000956694 0.00314894
0.000956779 0.00314665
0.000956864 0.00314438
0.000956948 0.00314212
0.000957033 0.00313987
0.000957118 0.00313759
0.000957202 0.0031353
0.000957287 0.00313298
0.000957372 0.00313061
0.000957456 0.00312821
0.000957541 0.00312577
0.000957626 0.00312328
0.00095771 0.00312076
0.000957795 0.00311821
0.00095788 0.00311564
0.000957964 0.00311306
0.000958049 0.00311049
0.000958134 0.00310793
0.000958218 0.0031054
0.000958303 0.00310291
0.000958388 0.00310046
0.000958472 0.00309806
0.000958557 0.0030957
0.000958642 0.00309339
0.000958726 0.00309112
0.000958811 0.00308887
0.000958896 0.00308663
0.00095898 0.00308439
0.000959065 0.00308214
0.00095915 0.00307985
0.000959234 0.00307751
0.000959319 0.0030751
0.000959404 0.00307262
0.000959488 0.00307005
0.000959573 0.0030674
0.000959658 0.00306466
0.000959742 0.00306183
0.000959827 0.00305893
0.000959912 0.00305595
0.000959996 0.00305293
0.000960081 0.00304986
0.000960166 0.00304677
0.00096025 0.00304367
0.000960335 0.00304057
0.00096042 0.00303748
0.000960505 0.00303442
0.000960589 0.00303139
0.000960674 0.0030284
0.000960759 0.00302545
0.000960843 0.00302254
0.000960928 0.00301968
0.000961013 0.00301685
0.000961097 0.00301407
0.000961182 0.00301131
0.000961267 0.00300859
0.000961351 0.0030059
0.000961436 0.00300324
0.000961521 0.0030006
0.000961605 0.00299798
0.00096169 0.00299537
0.000961775 0.00299278
0.000961859 0.00299019
0.000961944 0.00298761
0.000962029 0.00298503
0.000962113 0.00298244
0.000962198 0.00297984
0.000962283 0.00297721
0.000962367 0.00297456
0.000962452 0.00297188
0.000962537 0.00296916
0.000962621 0.00296639
0.000962706 0.00296359
0.000962791 0.00296075
0.000962875 0.00295788
0.00096296 0.00295498
0.000963045 0.00295207
0.000963129 0.00294916
0.000963214 0.00294626
0.000963299 0.0029434
0.000963383 0.00294058
0.000963468 0.00293783
0.000963553 0.00293515
0.000963637 0.00293257
0.000963722 0.00293008
0.000963807 0.00292769
0.000963891 0.0029254
0.000963976 0.00292319
0.000964061 0.00292108
0.000964145 0.00291903
0.00096423 0.00291704
0.000964315 0.00291508
0.000964399 0.00291314
0.000964484 0.00291121
0.000964569 0.00290927
0.000964653 0.0029073
0.000964738 0.0029053
0.000964823 0.00290326
0.000964907 0.00290118
0.000964992 0.00289905
0.000965077 0.00289688
0.000965161 0.00289468
0.000965246 0.00289245
0.000965331 0.0028902
0.000965415 0.00288794
0.0009655 0.00288568
0.000965585 0.00288343
0.000965669 0.0028812
0.000965754 0.00287899
0.000965839 0.0028768
0.000965923 0.00287464
0.000966008 0.0028725
0.000966093 0.00287037
0.000966177 0.00286825
0.000966262 0.00286612
0.000966347 0.00286398
0.000966431 0.0028618
0.000966516 0.00285959
0.000966601 0.00285733
0.000966685 0.002855
0.00096677 0.0028526
0.000966855 0.00285013
0.000966939 0.00284757
0.000967024 0.00284493
0.000967109 0.00284221
0.000967193 0.0028394
0.000967278 0.00283652
0.000967363 0.00283357
0.000967448 0.00283055
0.000967532 0.00282746
0.000967617 0.00282432
0.000967702 0.00282112
0.000967786 0.00281788
0.000967871 0.00281461
0.000967956 0.0028113
0.00096804 0.00280798
0.000968125 0.00280465
0.00096821 0.00280131
0.000968294 0.00279799
0.000968379 0.0027947
0.000968464 0.00279144
0.000968548 0.00278823
0.000968633 0.00278507
0.000968718 0.00278198
0.000968802 0.00277896
0.000968887 0.00277601
0.000968972 0.00277313
0.000969056 0.00277033
0.000969141 0.00276758
0.000969226 0.00276489
0.00096931 0.00276225
0.000969395 0.00275963
0.00096948 0.00275704
0.000969564 0.00275446
0.000969649 0.00275186
0.000969734 0.00274925
0.000969818 0.00274661
0.000969903 0.00274393
0.000969988 0.00274121
0.000970072 0.00273843
0.000970157 0.0027356
0.000970242 0.00273273
0.000970326 0.00272981
0.000970411 0.00272685
0.000970496 0.00272387
0.00097058 0.00272088
0.000970665 0.00271788
0.00097075 0.0027149
0.000970834 0.00271194
0.000970919 0.00270901
0.000971004 0.00270612
0.000971088 0.00270328
0.000971173 0.00270049
0.000971258 0.00269775
0.000971342 0.00269506
0.000971427 0.0026924
0.000971512 0.00268976
0.000971596 0.00268715
0.000971681 0.00268455
0.000971766 0.00268195
0.00097185 0.00267934
0.000971935 0.00267672
0.00097202 0.00267407
0.000972104 0.00267141
0.000972189 0.00266873
0.000972274 0.00266602
0.000972358 0.00266329
0.000972443 0.00266055
0.000972528 0.0026578
0.000972612 0.00265503
0.000972697 0.00265226
0.000972782 0.00264947
0.000972866 0.00264668
0.000972951 0.00264389
0.000973036 0.00264108
0.00097312 0.00263825
0.000973205 0.00263541
0.00097329 0.00263254
0.000973374 0.00262964
0.000973459 0.0026267
0.000973544 0.00262373
0.000973628 0.0026207
0.000973713 0.00261763
0.000973798 0.00261451
0.000973882 0.00261133
0.000973967 0.0026081
0.000974052 0.00260483
0.000974137 0.00260151
0.000974221 0.00259816
0.000974306 0.00259476
0.000974391 0.00259134
0.000974475 0.00258789
0.00097456 0.00258441
0.000974645 0.0025809
0.000974729 0.00257737
0.000974814 0.0025738
0.000974899 0.00257021
0.000974983 0.00256658
0.000975068 0.00256292
0.000975153 0.00255923
0.000975237 0.00255549
0.000975322 0.00255172
0.000975407 0.00254791
0.000975491 0.00254408
0.000975576 0.00254021
0.000975661 0.00253633
0.000975745 0.00253243
0.00097583 0.00252853
0.000975915 0.00252463
0.000975999 0.00252075
0.000976084 0.00251688
0.000976169 0.00251304
0.000976253 0.00250923
0.000976338 0.00250546
0.000976423 0.00250171
0.000976507 0.002498
0.000976592 0.0024943
0.000976677 0.00249061
0.000976761 0.00248693
0.000976846 0.00248324
0.000976931 0.00247953
0.000977015 0.0024758
0.0009771 0.00247203
0.000977185 0.00246822
0.000977269 0.00246437
0.000977354 0.00246049
0.000977439 0.00245657
0.000977523 0.00245262
0.000977608 0.00244865
0.000977693 0.00244468
0.000977777 0.00244071
0.000977862 0.00243675
0.000977947 0.00243283
0.000978031 0.00242894
0.000978116 0.0024251
0.000978201 0.00242131
0.000978285 0.00241757
0.00097837 0.00241389
0.000978455 0.00241025
0.000978539 0.00240665
0.000978624 0.00240309
0.000978709 0.00239956
0.000978793 0.00239603
0.000978878 0.00239252
0.000978963 0.00238901
0.000979047 0.0023855
0.000979132 0.00238198
0.000979217 0.00237847
0.000979301 0.00237497
0.000979386 0.00237147
0.000979471 0.00236801
0.000979555 0.00236457
0.00097964 0.00236119
0.000979725 0.00235786
0.000979809 0.0023546
0.000979894 0.00235141
0.000979979 0.0023483
0.000980063 0.00234528
0.000980148 0.00234233
0.000980233 0.00233947
0.000980317 0.00233668
0.000980402 0.00233395
0.000980487 0.00233128
0.000980571 0.00232865
0.000980656 0.00232606
0.000980741 0.00232349
0.000980825 0.00232094
0.00098091 0.0023184
0.000980995 0.00231586
0.000981079 0.00231332
0.000981164 0.00231079
0.000981249 0.00230825
0.000981333 0.00230572
0.000981418 0.00230319
0.000981503 0.00230067
0.000981587 0.00229815
0.000981672 0.00229563
0.000981757 0.00229311
0.000981842 0.00229058
0.000981926 0.00228804
0.000982011 0.00228548
0.000982096 0.0022829
0.00098218 0.00228029
0.000982265 0.00227765
0.00098235 0.00227498
0.000982434 0.00227228
0.000982519 0.00226955
0.000982604 0.00226679
0.000982688 0.00226402
0.000982773 0.00226123
0.000982858 0.00225843
0.000982942 0.00225563
0.000983027 0.00225284
0.000983112 0.00225006
0.000983196 0.0022473
0.000983281 0.00224454
0.000983366 0.00224181
0.00098345 0.00223908
0.000983535 0.00223635
0.00098362 0.00223361
0.000983704 0.00223086
0.000983789 0.00222808
0.000983874 0.00222526
0.000983958 0.0022224
0.000984043 0.00221948
0.000984128 0.0022165
0.000984212 0.00221347
0.000984297 0.00221037
0.000984382 0.00220721
0.000984466 0.002204
0.000984551 0.00220075
0.000984636 0.00219746
0.00098472 0.00219414
0.000984805 0.0021908
0.00098489 0.00218744
0.000984974 0.00218407
0.000985059 0.0021807
0.000985144 0.00217732
0.000985228 0.00217393
0.000985313 0.00217053
0.000985398 0.00216711
0.000985482 0.00216367
0.000985567 0.0021602
0.000985652 0.00215669
0.000985736 0.00215313
0.000985821 0.00214953
0.000985906 0.00214586
0.00098599 0.00214215
0.000986075 0.00213837
0.00098616 0.00213454
0.000986244 0.00213065
0.000986329 0.00212672
0.000986414 0.00212275
0.000986498 0.00211875
0.000986583 0.00211471
0.000986668 0.00211066
0.000986752 0.00210658
0.000986837 0.00210249
0.000986922 0.00209838
0.000987006 0.00209425
0.000987091 0.00209009
0.000987176 0.00208591
0.00098726 0.0020817
0.000987345 0.00207745
0.00098743 0.00207315
0.000987514 0.00206881
0.000987599 0.00206443
0.000987684 0.00206
0.000987768 0.00205553
0.000987853 0.00205103
0.000987938 0.00204651
0.000988022 0.00204198
0.000988107 0.00203745
0.000988192 0.00203295
0.000988276 0.00202848
0.000988361 0.00202406
0.000988446 0.0020197
0.00098853 0.00201542
0.000988615 0.00201122
0.0009887 0.0020071
0.000988784 0.00200306
0.000988869 0.00199909
0.000988954 0.0019952
0.000989038 0.00199136
0.000989123 0.00198757
0.000989208 0.00198381
0.000989293 0.00198007
0.000989377 0.00197634
0.000989462 0.00197262
0.000989547 0.0019689
0.000989631 0.00196516
0.000989716 0.00196143
0.000989801 0.00195769
0.000989885 0.00195396
0.00098997 0.00195024
0.000990055 0.00194655
0.000990139 0.00194289
0.000990224 0.00193928
0.000990308 0.00193571
0.000990393 0.0019322
0.000990478 0.00192874
0.000990562 0.00192533
0.000990647 0.00192196
0.000990732 0.00191863
0.000990816 0.00191532
0.000990901 0.00191203
0.000990986 0.00190873
0.00099107 0.00190543
0.000991155 0.00190211
0.00099124 0.00189877
0.000991324 0.0018954
0.000991409 0.001892
0.000991494 0.00188858
0.000991578 0.00188514
0.000991663 0.00188169
0.000991748 0.00187824
0.000991833 0.0018748
0.000991917 0.00187139
0.000992002 0.001868
0.000992087 0.00186465
0.000992171 0.00186134
0.000992256 0.00185808
0.000992341 0.00185486
0.000992425 0.00185167
0.00099251 0.00184852
0.000992595 0.0018454
0.000992679 0.00184229
0.000992764 0.0018392
0.000992848 0.00183611
0.000992933 0.00183302
0.000993018 0.00182994
0.000993103 0.00182685
0.000993187 0.00182377
0.000993272 0.0018207
0.000993356 0.00181765
0.000993441 0.00181462
0.000993526 0.00181164
0.000993611 0.0018087
0.000993695 0.00180582
0.00099378 0.00180299
0.000993864 0.00180024
0.000993949 0.00179754
0.000994034 0.00179491
0.000994118 0.00179234
0.000994203 0.00178981
0.000994288 0.00178732
0.000994372 0.00178485
0.000994457 0.0017824
0.000994542 0.00177994
0.000994626 0.00177747
0.000994711 0.00177497
0.000994796 0.00177244
0.00099488 0.00176987
0.000994965 0.00176726
0.00099505 0.00176461
0.000995134 0.00176194
0.000995219 0.00175924
0.000995304 0.00175652
0.000995388 0.0017538
0.000995473 0.00175108
0.000995558 0.00174837
0.000995642 0.00174568
0.000995727 0.00174301
0.000995812 0.00174036
0.000995896 0.00173773
0.000995981 0.00173512
0.000996066 0.00173252
0.00099615 0.00172994
0.000996235 0.00172735
0.00099632 0.00172476
0.000996404 0.00172217
0.000996489 0.00171955
0.000996574 0.00171693
0.000996658 0.00171429
0.000996743 0.00171163
0.000996828 0.00170896
0.000996912 0.00170629
0.000996997 0.00170361
0.000997082 0.00170094
0.000997167 0.00169828
0.000997251 0.00169563
0.000997336 0.001693
0.000997421 0.00169039
0.000997505 0.00168779
0.00099759 0.0016852
0.000997675 0.00168261
0.000997759 0.00168001
0.000997844 0.00167739
0.000997929 0.00167475
0.000998013 0.00167207
0.000998098 0.00166933
0.000998183 0.00166654
0.000998267 0.00166367
0.000998352 0.00166073
0.000998437 0.00165772
0.000998521 0.00165464
0.000998606 0.00165148
0.000998691 0.00164826
0.000998775 0.001645
0.00099886 0.00164169
0.000998945 0.00163837
0.000999029 0.00163504
0.000999114 0.00163172
0.000999199 0.00162843
0.000999283 0.00162517
0.000999368 0.00162195
0.000999453 0.00161878
0.000999537 0.00161567
0.000999622 0.0016126
0.000999707 0.00160958
0.000999791 0.00160659
0.000999876 0.00160364
0.000999961 0.0016007
0.00100005 0.00159778
0.00100013 0.00159485
0.00100021 0.00159193
0.0010003 0.00158899
0.00100038 0.00158603
0.00100047 0.00158305
0.00100055 0.00158006
0.00100064 0.00157705
0.00100072 0.00157403
0.00100081 0.00157101
0.00100089 0.00156798
0.00100098 0.00156497
0.00100106 0.00156198
0.00100115 0.00155902
0.00100123 0.00155608
0.00100132 0.00155319
0.0010014 0.00155033
0.00100148 0.00154752
0.00100157 0.00154474
0.00100165 0.00154199
0.00100174 0.00153929
0.00100182 0.00153661
0.00100191 0.00153395
0.00100199 0.00153132
0.00100208 0.00152872
0.00100216 0.00152613
0.00100225 0.00152356
0.00100233 0.00152102
0.00100242 0.00151849
0.0010025 0.00151599
0.00100259 0.00151351
0.00100267 0.00151106
0.00100275 0.00150863
0.00100284 0.00150622
0.00100292 0.00150383
0.00100301 0.00150147
0.00100309 0.00149911
0.00100318 0.00149676
0.00100326 0.00149441
0.00100335 0.00149206
0.00100343 0.00148967
0.00100352 0.00148726
0.0010036 0.0014848
0.00100369 0.00148229
0.00100377 0.00147972
0.00100386 0.00147709
0.00100394 0.00147439
0.00100402 0.00147163
0.00100411 0.00146881
0.00100419 0.00146594
0.00100428 0.00146304
0.00100436 0.00146012
0.00100445 0.00145718
0.00100453 0.00145426
0.00100462 0.00145136
0.0010047 0.0014485
0.00100479 0.00144569
0.00100487 0.00144293
0.00100496 0.00144023
0.00100504 0.0014376
0.00100513 0.00143503
0.00100521 0.00143251
0.00100529 0.00143004
0.00100538 0.0014276
0.00100546 0.00142518
0.00100555 0.00142276
0.00100563 0.00142033
0.00100572 0.00141787
0.0010058 0.00141538
0.00100589 0.00141285
0.00100597 0.00141027
0.00100606 0.00140765
0.00100614 0.00140499
0.00100623 0.00140231
0.00100631 0.0013996
0.0010064 0.00139689
0.00100648 0.00139419
0.00100656 0.0013915
0.00100665 0.00138884
0.00100673 0.0013862
0.00100682 0.0013836
0.0010069 0.00138103
0.00100699 0.0013785
0.00100707 0.00137599
0.00100716 0.0013735
0.00100724 0.00137102
0.00100733 0.00136855
0.00100741 0.00136607
0.0010075 0.00136357
0.00100758 0.00136106
0.00100767 0.00135852
0.00100775 0.00135596
0.00100783 0.00135336
0.00100792 0.00135075
0.001008 0.00134811
0.00100809 0.00134545
0.00100817 0.00134279
0.00100826 0.00134013
0.00100834 0.00133747
0.00100843 0.00133481
0.00100851 0.00133216
0.0010086 0.00132951
0.00100868 0.00132687
0.00100877 0.00132421
0.00100885 0.00132154
0.00100894 0.00131884
0.00100902 0.00131611
0.0010091 0.00131333
0.00100919 0.00131051
0.00100927 0.00130763
0.00100936 0.0013047
0.00100944 0.00130172
0.00100953 0.00129869
0.00100961 0.00129562
0.0010097 0.00129253
0.00100978 0.00128941
0.00100987 0.00128629
0.00100995 0.00128317
0.00101004 0.00128006
0.00101012 0.00127699
0.00101021 0.00127394
0.00101029 0.00127093
0.00101037 0.00126796
0.00101046 0.00126502
0.00101054 0.00126211
0.00101063 0.00125923
0.00101071 0.00125635
0.0010108 0.00125348
0.00101088 0.00125059
0.00101097 0.00124768
0.00101105 0.00124472
0.00101114 0.00124172
0.00101122 0.00123866
0.00101131 0.00123555
0.00101139 0.00123237
0.00101148 0.00122912
0.00101156 0.00122582
0.00101164 0.00122246
0.00101173 0.00121905
0.00101181 0.00121561
0.0010119 0.00121213
0.00101198 0.00120862
0.00101207 0.0012051
0.00101215 0.00120158
0.00101224 0.00119805
0.00101232 0.00119453
0.00101241 0.00119101
0.00101249 0.0011875
0.00101258 0.001184
0.00101266 0.0011805
0.00101275 0.00117699
0.00101283 0.00117347
0.00101291 0.00116993
0.001013 0.00116637
0.00101308 0.00116277
0.00101317 0.00115915
0.00101325 0.00115549
0.00101334 0.0011518
0.00101342 0.00114808
0.00101351 0.00114434
0.00101359 0.00114058
0.00101368 0.00113682
0.00101376 0.00113307
0.00101385 0.00112932
0.00101393 0.0011256
0.00101402 0.00112189
0.0010141 0.00111822
0.00101418 0.00111457
0.00101427 0.00111095
0.00101435 0.00110736
0.00101444 0.00110378
0.00101452 0.0011002
0.00101461 0.00109662
0.00101469 0.00109303
0.00101478 0.00108941
0.00101486 0.00108576
0.00101495 0.00108206
0.00101503 0.00107832
0.00101512 0.00107454
0.0010152 0.00107071
0.00101529 0.00106685
0.00101537 0.00106297
0.00101545 0.00105907
0.00101554 0.00105517
0.00101562 0.00105129
0.00101571 0.00104743
0.00101579 0.00104362
0.00101588 0.00103985
0.00101596 0.00103613
0.00101605 0.00103247
0.00101613 0.00102886
0.00101622 0.0010253
0.0010163 0.00102178
0.00101639 0.00101829
0.00101647 0.00101482
0.00101655 0.00101135
0.00101664 0.00100789
0.00101672 0.00100441
0.00101681 0.00100091
0.00101689 0.000997383
0.00101698 0.000993827
0.00101706 0.000990244
0.00101715 0.000986639
0.00101723 0.000983021
0.00101732 0.000979402
0.0010174 0.000975794
0.00101749 0.000972213
0.00101757 0.000968669
0.00101766 0.000965176
0.00101774 0.00096174
0.00101782 0.000958366
0.00101791 0.000955055
0.00101799 0.000951806
0.00101808 0.000948615
0.00101816 0.000945473
0.00101825 0.000942373
0.00101833 0.000939307
0.00101842 0.000936266
0.0010185 0.000933241
0.00101859 0.000930227
0.00101867 0.000927217
0.00101876 0.000924208
0.00101884 0.000921196
0.00101893 0.000918182
0.00101901 0.000915166
0.00101909 0.000912149
0.00101918 0.000909136
0.00101926 0.000906131
0.00101935 0.00090314
0.00101943 0.000900167
0.00101952 0.000897218
0.0010196 0.000894296
0.00101969 0.000891403
0.00101977 0.000888539
0.00101986 0.000885703
0.00101994 0.000882893
0.00102003 0.000880102
0.00102011 0.000877327
0.0010202 0.000874562
0.00102028 0.000871802
0.00102036 0.000869042
0.00102045 0.000866281
0.00102053 0.000863518
0.00102062 0.000860754
0.0010207 0.000857991
0.00102079 0.000855234
0.00102087 0.000852487
0.00102096 0.000849756
0.00102104 0.000847048
0.00102113 0.000844369
0.00102121 0.000841724
0.0010213 0.000839119
0.00102138 0.000836558
0.00102147 0.000834044
0.00102155 0.000831579
0.00102163 0.000829162
0.00102172 0.000826791
0.0010218 0.000824463
0.00102189 0.000822174
0.00102197 0.00081992
0.00102206 0.000817696
0.00102214 0.000815496
0.00102223 0.000813317
0.00102231 0.000811156
0.0010224 0.00080901
0.00102248 0.000806877
0.00102257 0.000804757
0.00102265 0.000802647
0.00102274 0.000800546
0.00102282 0.000798454
0.0010229 0.000796367
0.00102299 0.000794284
0.00102307 0.000792201
0.00102316 0.000790115
0.00102324 0.000788023
0.00102333 0.000785921
0.00102341 0.000783808
0.0010235 0.000781681
0.00102358 0.000779538
0.00102367 0.000777379
0.00102375 0.000775201
0.00102384 0.000773004
0.00102392 0.00077079
0.00102401 0.000768558
0.00102409 0.000766313
0.00102417 0.000764056
0.00102426 0.000761793
0.00102434 0.00075953
0.00102443 0.000757273
0.00102451 0.000755031
0.0010246 0.000752809
0.00102468 0.000750616
0.00102477 0.000748456
0.00102485 0.000746333
0.00102494 0.000744247
0.00102502 0.000742199
0.00102511 0.000740186
0.00102519 0.000738202
0.00102527 0.000736241
0.00102536 0.000734297
0.00102544 0.000732359
0.00102553 0.000730421
0.00102561 0.000728473
0.0010257 0.000726507
0.00102578 0.000724516
0.00102587 0.000722493
0.00102595 0.000720432
0.00102604 0.000718328
0.00102612 0.000716177
0.00102621 0.000713979
0.00102629 0.000711733
0.00102638 0.00070944
0.00102646 0.000707104
0.00102654 0.000704728
0.00102663 0.000702318
0.00102671 0.000699879
0.0010268 0.000697418
0.00102688 0.000694939
0.00102697 0.000692447
0.00102705 0.000689945
0.00102714 0.000687436
0.00102722 0.000684923
0.00102731 0.000682404
0.00102739 0.00067988
0.00102748 0.000677349
0.00102756 0.000674806
0.00102765 0.000672251
0.00102773 0.000669676
0.00102781 0.000667078
0.0010279 0.00066445
0.00102798 0.000661786
0.00102807 0.000659081
0.00102815 0.000656327
0.00102824 0.000653519
0.00102832 0.000650654
0.00102841 0.000647727
0.00102849 0.000644737
0.00102858 0.000641684
0.00102866 0.000638569
0.00102875 0.000635393
0.00102883 0.000632161
0.00102892 0.000628876
0.001029 0.000625543
0.00102908 0.000622166
0.00102917 0.000618752
0.00102925 0.000615305
0.00102934 0.000611831
0.00102942 0.000608335
0.00102951 0.000604824
0.00102959 0.000601305
0.00102968 0.000597786
0.00102976 0.000594272
0.00102985 0.000590771
0.00102993 0.000587291
0.00103002 0.000583837
0.0010301 0.000580413
0.00103019 0.000577022
0.00103027 0.000573667
0.00103035 0.000570347
0.00103044 0.000567061
0.00103052 0.000563806
0.00103061 0.000560578
0.00103069 0.000557372
0.00103078 0.000554185
0.00103086 0.000551012
0.00103095 0.000547848
0.00103103 0.000544689
0.00103112 0.000541533
0.0010312 0.000538378
0.00103129 0.000535221
0.00103137 0.000532062
0.00103146 0.000528901
0.00103154 0.000525739
0.00103162 0.000522576
0.00103171 0.000519416
0.00103179 0.000516262
0.00103188 0.000513115
0.00103196 0.000509979
0.00103205 0.000506855
0.00103213 0.000503745
0.00103222 0.000500647
0.0010323 0.000497562
0.00103239 0.000494484
0.00103247 0.000491409
0.00103256 0.000488331
0.00103264 0.000485245
0.00103273 0.000482142
0.00103281 0.000479017
0.00103289 0.000475863
0.00103298 0.000472677
0.00103306 0.000469454
0.00103315 0.000466191
0.00103323 0.000462887
0.00103332 0.000459537
0.0010334 0.000456142
0.00103349 0.000452699
0.00103357 0.000449206
0.00103366 0.000445659
0.00103374 0.000442058
0.00103383 0.000438398
0.00103391 0.000434679
0.001034 0.000430901
0.00103408 0.000427063
0.00103416 0.000423167
0.00103425 0.000419215
0.00103433 0.000415212
0.00103442 0.000411163
0.0010345 0.000407073
0.00103459 0.000402945
0.00103467 0.000398786
0.00103476 0.0003946
0.00103484 0.000390392
0.00103493 0.000386165
0.00103501 0.000381921
0.0010351 0.000377663
0.00103518 0.000373394
0.00103526 0.000369114
0.00103535 0.000364826
0.00103543 0.00036053
0.00103552 0.000356227
0.0010356 0.000351919
0.00103569 0.000347606
0.00103577 0.00034329
0.00103586 0.000338972
0.00103594 0.000334653
0.00103603 0.000330334
0.00103611 0.000326017
0.0010362 0.000321703
0.00103628 0.000317395
0.00103637 0.000313094
0.00103645 0.000308801
0.00103653 0.000304517
0.00103662 0.000300242
0.0010367 0.000295976
0.00103679 0.000291719
0.00103687 0.000287469
0.00103696 0.000283225
0.00103704 0.000278986
0.00103713 0.000274749
0.00103721 0.000270512
0.0010373 0.000266273
0.00103738 0.00026203
0.00103747 0.00025778
0.00103755 0.000253523
0.00103764 0.000249257
0.00103772 0.000244981
0.0010378 0.000240697
0.00103789 0.000236406
0.00103797 0.000232111
0.00103806 0.000227818
0.00103814 0.000223531
0.00103823 0.000219259
0.00103831 0.000215007
0.0010384 0.000210784
0.00103848 0.000206598
0.00103857 0.000202454
0.00103865 0.000198357
0.00103874 0.000194312
0.00103882 0.000190322
0.00103891 0.000186387
0.00103899 0.000182507
0.00103907 0.00017868
0.00103916 0.000174901
0.00103924 0.000171167
0.00103933 0.00016747
0.00103941 0.000163801
0.0010395 0.000160153
0.00103958 0.000156514
0.00103967 0.000152872
0.00103975 0.000149217
0.00103984 0.000145536
0.00103992 0.00014182
0.00104001 0.000138059
0.00104009 0.000134248
0.00104018 0.000130384
0.00104026 0.000126466
0.00104034 0.000122496
0.00104043 0.00011848
0.00104051 0.000114426
0.0010406 0.000110344
0.00104068 0.000106241
0.00104077 0.00010213
0.00104085 9.80174e-05
0.00104094 9.39108e-05
0.00104102 8.98151e-05
0.00104111 8.57325e-05
0.00104119 8.16631e-05
0.00104128 7.76044e-05
0.00104136 7.35517e-05
0.00104145 6.94984e-05
0.00104153 6.54371e-05
0.00104161 6.13593e-05
0.0010417 5.72566e-05
0.00104178 5.31208e-05
0.00104187 4.89444e-05
0.00104195 4.47212e-05
0.00104204 4.04463e-05
0.00104212 3.61165e-05
0.00104221 3.17306e-05
0.00104229 2.72893e-05
0.00104238 2.27951e-05
0.00104246 1.82518e-05
0.00104255 1.36647e-05
0.00104263 9.04012e-06
0.00104272 4.38474e-06
0.0010428 -2.94363e-07
0.00104288 -4.99034e-06
0.00104297 -9.69678e-06
0.00104305 -1.44086e-05
0.00104314 -1.91206e-05
0.00104322 -2.38287e-05
0.00104331 -2.85295e-05
0.00104339 -3.32199e-05
0.00104348 -3.78975e-05
0.00104356 -4.25597e-05
0.00104365 -4.72037e-05
0.00104373 -5.18263e-05
0.00104382 -5.64243e-05
0.0010439 -6.0994e-05
0.00104399 -6.55316e-05
0.00104407 -7.00335e-05
0.00104415 -7.44964e-05
0.00104424 -7.89184e-05
0.00104432 -8.32984e-05
0.00104441 -8.76379e-05
0.00104449 -9.19406e-05
0.00104458 -9.62114e-05
0.00104466 -0.000100459
0.00104475 -0.000104694
0.00104483 -0.000108927
0.00104492 -0.00011317
0.001045 -0.000117436
0.00104509 -0.000121734
0.00104517 -0.000126073
0.00104526 -0.00013046
0.00104534 -0.000134898
0.00104542 -0.000139385
0.00104551 -0.000143919
0.00104559 -0.000148492
0.00104568 -0.000153092
0.00104576 -0.000157708
0.00104585 -0.000162323
0.00104593 -0.000166923
0.00104602 -0.00017149
0.0010461 -0.000176009
0.00104619 -0.000180465
0.00104627 -0.000184845
0.00104636 -0.000189141
0.00104644 -0.000193344
0.00104653 -0.000197454
0.00104661 -0.00020147
0.00104669 -0.000205398
0.00104678 -0.000209246
0.00104686 -0.000213026
0.00104695 -0.00021675
0.00104703 -0.000220432
0.00104712 -0.000224088
0.0010472 -0.000227729
0.00104729 -0.000231366
0.00104737 -0.000235008
0.00104746 -0.00023866
0.00104754 -0.000242325
0.00104763 -0.000246004
0.00104771 -0.000249695
0.0010478 -0.000253394
0.00104788 -0.000257098
0.00104796 -0.000260805
0.00104805 -0.000264511
0.00104813 -0.000268214
0.00104822 -0.000271917
0.0010483 -0.000275618
0.00104839 -0.000279323
0.00104847 -0.000283035
0.00104856 -0.000286758
0.00104864 -0.000290498
0.00104873 -0.000294259
0.00104881 -0.000298047
0.0010489 -0.000301864
0.00104898 -0.000305712
0.00104907 -0.000309593
0.00104915 -0.000313508
0.00104923 -0.000317457
0.00104932 -0.000321438
0.0010494 -0.000325451
0.00104949 -0.000329493
0.00104957 -0.000333564
0.00104966 -0.000337664
0.00104974 -0.000341794
0.00104983 -0.000345956
0.00104991 -0.000350154
0.00105 -0.000354393
0.00105008 -0.000358678
0.00105017 -0.000363016
0.00105025 -0.000367413
0.00105034 -0.000371876
0.00105042 -0.000376412
0.0010505 -0.000381023
0.00105059 -0.000385713
0.00105067 -0.000390483
0.00105076 -0.000395328
0.00105084 -0.000400245
0.00105093 -0.000405224
0.00105101 -0.000410255
0.0010511 -0.000415326
0.00105118 -0.000420422
0.00105127 -0.000425531
0.00105135 -0.000430639
0.00105144 -0.000435733
0.00105152 -0.000440804
0.00105161 -0.000445845
0.00105169 -0.000450854
0.00105177 -0.000455829
0.00105186 -0.000460773
0.00105194 -0.000465691
0.00105203 -0.000470588
0.00105211 -0.00047547
0.0010522 -0.000480343
0.00105228 -0.000485211
0.00105237 -0.000490078
0.00105245 -0.000494943
0.00105254 -0.000499806
0.00105262 -0.000504662
0.00105271 -0.000509506
0.00105279 -0.000514334
0.00105288 -0.000519136
0.00105296 -0.000523906
0.00105304 -0.000528637
0.00105313 -0.000533322
0.00105321 -0.000537955
0.0010533 -0.000542531
0.00105338 -0.000547047
0.00105347 -0.000551503
0.00105355 -0.000555897
0.00105364 -0.000560233
0.00105372 -0.000564513
0.00105381 -0.000568742
0.00105389 -0.000572928
0.00105398 -0.000577076
0.00105406 -0.000581193
0.00105415 -0.000585285
0.00105423 -0.000589358
0.00105431 -0.000593416
0.0010544 -0.00059746
0.00105448 -0.000601491
0.00105457 -0.000605507
0.00105465 -0.000609504
0.00105474 -0.000613477
0.00105482 -0.00061742
0.00105491 -0.000621327
0.00105499 -0.00062519
0.00105508 -0.000629003
0.00105516 -0.000632762
0.00105525 -0.000636462
0.00105533 -0.000640102
0.00105542 -0.00064368
0.0010555 -0.000647199
0.00105558 -0.000650662
0.00105567 -0.000654073
0.00105575 -0.000657438
0.00105584 -0.000660764
0.00105592 -0.000664057
0.00105601 -0.000667322
0.00105609 -0.000670566
0.00105618 -0.000673792
0.00105626 -0.000677003
0.00105635 -0.000680201
0.00105643 -0.000683386
0.00105652 -0.000686559
0.0010566 -0.000689716
0.00105669 -0.000692857
0.00105677 -0.000695979
0.00105685 -0.000699078
0.00105694 -0.000702151
0.00105702 -0.000705195
0.00105711 -0.000708205
0.00105719 -0.000711179
0.00105728 -0.000714114
0.00105736 -0.000717008
0.00105745 -0.000719858
0.00105753 -0.000722665
0.00105762 -0.000725428
0.0010577 -0.00072815
0.00105779 -0.000730832
0.00105787 -0.000733478
0.00105796 -0.000736091
0.00105804 -0.000738676
0.00105812 -0.000741234
0.00105821 -0.000743771
0.00105829 -0.000746287
0.00105838 -0.000748788
0.00105846 -0.000751277
0.00105855 -0.000753758
0.00105863 -0.000756235
0.00105872 -0.000758715
0.0010588 -0.000761205
0.00105889 -0.000763711
0.00105897 -0.000766242
0.00105906 -0.000768804
0.00105914 -0.000771405
0.00105923 -0.000774048
0.00105931 -0.000776737
0.00105939 -0.000779474
0.00105948 -0.000782256
0.00105956 -0.000785083
0.00105965 -0.000787949
0.00105973 -0.000790847
0.00105982 -0.000793771
0.0010599 -0.000796714
0.00105999 -0.000799667
0.00106007 -0.000802622
0.00106016 -0.000805571
0.00106024 -0.000808507
0.00106033 -0.000811424
0.00106041 -0.000814316
0.0010605 -0.000817179
0.00106058 -0.000820013
0.00106066 -0.000822817
0.00106075 -0.000825592
0.00106083 -0.000828344
0.00106092 -0.000831078
0.001061 -0.000833802
0.00106109 -0.000836524
0.00106117 -0.000839254
0.00106126 -0.000842001
0.00106134 -0.000844776
0.00106143 -0.000847586
0.00106151 -0.000850441
0.0010616 -0.000853348
0.00106168 -0.000856312
0.00106177 -0.000859337
0.00106185 -0.000862424
0.00106193 -0.000865572
0.00106202 -0.000868779
0.0010621 -0.000872038
0.00106219 -0.000875342
0.00106227 -0.000878682
0.00106236 -0.000882048
0.00106244 -0.000885428
0.00106253 -0.000888812
0.00106261 -0.000892192
0.0010627 -0.00089556
0.00106278 -0.00089891
0.00106287 -0.000902238
0.00106295 -0.000905543
0.00106303 -0.000908825
0.00106312 -0.000912087
0.0010632 -0.00091533
0.00106329 -0.000918557
0.00106337 -0.000921772
0.00106346 -0.000924977
0.00106354 -0.000928177
0.00106363 -0.000931372
0.00106371 -0.000934565
0.0010638 -0.000937755
0.00106388 -0.000940944
0.00106397 -0.00094413
0.00106405 -0.000947311
0.00106414 -0.000950485
0.00106422 -0.000953647
0.0010643 -0.000956794
0.00106439 -0.000959922
0.00106447 -0.000963026
0.00106456 -0.000966105
0.00106464 -0.000969158
0.00106473 -0.000972185
0.00106481 -0.000975189
0.0010649 -0.000978173
0.00106498 -0.000981143
0.00106507 -0.000984103
0.00106515 -0.000987059
0.00106524 -0.000990016
0.00106532 -0.000992976
0.00106541 -0.00099594
0.00106549 -0.000998908
0.00106557 -0.00100188
0.00106566 -0.00100484
0.00106574 -0.0010078
0.00106583 -0.00101075
0.00106591 -0.00101368
0.001066 -0.00101659
0.00106608 -0.00101947
0.00106617 -0.00102232
0.00106625 -0.00102514
0.00106634 -0.00102794
0.00106642 -0.0010307
0.00106651 -0.00103343
0.00106659 -0.00103614
0.00106668 -0.00103883
0.00106676 -0.0010415
0.00106684 -0.00104416
0.00106693 -0.00104681
0.00106701 -0.00104945
0.0010671 -0.00105209
0.00106718 -0.00105473
0.00106727 -0.00105737
0.00106735 -0.00105999
0.00106744 -0.00106261
0.00106752 -0.00106521
0.00106761 -0.0010678
0.00106769 -0.00107035
0.00106778 -0.00107288
0.00106786 -0.00107536
0.00106795 -0.00107781
0.00106803 -0.0010802
0.00106811 -0.00108255
0.0010682 -0.00108486
0.00106828 -0.00108712
0.00106837 -0.00108933
0.00106845 -0.00109151
0.00106854 -0.00109365
0.00106862 -0.00109576
0.00106871 -0.00109785
0.00106879 -0.00109992
0.00106888 -0.00110198
0.00106896 -0.00110402
0.00106905 -0.00110606
0.00106913 -0.00110809
0.00106922 -0.00111011
0.0010693 -0.00111212
0.00106938 -0.00111411
0.00106947 -0.00111609
0.00106955 -0.00111804
0.00106964 -0.00111996
0.00106972 -0.00112185
0.00106981 -0.00112372
0.00106989 -0.00112555
0.00106998 -0.00112735
0.00107006 -0.00112912
0.00107015 -0.00113087
0.00107023 -0.0011326
0.00107032 -0.00113431
0.0010704 -0.00113601
0.00107049 -0.0011377
0.00107057 -0.00113938
0.00107065 -0.00114106
0.00107074 -0.00114273
0.00107082 -0.0011444
0.00107091 -0.00114607
0.00107099 -0.00114774
0.00107108 -0.00114941
0.00107116 -0.00115108
0.00107125 -0.00115276
0.00107133 -0.00115444
0.00107142 -0.00115612
0.0010715 -0.0011578
0.00107159 -0.00115949
0.00107167 -0.00116117
0.00107176 -0.00116285
0.00107184 -0.00116453
0.00107193 -0.00116622
0.00107201 -0.00116791
0.00107209 -0.00116961
0.00107218 -0.00117131
0.00107226 -0.00117304
0.00107235 -0.00117478
0.00107243 -0.00117653
0.00107252 -0.00117831
0.0010726 -0.0011801
0.00107269 -0.00118191
0.00107277 -0.00118374
0.00107286 -0.00118558
0.00107294 -0.00118744
0.00107303 -0.00118931
0.00107311 -0.00119118
0.0010732 -0.00119307
0.00107328 -0.00119495
0.00107336 -0.00119684
0.00107345 -0.00119873
0.00107353 -0.00120062
0.00107362 -0.00120251
0.0010737 -0.00120439
0.00107379 -0.00120627
0.00107387 -0.00120815
0.00107396 -0.00121003
0.00107404 -0.00121191
0.00107413 -0.00121379
0.00107421 -0.00121567
0.0010743 -0.00121756
0.00107438 -0.00121945
0.00107447 -0.00122135
0.00107455 -0.00122326
0.00107463 -0.00122518
0.00107472 -0.00122711
0.0010748 -0.00122906
0.00107489 -0.00123102
0.00107497 -0.00123299
0.00107506 -0.00123498
0.00107514 -0.00123699
0.00107523 -0.00123901
0.00107531 -0.00124105
0.0010754 -0.00124311
0.00107548 -0.00124518
0.00107557 -0.00124726
0.00107565 -0.00124935
0.00107574 -0.00125145
0.00107582 -0.00125356
0.0010759 -0.00125567
0.00107599 -0.00125779
0.00107607 -0.00125992
0.00107616 -0.00126205
0.00107624 -0.0012642
0.00107633 -0.00126636
0.00107641 -0.00126853
0.0010765 -0.00127072
0.00107658 -0.00127292
0.00107667 -0.00127514
0.00107675 -0.00127737
0.00107684 -0.0012796
0.00107692 -0.00128184
0.00107701 -0.00128408
0.00107709 -0.0012863
0.00107717 -0.00128851
0.00107726 -0.0012907
0.00107734 -0.00129285
0.00107743 -0.00129496
0.00107751 -0.00129702
0.0010776 -0.00129902
0.00107768 -0.00130097
0.00107777 -0.00130285
0.00107785 -0.00130467
0.00107794 -0.00130643
0.00107802 -0.00130814
0.00107811 -0.0013098
0.00107819 -0.00131142
0.00107828 -0.00131301
0.00107836 -0.00131459
0.00107844 -0.00131617
0.00107853 -0.00131775
0.00107861 -0.00131936
0.0010787 -0.00132099
0.00107878 -0.00132266
0.00107887 -0.00132437
0.00107895 -0.00132612
0.00107904 -0.00132791
0.00107912 -0.00132975
0.00107921 -0.00133162
0.00107929 -0.00133351
0.00107938 -0.00133543
0.00107946 -0.00133736
0.00107955 -0.0013393
0.00107963 -0.00134123
0.00107971 -0.00134315
0.0010798 -0.00134506
0.00107988 -0.00134695
0.00107997 -0.00134881
0.00108005 -0.00135064
0.00108014 -0.00135244
0.00108022 -0.00135422
0.00108031 -0.00135598
0.00108039 -0.00135771
0.00108048 -0.00135943
0.00108056 -0.00136114
0.00108065 -0.00136285
0.00108073 -0.00136456
0.00108082 -0.00136627
0.0010809 -0.001368
0.00108098 -0.00136974
0.00108107 -0.00137151
0.00108115 -0.00137329
0.00108124 -0.0013751
0.00108132 -0.00137693
0.00108141 -0.00137878
0.00108149 -0.00138066
0.00108158 -0.00138256
0.00108166 -0.00138447
0.00108175 -0.00138641
0.00108183 -0.00138835
0.00108192 -0.0013903
0.001082 -0.00139224
0.00108209 -0.00139419
0.00108217 -0.00139613
0.00108225 -0.00139806
0.00108234 -0.00139998
0.00108242 -0.00140187
0.00108251 -0.00140375
0.00108259 -0.0014056
0.00108268 -0.00140743
0.00108276 -0.00140923
0.00108285 -0.00141099
0.00108293 -0.00141271
0.00108302 -0.0014144
0.0010831 -0.00141604
0.00108319 -0.00141764
0.00108327 -0.00141921
0.00108336 -0.00142073
0.00108344 -0.00142221
0.00108352 -0.00142367
0.00108361 -0.00142509
0.00108369 -0.0014265
0.00108378 -0.00142788
0.00108386 -0.00142926
0.00108395 -0.00143065
0.00108403 -0.00143203
0.00108412 -0.00143343
0.0010842 -0.00143486
0.00108429 -0.00143631
0.00108437 -0.00143779
0.00108446 -0.00143931
0.00108454 -0.00144087
0.00108463 -0.00144246
0.00108471 -0.00144409
0.00108479 -0.00144575
0.00108488 -0.00144745
0.00108496 -0.00144917
0.00108505 -0.00145092
0.00108513 -0.00145268
0.00108522 -0.00145447
0.0010853 -0.00145627
0.00108539 -0.00145808
0.00108547 -0.0014599
0.00108556 -0.00146175
0.00108564 -0.0014636
0.00108573 -0.00146548
0.00108581 -0.00146737
0.0010859 -0.00146929
0.00108598 -0.00147123
0.00108606 -0.0014732
0.00108615 -0.00147519
0.00108623 -0.0014772
0.00108632 -0.00147924
0.0010864 -0.00148131
0.00108649 -0.0014834
0.00108657 -0.00148552
0.00108666 -0.00148765
0.00108674 -0.0014898
0.00108683 -0.00149195
0.00108691 -0.00149411
0.001087 -0.00149626
0.00108708 -0.00149841
0.00108717 -0.00150054
0.00108725 -0.00150265
0.00108733 -0.00150474
0.00108742 -0.00150682
0.0010875 -0.00150889
0.00108759 -0.00151094
0.00108767 -0.00151299
0.00108776 -0.00151505
0.00108784 -0.00151712
0.00108793 -0.00151921
0.00108801 -0.00152132
0.0010881 -0.00152347
0.00108818 -0.00152566
0.00108827 -0.00152789
0.00108835 -0.00153016
0.00108844 -0.00153248
0.00108852 -0.00153484
0.0010886 -0.00153724
0.00108869 -0.00153969
0.00108877 -0.00154217
0.00108886 -0.00154469
0.00108894 -0.00154724
0.00108903 -0.00154981
0.00108911 -0.0015524
0.0010892 -0.00155501
0.00108928 -0.00155763
0.00108937 -0.00156025
0.00108945 -0.00156288
0.00108954 -0.00156551
0.00108962 -0.00156815
0.00108971 -0.00157078
0.00108979 -0.00157341
0.00108988 -0.00157604
0.00108996 -0.00157866
0.00109004 -0.00158128
0.00109013 -0.00158388
0.00109021 -0.00158647
0.0010903 -0.00158903
0.00109038 -0.00159157
0.00109047 -0.00159407
0.00109055 -0.00159653
0.00109064 -0.00159894
0.00109072 -0.0016013
0.00109081 -0.0016036
0.00109089 -0.00160585
0.00109098 -0.00160804
0.00109106 -0.00161018
0.00109114 -0.00161226
0.00109123 -0.0016143
0.00109131 -0.0016163
0.0010914 -0.00161826
0.00109148 -0.00162021
0.00109157 -0.00162214
0.00109165 -0.00162407
0.00109174 -0.00162601
0.00109182 -0.00162796
0.00109191 -0.00162994
0.00109199 -0.00163195
0.00109208 -0.001634
0.00109216 -0.00163608
0.00109225 -0.00163819
0.00109233 -0.00164033
0.00109241 -0.0016425
0.0010925 -0.0016447
0.00109258 -0.00164692
0.00109267 -0.00164916
0.00109275 -0.00165142
0.00109284 -0.00165369
0.00109292 -0.00165598
0.00109301 -0.00165828
0.00109309 -0.0016606
0.00109318 -0.00166293
0.00109326 -0.00166528
0.00109335 -0.00166765
0.00109343 -0.00167003
0.00109352 -0.00167242
0.0010936 -0.00167483
0.00109368 -0.00167724
0.00109377 -0.00167965
0.00109385 -0.00168205
0.00109394 -0.00168443
0.00109402 -0.00168679
0.00109411 -0.00168911
0.00109419 -0.00169138
0.00109428 -0.00169359
0.00109436 -0.00169573
0.00109445 -0.0016978
0.00109453 -0.00169979
0.00109462 -0.00170169
0.0010947 -0.00170351
0.00109479 -0.00170524
0.00109487 -0.00170689
0.00109495 -0.00170846
0.00109504 -0.00170997
0.00109512 -0.00171142
0.00109521 -0.00171282
0.00109529 -0.00171418
0.00109538 -0.0017155
0.00109546 -0.00171681
0.00109555 -0.0017181
0.00109563 -0.00171937
0.00109572 -0.00172063
0.0010958 -0.00172188
0.00109589 -0.00172312
0.00109597 -0.00172434
0.00109606 -0.00172555
0.00109614 -0.00172673
0.00109622 -0.00172788
0.00109631 -0.00172899
0.00109639 -0.00173007
0.00109648 -0.0017311
0.00109656 -0.0017321
0.00109665 -0.00173304
0.00109673 -0.00173395
0.00109682 -0.00173482
0.0010969 -0.00173567
0.00109699 -0.00173649
0.00109707 -0.0017373
0.00109716 -0.0017381
0.00109724 -0.00173891
0.00109733 -0.00173974
0.00109741 -0.0017406
0.00109749 -0.00174148
0.00109758 -0.0017424
0.00109766 -0.00174335
0.00109775 -0.00174434
0.00109783 -0.00174537
0.00109792 -0.00174642
0.001098 -0.00174749
0.00109809 -0.00174858
0.00109817 -0.00174968
0.00109826 -0.00175077
0.00109834 -0.00175184
0.00109843 -0.0017529
0.00109851 -0.00175392
0.0010986 -0.0017549
0.00109868 -0.00175585
0.00109876 -0.00175674
0.00109885 -0.00175759
0.00109893 -0.00175839
0.00109902 -0.00175915
0.0010991 -0.00175986
0.00109919 -0.00176052
0.00109927 -0.00176115
0.00109936 -0.00176173
0.00109944 -0.00176228
0.00109953 -0.00176279
0.00109961 -0.00176326
0.0010997 -0.0017637
0.00109978 -0.00176409
0.00109987 -0.00176445
0.00109995 -0.00176476
0.00110003 -0.00176502
0.00110012 -0.00176525
0.0011002 -0.00176543
0.00110029 -0.00176557
0.00110037 -0.00176566
0.00110046 -0.00176572
0.00110054 -0.00176574
0.00110063 -0.00176574
0.00110071 -0.00176572
0.0011008 -0.00176569
0.00110088 -0.00176566
0.00110097 -0.00176565
0.00110105 -0.00176566
0.00110114 -0.00176572
0.00110122 -0.00176582
0.0011013 -0.00176597
0.00110139 -0.00176619
0.00110147 -0.00176647
0.00110156 -0.00176682
0.00110164 -0.00176723
0.00110173 -0.00176769
0.00110181 -0.00176822
0.0011019 -0.0017688
0.00110198 -0.00176942
0.00110207 -0.00177008
0.00110215 -0.00177078
0.00110224 -0.00177152
0.00110232 -0.00177228
0.00110241 -0.00177307
0.00110249 -0.00177389
0.00110257 -0.00177473
0.00110266 -0.00177559
0.00110274 -0.00177646
0.00110283 -0.00177736
0.00110291 -0.00177827
0.001103 -0.00177921
0.00110308 -0.00178016
0.00110317 -0.00178114
0.00110325 -0.00178214
0.00110334 -0.00178316
0.00110342 -0.00178421
0.00110351 -0.00178528
0.00110359 -0.00178638
0.00110368 -0.0017875
0.00110376 -0.00178863
0.00110384 -0.00178978
0.00110393 -0.00179095
0.00110401 -0.00179214
0.0011041 -0.00179333
0.00110418 -0.00179454
0.00110427 -0.00179577
0.00110435 -0.00179701
0.00110444 -0.00179826
0.00110452 -0.00179953
0.00110461 -0.0018008
0.00110469 -0.00180209
0.00110478 -0.00180339
0.00110486 -0.00180469
0.00110495 -0.001806
0.00110503 -0.0018073
0.00110511 -0.00180859
0.0011052 -0.00180987
0.00110528 -0.00181114
0.00110537 -0.00181239
0.00110545 -0.00181361
0.00110554 -0.00181481
0.00110562 -0.00181598
0.00110571 -0.00181714
0.00110579 -0.00181827
0.00110588 -0.00181939
0.00110596 -0.00182051
0.00110605 -0.00182164
0.00110613 -0.00182279
0.00110622 -0.00182396
0.0011063 -0.00182517
0.00110638 -0.00182643
0.00110647 -0.00182773
0.00110655 -0.00182908
0.00110664 -0.00183046
0.00110672 -0.00183189
0.00110681 -0.00183334
0.00110689 -0.0018348
0.00110698 -0.00183626
0.00110706 -0.00183771
0.00110715 -0.00183913
0.00110723 -0.0018405
0.00110732 -0.00184182
0.0011074 -0.00184308
0.00110749 -0.00184427
0.00110757 -0.00184538
0.00110765 -0.00184643
0.00110774 -0.00184741
0.00110782 -0.00184833
0.00110791 -0.00184919
0.00110799 -0.00185003
0.00110808 -0.00185084
0.00110816 -0.00185165
0.00110825 -0.00185247
0.00110833 -0.00185332
0.00110842 -0.00185422
0.0011085 -0.00185517
0.00110859 -0.00185619
0.00110867 -0.00185729
0.00110876 -0.00185846
0.00110884 -0.00185971
0.00110892 -0.00186103
0.00110901 -0.00186242
0.00110909 -0.00186386
0.00110918 -0.00186536
0.00110926 -0.0018669
0.00110935 -0.00186848
0.00110943 -0.00187009
0.00110952 -0.00187173
0.0011096 -0.00187339
0.00110969 -0.00187506
0.00110977 -0.00187674
0.00110986 -0.00187843
0.00110994 -0.00188011
0.00111003 -0.0018818
0.00111011 -0.00188349
0.00111019 -0.00188517
0.00111028 -0.00188685
0.00111036 -0.00188853
0.00111045 -0.0018902
0.00111053 -0.00189189
0.00111062 -0.00189358
0.0011107 -0.00189529
0.00111079 -0.00189703
0.00111087 -0.00189879
0.00111096 -0.0019006
0.00111104 -0.00190245
0.00111113 -0.00190435
0.00111121 -0.0019063
0.0011113 -0.00190831
0.00111138 -0.00191037
0.00111146 -0.00191248
0.00111155 -0.00191464
0.00111163 -0.00191683
0.00111172 -0.00191904
0.0011118 -0.00192126
0.00111189 -0.00192348
0.00111197 -0.00192567
0.00111206 -0.00192783
0.00111214 -0.00192994
0.00111223 -0.00193198
0.00111231 -0.00193396
0.0011124 -0.00193586
0.00111248 -0.00193767
0.00111257 -0.00193941
0.00111265 -0.00194108
0.00111274 -0.00194267
0.00111282 -0.00194421
0.0011129 -0.0019457
0.00111299 -0.00194715
0.00111307 -0.00194856
0.00111316 -0.00194996
0.00111324 -0.00195135
0.00111333 -0.00195274
0.00111341 -0.00195414
0.0011135 -0.00195554
0.00111358 -0.00195695
0.00111367 -0.00195837
0.00111375 -0.0019598
0.00111384 -0.00196123
0.00111392 -0.00196266
0.00111401 -0.00196408
0.00111409 -0.00196549
0.00111417 -0.00196689
0.00111426 -0.00196827
0.00111434 -0.00196962
0.00111443 -0.00197096
0.00111451 -0.00197227
0.0011146 -0.00197356
0.00111468 -0.00197484
0.00111477 -0.00197609
0.00111485 -0.00197734
0.00111494 -0.00197857
0.00111502 -0.00197979
0.00111511 -0.00198099
0.00111519 -0.00198219
0.00111528 -0.00198338
0.00111536 -0.00198456
0.00111544 -0.00198573
0.00111553 -0.0019869
0.00111561 -0.00198807
0.0011157 -0.00198925
0.00111578 -0.00199043
0.00111587 -0.00199163
0.00111595 -0.00199285
0.00111604 -0.00199409
0.00111612 -0.00199536
0.00111621 -0.00199666
0.00111629 -0.00199799
0.00111638 -0.00199935
0.00111646 -0.00200074
0.00111655 -0.00200216
0.00111663 -0.00200361
0.00111671 -0.00200507
0.0011168 -0.00200656
0.00111688 -0.00200805
0.00111697 -0.00200955
0.00111705 -0.00201104
0.00111714 -0.00201253
0.00111722 -0.002014
0.00111731 -0.00201545
0.00111739 -0.00201689
0.00111748 -0.00201831
0.00111756 -0.00201971
0.00111765 -0.00202111
0.00111773 -0.00202251
0.00111782 -0.00202393
0.0011179 -0.00202536
0.00111798 -0.00202683
0.00111807 -0.00202833
0.00111815 -0.00202987
0.00111824 -0.00203147
0.00111832 -0.0020331
0.00111841 -0.00203478
0.00111849 -0.00203649
0.00111858 -0.00203823
0.00111866 -0.00203999
0.00111875 -0.00204175
0.00111883 -0.00204351
0.00111892 -0.00204526
0.001119 -0.00204698
0.00111909 -0.00204868
0.00111917 -0.00205034
0.00111925 -0.00205197
0.00111934 -0.00205355
0.00111942 -0.0020551
0.00111951 -0.00205661
0.00111959 -0.00205809
0.00111968 -0.00205955
0.00111976 -0.00206098
0.00111985 -0.0020624
0.00111993 -0.00206381
0.00112002 -0.00206521
0.0011201 -0.00206659
0.00112019 -0.00206797
0.00112027 -0.00206932
0.00112036 -0.00207065
0.00112044 -0.00207194
0.00112052 -0.00207319
0.00112061 -0.00207438
0.00112069 -0.0020755
0.00112078 -0.00207655
0.00112086 -0.00207751
0.00112095 -0.00207839
0.00112103 -0.00207918
0.00112112 -0.00207989
0.0011212 -0.00208052
0.00112129 -0.00208107
0.00112137 -0.00208156
0.00112146 -0.002082
0.00112154 -0.00208239
0.00112163 -0.00208275
0.00112171 -0.00208309
0.00112179 -0.00208342
0.00112188 -0.00208374
0.00112196 -0.00208405
0.00112205 -0.00208437
0.00112213 -0.00208468
0.00112222 -0.00208499
0.0011223 -0.0020853
0.00112239 -0.0020856
0.00112247 -0.00208589
0.00112256 -0.00208616
0.00112264 -0.00208642
0.00112273 -0.00208667
0.00112281 -0.0020869
0.0011229 -0.00208711
0.00112298 -0.00208732
0.00112306 -0.00208752
0.00112315 -0.00208772
0.00112323 -0.00208793
0.00112332 -0.00208814
0.0011234 -0.00208836
0.00112349 -0.0020886
0.00112357 -0.00208886
0.00112366 -0.00208914
0.00112374 -0.00208945
0.00112383 -0.00208979
0.00112391 -0.00209017
0.001124 -0.0020906
0.00112408 -0.00209107
0.00112417 -0.0020916
0.00112425 -0.00209218
0.00112433 -0.00209282
0.00112442 -0.00209352
0.0011245 -0.00209428
0.00112459 -0.0020951
0.00112467 -0.00209599
0.00112476 -0.00209693
0.00112484 -0.00209793
0.00112493 -0.00209898
0.00112501 -0.00210009
0.0011251 -0.00210123
0.00112518 -0.00210242
0.00112527 -0.00210365
0.00112535 -0.00210489
0.00112544 -0.00210616
0.00112552 -0.00210743
0.0011256 -0.0021087
0.00112569 -0.00210996
0.00112577 -0.00211121
0.00112586 -0.00211243
0.00112594 -0.00211363
0.00112603 -0.0021148
0.00112611 -0.00211595
0.0011262 -0.00211709
0.00112628 -0.00211821
0.00112637 -0.00211932
0.00112645 -0.00212045
0.00112654 -0.00212159
0.00112662 -0.00212276
0.00112671 -0.00212396
0.00112679 -0.00212521
0.00112688 -0.00212651
0.00112696 -0.00212785
0.00112704 -0.00212925
0.00112713 -0.0021307
0.00112721 -0.0021322
0.0011273 -0.00213374
0.00112738 -0.00213532
0.00112747 -0.00213693
0.00112755 -0.00213855
0.00112764 -0.0021402
0.00112772 -0.00214185
0.00112781 -0.0021435
0.00112789 -0.00214515
0.00112798 -0.00214681
0.00112806 -0.00214846
0.00112815 -0.00215012
0.00112823 -0.00215178
0.00112831 -0.00215345
0.0011284 -0.00215513
0.00112848 -0.00215682
0.00112857 -0.00215853
0.00112865 -0.00216026
0.00112874 -0.00216199
0.00112882 -0.00216374
0.00112891 -0.0021655
0.00112899 -0.00216726
0.00112908 -0.00216903
0.00112916 -0.00217079
0.00112925 -0.00217253
0.00112933 -0.00217426
0.00112942 -0.00217595
0.0011295 -0.00217761
0.00112958 -0.00217923
0.00112967 -0.00218079
0.00112975 -0.00218229
0.00112984 -0.00218372
0.00112992 -0.00218508
0.00113001 -0.00218637
0.00113009 -0.00218758
0.00113018 -0.00218872
0.00113026 -0.00218978
0.00113035 -0.00219078
0.00113043 -0.00219171
0.00113052 -0.00219259
0.0011306 -0.00219341
0.00113069 -0.00219418
0.00113077 -0.00219489
0.00113085 -0.00219557
0.00113094 -0.0021962
0.00113102 -0.0021968
0.00113111 -0.00219737
0.00113119 -0.00219792
0.00113128 -0.00219845
0.00113136 -0.00219898
0.00113145 -0.00219951
0.00113153 -0.00220004
0.00113162 -0.00220059
0.0011317 -0.00220115
0.00113179 -0.00220173
0.00113187 -0.00220234
0.00113196 -0.00220297
0.00113204 -0.00220362
0.00113212 -0.00220431
0.00113221 -0.00220502
0.00113229 -0.00220575
0.00113238 -0.00220652
0.00113246 -0.0022073
0.00113255 -0.0022081
0.00113263 -0.00220892
0.00113272 -0.00220974
0.0011328 -0.00221056
0.00113289 -0.00221137
0.00113297 -0.00221216
0.00113306 -0.00221294
0.00113314 -0.0022137
0.00113323 -0.00221443
0.00113331 -0.00221514
0.00113339 -0.00221582
0.00113348 -0.00221648
0.00113356 -0.00221712
0.00113365 -0.00221774
0.00113373 -0.00221833
0.00113382 -0.00221891
0.0011339 -0.00221948
0.00113399 -0.00222003
0.00113407 -0.00222057
0.00113416 -0.0022211
0.00113424 -0.00222164
0.00113433 -0.00222219
0.00113441 -0.00222276
0.0011345 -0.00222336
0.00113458 -0.00222399
0.00113466 -0.00222466
0.00113475 -0.00222537
0.00113483 -0.00222613
0.00113492 -0.00222693
0.001135 -0.00222777
0.00113509 -0.00222865
0.00113517 -0.00222956
0.00113526 -0.0022305
0.00113534 -0.00223146
0.00113543 -0.00223244
0.00113551 -0.00223342
0.0011356 -0.00223441
0.00113568 -0.0022354
0.00113577 -0.00223638
0.00113585 -0.00223736
0.00113593 -0.00223834
0.00113602 -0.00223931
0.0011361 -0.00224028
0.00113619 -0.00224125
0.00113627 -0.00224223
0.00113636 -0.00224323
0.00113644 -0.00224425
0.00113653 -0.0022453
0.00113661 -0.00224639
0.0011367 -0.00224753
0.00113678 -0.00224872
0.00113687 -0.00224996
0.00113695 -0.00225127
0.00113704 -0.00225263
0.00113712 -0.00225405
0.0011372 -0.00225552
0.00113729 -0.00225704
0.00113737 -0.00225862
0.00113746 -0.00226023
0.00113754 -0.00226187
0.00113763 -0.00226354
0.00113771 -0.00226523
0.0011378 -0.00226692
0.00113788 -0.0022686
0.00113797 -0.00227028
0.00113805 -0.00227193
0.00113814 -0.00227357
0.00113822 -0.00227518
0.00113831 -0.00227677
0.00113839 -0.00227834
0.00113847 -0.00227989
0.00113856 -0.00228144
0.00113864 -0.00228299
0.00113873 -0.00228455
0.00113881 -0.00228614
0.0011389 -0.00228776
0.00113898 -0.00228942
0.00113907 -0.00229114
0.00113915 -0.00229292
0.00113924 -0.00229477
0.00113932 -0.0022967
0.00113941 -0.00229871
0.00113949 -0.0023008
0.00113958 -0.00230298
0.00113966 -0.00230524
0.00113974 -0.00230757
0.00113983 -0.00230997
0.00113991 -0.00231243
0.00114 -0.00231493
0.00114008 -0.00231745
0.00114017 -0.00232
0.00114025 -0.00232255
0.00114034 -0.00232509
0.00114042 -0.00232761
0.00114051 -0.00233011
0.00114059 -0.00233258
0.00114068 -0.00233503
0.00114076 -0.00233745
0.00114085 -0.00233984
0.00114093 -0.00234222
0.00114101 -0.00234459
0.0011411 -0.00234695
0.00114118 -0.00234931
0.00114127 -0.00235169
0.00114135 -0.00235409
0.00114144 -0.00235653
0.00114152 -0.00235899
0.00114161 -0.0023615
0.00114169 -0.00236405
0.00114178 -0.00236664
0.00114186 -0.00236928
0.00114195 -0.00237195
0.00114203 -0.00237464
0.00114212 -0.00237736
0.0011422 -0.00238009
0.00114228 -0.00238281
0.00114237 -0.00238553
0.00114245 -0.00238822
0.00114254 -0.00239088
0.00114262 -0.0023935
0.00114271 -0.00239606
0.00114279 -0.00239858
0.00114288 -0.00240103
0.00114296 -0.00240342
0.00114305 -0.00240575
0.00114313 -0.00240801
0.00114322 -0.00241022
0.0011433 -0.00241237
0.00114339 -0.00241448
0.00114347 -0.00241655
0.00114355 -0.0024186
0.00114364 -0.00242062
0.00114372 -0.00242265
0.00114381 -0.00242467
0.00114389 -0.00242672
0.00114398 -0.00242879
0.00114406 -0.00243089
0.00114415 -0.00243303
0.00114423 -0.00243522
0.00114432 -0.00243745
0.0011444 -0.00243974
0.00114449 -0.00244207
0.00114457 -0.00244446
0.00114466 -0.00244688
0.00114474 -0.00244935
0.00114483 -0.00245186
0.00114491 -0.00245439
0.00114499 -0.00245695
0.00114508 -0.00245951
0.00114516 -0.00246207
0.00114525 -0.00246463
0.00114533 -0.00246717
0.00114542 -0.00246969
0.0011455 -0.00247217
0.00114559 -0.00247461
0.00114567 -0.00247701
0.00114576 -0.00247936
0.00114584 -0.00248166
0.00114593 -0.00248391
0.00114601 -0.00248612
0.0011461 -0.00248827
0.00114618 -0.00249039
0.00114626 -0.00249248
0.00114635 -0.00249454
0.00114643 -0.00249658
0.00114652 -0.00249861
0.0011466 -0.00250064
0.00114669 -0.00250267
0.00114677 -0.00250472
0.00114686 -0.00250678
0.00114694 -0.00250887
0.00114703 -0.00251099
0.00114711 -0.00251313
0.0011472 -0.00251531
0.00114728 -0.00251751
0.00114737 -0.00251974
0.00114745 -0.00252199
0.00114753 -0.00252426
0.00114762 -0.00252654
0.0011477 -0.00252883
0.00114779 -0.00253112
0.00114787 -0.0025334
0.00114796 -0.00253567
0.00114804 -0.00253792
0.00114813 -0.00254015
0.00114821 -0.00254236
0.0011483 -0.00254455
0.00114838 -0.00254673
0.00114847 -0.00254889
0.00114855 -0.00255106
0.00114864 -0.00255323
0.00114872 -0.00255542
0.0011488 -0.00255765
0.00114889 -0.00255992
0.00114897 -0.00256225
0.00114906 -0.00256464
0.00114914 -0.0025671
0.00114923 -0.00256964
0.00114931 -0.00257225
0.0011494 -0.00257494
0.00114948 -0.00257769
0.00114957 -0.00258051
0.00114965 -0.00258337
0.00114974 -0.00258628
0.00114982 -0.00258921
0.00114991 -0.00259217
0.00114999 -0.00259513
0.00115007 -0.00259809
0.00115016 -0.00260104
0.00115024 -0.00260397
0.00115033 -0.00260688
0.00115041 -0.00260977
0.0011505 -0.00261263
0.00115058 -0.00261546
0.00115067 -0.00261826
0.00115075 -0.00262105
0.00115084 -0.00262383
0.00115092 -0.00262659
0.00115101 -0.00262936
0.00115109 -0.00263212
0.00115118 -0.0026349
0.00115126 -0.00263768
0.00115134 -0.00264047
0.00115143 -0.00264327
0.00115151 -0.00264607
0.0011516 -0.00264888
0.00115168 -0.00265169
0.00115177 -0.00265448
0.00115185 -0.00265727
0.00115194 -0.00266004
0.00115202 -0.00266279
0.00115211 -0.00266552
0.00115219 -0.00266822
0.00115228 -0.00267091
0.00115236 -0.00267357
0.00115245 -0.00267621
0.00115253 -0.00267883
0.00115261 -0.00268144
0.0011527 -0.00268403
0.00115278 -0.00268663
0.00115287 -0.00268922
0.00115295 -0.00269181
0.00115304 -0.00269442
0.00115312 -0.00269703
0.00115321 -0.00269965
0.00115329 -0.00270229
0.00115338 -0.00270494
0.00115346 -0.00270761
0.00115355 -0.00271028
0.00115363 -0.00271297
0.00115372 -0.00271567
0.0011538 -0.00271838
0.00115388 -0.0027211
0.00115397 -0.00272384
0.00115405 -0.00272659
0.00115414 -0.00272937
0.00115422 -0.00273217
0.00115431 -0.00273499
0.00115439 -0.00273784
0.00115448 -0.00274071
0.00115456 -0.00274361
0.00115465 -0.00274652
0.00115473 -0.00274946
0.00115482 -0.0027524
0.0011549 -0.00275536
0.00115499 -0.00275831
0.00115507 -0.00276125
0.00115515 -0.00276419
0.00115524 -0.0027671
0.00115532 -0.00277
0.00115541 -0.00277286
0.00115549 -0.0027757
0.00115558 -0.00277852
0.00115566 -0.0027813
0.00115575 -0.00278406
0.00115583 -0.00278681
0.00115592 -0.00278955
0.001156 -0.00279229
0.00115609 -0.00279504
0.00115617 -0.0027978
0.00115626 -0.00280058
0.00115634 -0.00280339
0.00115642 -0.00280621
0.00115651 -0.00280906
0.00115659 -0.00281193
0.00115668 -0.0028148
0.00115676 -0.00281767
0.00115685 -0.00282053
0.00115693 -0.00282336
0.00115702 -0.00282617
0.0011571 -0.00282894
0.00115719 -0.00283166
0.00115727 -0.00283433
0.00115736 -0.00283696
0.00115744 -0.00283954
0.00115753 -0.00284207
0.00115761 -0.00284457
0.00115769 -0.00284704
0.00115778 -0.00284948
0.00115786 -0.00285192
0.00115795 -0.00285435
0.00115803 -0.00285678
0.00115812 -0.00285923
0.0011582 -0.00286171
0.00115829 -0.0028642
0.00115837 -0.00286672
0.00115846 -0.00286926
0.00115854 -0.00287183
0.00115863 -0.0028744
0.00115871 -0.00287699
0.0011588 -0.00287957
0.00115888 -0.00288213
0.00115897 -0.00288468
0.00115905 -0.00288719
0.00115913 -0.00288967
0.00115922 -0.0028921
0.0011593 -0.0028945
0.00115939 -0.00289685
0.00115947 -0.00289915
0.00115956 -0.00290142
0.00115964 -0.00290365
0.00115973 -0.00290584
0.00115981 -0.00290801
0.0011599 -0.00291015
0.00115998 -0.00291228
0.00116007 -0.0029144
0.00116015 -0.00291651
0.00116024 -0.00291861
0.00116032 -0.00292072
0.0011604 -0.00292282
0.00116049 -0.00292492
0.00116057 -0.00292702
0.00116066 -0.00292912
0.00116074 -0.00293121
0.00116083 -0.0029333
0.00116091 -0.00293539
0.001161 -0.00293748
0.00116108 -0.00293956
0.00116117 -0.00294165
0.00116125 -0.00294374
0.00116134 -0.00294585
0.00116142 -0.00294796
0.00116151 -0.00295009
0.00116159 -0.00295224
0.00116167 -0.0029544
0.00116176 -0.00295658
0.00116184 -0.00295877
0.00116193 -0.00296097
0.00116201 -0.00296319
0.0011621 -0.00296541
0.00116218 -0.00296764
0.00116227 -0.00296987
0.00116235 -0.00297211
0.00116244 -0.00297435
0.00116252 -0.00297659
0.00116261 -0.00297883
0.00116269 -0.00298107
0.00116278 -0.00298332
0.00116286 -0.00298557
0.00116294 -0.00298782
0.00116303 -0.00299007
0.00116311 -0.00299233
0.0011632 -0.00299461
0.00116328 -0.00299689
0.00116337 -0.00299919
0.00116345 -0.00300151
0.00116354 -0.00300385
0.00116362 -0.00300621
0.00116371 -0.00300859
0.00116379 -0.00301098
0.00116388 -0.00301339
0.00116396 -0.0030158
0.00116405 -0.00301822
0.00116413 -0.00302063
0.00116421 -0.00302305
0.0011643 -0.00302545
0.00116438 -0.00302785
0.00116447 -0.00303023
0.00116455 -0.0030326
0.00116464 -0.00303495
0.00116472 -0.00303727
0.00116481 -0.00303958
0.00116489 -0.00304185
0.00116498 -0.0030441
0.00116506 -0.00304632
0.00116515 -0.00304852
0.00116523 -0.00305069
0.00116532 -0.00305284
0.0011654 -0.00305498
0.00116548 -0.0030571
0.00116557 -0.00305921
0.00116565 -0.00306133
0.00116574 -0.00306345
0.00116582 -0.00306557
0.00116591 -0.0030677
0.00116599 -0.00306984
0.00116608 -0.00307199
0.00116616 -0.00307415
0.00116625 -0.00307633
0.00116633 -0.00307851
0.00116642 -0.00308072
0.0011665 -0.00308293
0.00116659 -0.00308515
0.00116667 -0.00308739
0.00116675 -0.00308964
0.00116684 -0.00309191
0.00116692 -0.00309418
0.00116701 -0.00309647
0.00116709 -0.00309877
0.00116718 -0.00310108
0.00116726 -0.00310341
0.00116735 -0.00310574
0.00116743 -0.00310808
0.00116752 -0.00311042
0.0011676 -0.00311278
0.00116769 -0.00311513
0.00116777 -0.00311748
0.00116786 -0.00311983
0.00116794 -0.00312217
0.00116802 -0.0031245
0.00116811 -0.00312682
0.00116819 -0.00312912
0.00116828 -0.00313141
0.00116836 -0.00313367
0.00116845 -0.00313592
0.00116853 -0.00313815
0.00116862 -0.00314035
0.0011687 -0.00314253
0.00116879 -0.00314469
0.00116887 -0.00314683
0.00116896 -0.00314894
0.00116904 -0.00315103
0.00116913 -0.0031531
0.00116921 -0.00315515
0.00116929 -0.00315718
0.00116938 -0.0031592
0.00116946 -0.0031612
0.00116955 -0.0031632
0.00116963 -0.00316518
0.00116972 -0.00316717
0.0011698 -0.00316915
0.00116989 -0.00317112
0.00116997 -0.0031731
0.00117006 -0.00317507
0.00117014 -0.00317705
0.00117023 -0.00317902
0.00117031 -0.00318099
0.0011704 -0.00318297
0.00117048 -0.00318493
0.00117056 -0.00318689
0.00117065 -0.00318884
0.00117073 -0.00319077
0.00117082 -0.00319267
0.0011709 -0.00319454
0.00117099 -0.00319638
0.00117107 -0.00319816
0.00117116 -0.00319989
0.00117124 -0.00320156
0.00117133 -0.00320317
0.00117141 -0.00320471
0.0011715 -0.00320617
0.00117158 -0.00320757
0.00117167 -0.0032089
0.00117175 -0.00321017
0.00117184 -0.00321138
0.00117192 -0.00321253
0.001172 -0.00321362
0.00117209 -0.00321468
0.00117217 -0.00321569
0.00117226 -0.00321667
0.00117234 -0.00321763
0.00117243 -0.00321855
0.00117251 -0.00321946
0.0011726 -0.00322035
0.00117268 -0.00322123
0.00117277 -0.00322209
0.00117285 -0.00322293
0.00117294 -0.00322375
0.00117302 -0.00322455
0.00117311 -0.00322533
0.00117319 -0.00322608
0.00117327 -0.00322681
0.00117336 -0.0032275
0.00117344 -0.00322816
0.00117353 -0.00322879
0.00117361 -0.0032294
0.0011737 -0.00322997
0.00117378 -0.00323052
0.00117387 -0.00323104
0.00117395 -0.00323155
0.00117404 -0.00323204
0.00117412 -0.00323252
0.00117421 -0.003233
0.00117429 -0.00323347
0.00117438 -0.00323394
0.00117446 -0.00323441
0.00117454 -0.00323489
0.00117463 -0.00323537
0.00117471 -0.00323584
0.0011748 -0.00323632
0.00117488 -0.00323679
0.00117497 -0.00323724
0.00117505 -0.00323769
0.00117514 -0.00323812
0.00117522 -0.00323853
0.00117531 -0.00323892
0.00117539 -0.0032393
0.00117548 -0.00323966
0.00117556 -0.00324001
0.00117565 -0.00324035
0.00117573 -0.00324068
0.00117581 -0.00324101
0.0011759 -0.00324134
0.00117598 -0.00324167
0.00117607 -0.00324202
0.00117615 -0.00324237
0.00117624 -0.00324275
0.00117632 -0.00324314
0.00117641 -0.00324355
0.00117649 -0.00324397
0.00117658 -0.00324441
0.00117666 -0.00324487
0.00117675 -0.00324533
0.00117683 -0.00324579
0.00117692 -0.00324625
0.001177 -0.0032467
0.00117708 -0.00324715
0.00117717 -0.00324757
0.00117725 -0.00324799
0.00117734 -0.00324839
0.00117742 -0.00324878
0.00117751 -0.00324916
0.00117759 -0.00324955
0.00117768 -0.00324994
0.00117776 -0.00325035
0.00117785 -0.00325078
0.00117793 -0.00325124
0.00117802 -0.00325173
0.0011781 -0.00325226
0.00117819 -0.00325284
0.00117827 -0.00325346
0.00117835 -0.00325413
0.00117844 -0.00325484
0.00117852 -0.0032556
0.00117861 -0.0032564
0.00117869 -0.00325724
0.00117878 -0.0032581
0.00117886 -0.00325899
0.00117895 -0.00325989
0.00117903 -0.00326079
0.00117912 -0.00326169
0.0011792 -0.00326259
0.00117929 -0.00326348
0.00117937 -0.00326436
0.00117946 -0.00326523
0.00117954 -0.0032661
0.00117962 -0.00326697
0.00117971 -0.00326785
0.00117979 -0.00326875
0.00117988 -0.00326966
0.00117996 -0.0032706
0.00118005 -0.00327157
0.00118013 -0.00327257
0.00118022 -0.00327361
0.0011803 -0.00327467
0.00118039 -0.00327577
0.00118047 -0.0032769
0.00118056 -0.00327806
0.00118064 -0.00327925
0.00118073 -0.00328046
0.00118081 -0.00328169
0.00118089 -0.00328294
0.00118098 -0.00328421
0.00118106 -0.0032855
0.00118115 -0.00328679
0.00118123 -0.0032881
0.00118132 -0.00328942
0.0011814 -0.00329074
0.00118149 -0.00329208
0.00118157 -0.00329341
0.00118166 -0.00329475
0.00118174 -0.00329609
0.00118183 -0.00329743
0.00118191 -0.00329875
0.001182 -0.00330006
0.00118208 -0.00330135
0.00118216 -0.00330262
0.00118225 -0.00330384
0.00118233 -0.00330504
0.00118242 -0.00330619
0.0011825 -0.0033073
0.00118259 -0.00330837
0.00118267 -0.00330941
0.00118276 -0.00331041
0.00118284 -0.0033114
0.00118293 -0.00331237
0.00118301 -0.00331334
0.0011831 -0.00331432
0.00118318 -0.00331532
0.00118327 -0.00331636
0.00118335 -0.00331744
0.00118343 -0.00331857
0.00118352 -0.00331977
0.0011836 -0.00332102
0.00118369 -0.00332235
0.00118377 -0.00332374
0.00118386 -0.00332519
0.00118394 -0.00332671
0.00118403 -0.00332827
0.00118411 -0.00332989
0.0011842 -0.00333154
0.00118428 -0.00333321
0.00118437 -0.00333491
0.00118445 -0.00333663
0.00118454 -0.00333836
0.00118462 -0.0033401
0.0011847 -0.00334184
0.00118479 -0.00334359
0.00118487 -0.00334535
0.00118496 -0.00334711
0.00118504 -0.00334889
0.00118513 -0.00335068
0.00118521 -0.00335249
0.0011853 -0.00335432
0.00118538 -0.00335617
0.00118547 -0.00335806
0.00118555 -0.00335999
0.00118564 -0.00336195
0.00118572 -0.00336396
0.00118581 -0.00336603
0.00118589 -0.00336814
0.00118598 -0.00337031
0.00118606 -0.00337252
0.00118614 -0.00337479
0.00118623 -0.00337711
0.00118631 -0.00337947
0.0011864 -0.00338187
0.00118648 -0.00338431
0.00118657 -0.00338677
0.00118665 -0.00338925
0.00118674 -0.00339176
0.00118682 -0.00339428
0.00118691 -0.0033968
0.00118699 -0.00339933
0.00118708 -0.00340186
0.00118716 -0.00340439
0.00118725 -0.00340691
0.00118733 -0.00340941
0.00118741 -0.0034119
0.0011875 -0.00341438
0.00118758 -0.00341682
0.00118767 -0.00341925
0.00118775 -0.00342164
0.00118784 -0.00342399
0.00118792 -0.00342631
0.00118801 -0.00342858
0.00118809 -0.00343081
0.00118818 -0.00343299
0.00118826 -0.00343511
0.00118835 -0.00343719
0.00118843 -0.00343922
0.00118852 -0.0034412
0.0011886 -0.00344314
0.00118868 -0.00344505
0.00118877 -0.00344693
0.00118885 -0.00344879
0.00118894 -0.00345065
0.00118902 -0.00345249
0.00118911 -0.00345435
0.00118919 -0.0034562
0.00118928 -0.00345807
0.00118936 -0.00345995
0.00118945 -0.00346184
0.00118953 -0.00346373
0.00118962 -0.00346562
0.0011897 -0.00346751
0.00118979 -0.00346937
0.00118987 -0.0034712
0.00118995 -0.003473
0.00119004 -0.00347475
0.00119012 -0.00347645
0.00119021 -0.00347809
0.00119029 -0.00347968
0.00119038 -0.00348122
0.00119046 -0.0034827
0.00119055 -0.00348414
0.00119063 -0.00348556
0.00119072 -0.00348695
0.0011908 -0.00348833
0.00119089 -0.00348973
0.00119097 -0.00349114
0.00119106 -0.00349258
0.00119114 -0.00349406
0.00119122 -0.00349559
0.00119131 -0.00349718
0.00119139 -0.00349882
0.00119148 -0.00350052
0.00119156 -0.00350229
0.00119165 -0.00350411
0.00119173 -0.00350598
0.00119182 -0.00350791
0.0011919 -0.00350989
0.00119199 -0.0035119
0.00119207 -0.00351395
0.00119216 -0.00351603
0.00119224 -0.00351813
0.00119233 -0.00352025
0.00119241 -0.00352238
0.00119249 -0.00352454
0.00119258 -0.0035267
0.00119266 -0.00352889
0.00119275 -0.00353108
0.00119283 -0.0035333
0.00119292 -0.00353553
0.001193 -0.00353778
0.00119309 -0.00354005
0.00119317 -0.00354233
0.00119326 -0.00354463
0.00119334 -0.00354694
0.00119343 -0.00354926
0.00119351 -0.00355159
0.0011936 -0.00355393
0.00119368 -0.00355627
0.00119376 -0.00355862
0.00119385 -0.00356096
0.00119393 -0.00356331
0.00119402 -0.00356567
0.0011941 -0.00356802
0.00119419 -0.00357038
0.00119427 -0.00357274
0.00119436 -0.0035751
0.00119444 -0.00357746
0.00119453 -0.00357982
0.00119461 -0.00358216
0.0011947 -0.00358449
0.00119478 -0.00358679
0.00119487 -0.00358906
0.00119495 -0.00359128
0.00119503 -0.00359345
0.00119512 -0.00359554
0.0011952 -0.00359756
0.00119529 -0.0035995
0.00119537 -0.00360133
0.00119546 -0.00360307
0.00119554 -0.0036047
0.00119563 -0.00360623
0.00119571 -0.00360766
0.0011958 -0.00360898
0.00119588 -0.00361022
0.00119597 -0.00361137
0.00119605 -0.00361244
0.00119614 -0.00361345
0.00119622 -0.00361441
0.0011963 -0.00361533
0.00119639 -0.00361622
0.00119647 -0.00361709
0.00119656 -0.00361795
0.00119664 -0.0036188
0.00119673 -0.00361966
0.00119681 -0.00362052
0.0011969 -0.00362138
0.00119698 -0.00362226
0.00119707 -0.00362313
0.00119715 -0.00362401
0.00119724 -0.00362488
0.00119732 -0.00362574
0.00119741 -0.00362659
0.00119749 -0.00362742
0.00119757 -0.00362823
0.00119766 -0.00362902
0.00119774 -0.00362979
0.00119783 -0.00363054
0.00119791 -0.00363127
0.001198 -0.00363197
0.00119808 -0.00363265
0.00119817 -0.0036333
0.00119825 -0.00363394
0.00119834 -0.00363455
0.00119842 -0.00363515
0.00119851 -0.00363574
0.00119859 -0.00363632
0.00119868 -0.00363689
0.00119876 -0.00363746
0.00119885 -0.00363804
0.00119893 -0.00363864
0.00119901 -0.00363925
0.0011991 -0.00363988
0.00119918 -0.00364055
0.00119927 -0.00364125
0.00119935 -0.00364198
0.00119944 -0.00364276
0.00119952 -0.00364357
0.00119961 -0.00364441
0.00119969 -0.00364529
0.00119978 -0.0036462
0.00119986 -0.00364714
0.00119995 -0.00364811
0.00120003 -0.0036491
0.00120012 -0.00365012
0.0012002 -0.00365116
0.00120028 -0.00365223
0.00120037 -0.00365334
0.00120045 -0.00365449
0.00120054 -0.00365569
0.00120062 -0.00365694
0.00120071 -0.00365826
0.00120079 -0.00365965
0.00120088 -0.00366112
0.00120096 -0.00366268
0.00120105 -0.00366432
0.00120113 -0.00366605
0.00120122 -0.00366786
0.0012013 -0.00366976
0.00120139 -0.00367174
0.00120147 -0.00367378
0.00120155 -0.00367589
0.00120164 -0.00367805
0.00120172 -0.00368025
0.00120181 -0.00368247
0.00120189 -0.00368471
0.00120198 -0.00368695
0.00120206 -0.00368919
0.00120215 -0.00369141
0.00120223 -0.00369362
0.00120232 -0.00369581
0.0012024 -0.00369798
0.00120249 -0.00370014
0.00120257 -0.0037023
0.00120266 -0.00370447
0.00120274 -0.00370664
0.00120282 -0.00370884
0.00120291 -0.00371107
0.00120299 -0.00371333
0.00120308 -0.00371562
0.00120316 -0.00371796
0.00120325 -0.00372034
0.00120333 -0.00372275
0.00120342 -0.0037252
0.0012035 -0.00372768
0.00120359 -0.00373017
0.00120367 -0.00373268
0.00120376 -0.0037352
0.00120384 -0.00373772
0.00120393 -0.00374023
0.00120401 -0.00374272
0.00120409 -0.0037452
0.00120418 -0.00374764
0.00120426 -0.00375006
0.00120435 -0.00375246
0.00120443 -0.00375482
0.00120452 -0.00375716
0.0012046 -0.00375947
0.00120469 -0.00376177
0.00120477 -0.00376405
0.00120486 -0.00376633
0.00120494 -0.0037686
0.00120503 -0.00377088
0.00120511 -0.00377317
0.0012052 -0.00377547
0.00120528 -0.00377779
0.00120536 -0.00378013
0.00120545 -0.0037825
0.00120553 -0.00378489
0.00120562 -0.00378731
0.0012057 -0.00378977
0.00120579 -0.00379226
0.00120587 -0.00379478
0.00120596 -0.00379733
0.00120604 -0.00379992
0.00120613 -0.00380253
0.00120621 -0.00380516
0.0012063 -0.0038078
0.00120638 -0.00381044
0.00120647 -0.00381308
0.00120655 -0.00381569
0.00120663 -0.00381826
0.00120672 -0.00382078
0.0012068 -0.00382324
0.00120689 -0.00382561
0.00120697 -0.0038279
0.00120706 -0.00383008
0.00120714 -0.00383216
0.00120723 -0.00383412
0.00120731 -0.00383599
0.0012074 -0.00383776
0.00120748 -0.00383944
0.00120757 -0.00384105
0.00120765 -0.00384261
0.00120774 -0.00384413
0.00120782 -0.00384564
0.0012079 -0.00384716
0.00120799 -0.0038487
0.00120807 -0.00385028
0.00120816 -0.0038519
0.00120824 -0.00385358
0.00120833 -0.00385531
0.00120841 -0.0038571
0.0012085 -0.00385894
0.00120858 -0.00386082
0.00120867 -0.00386273
0.00120875 -0.00386466
0.00120884 -0.00386658
0.00120892 -0.0038685
0.00120901 -0.00387039
0.00120909 -0.00387225
0.00120917 -0.00387406
0.00120926 -0.00387583
0.00120934 -0.00387756
0.00120943 -0.00387925
0.00120951 -0.0038809
0.0012096 -0.00388252
0.00120968 -0.00388412
0.00120977 -0.00388572
0.00120985 -0.00388732
0.00120994 -0.00388893
0.00121002 -0.00389057
0.00121011 -0.00389224
0.00121019 -0.00389394
0.00121028 -0.00389568
0.00121036 -0.00389747
0.00121044 -0.00389929
0.00121053 -0.00390115
0.00121061 -0.00390304
0.0012107 -0.00390497
0.00121078 -0.00390691
0.00121087 -0.00390888
0.00121095 -0.00391086
0.00121104 -0.00391284
0.00121112 -0.00391483
0.00121121 -0.00391682
0.00121129 -0.00391881
0.00121138 -0.00392079
0.00121146 -0.00392276
0.00121155 -0.00392472
0.00121163 -0.00392668
0.00121171 -0.00392862
0.0012118 -0.00393055
0.00121188 -0.00393247
0.00121197 -0.00393438
0.00121205 -0.00393627
0.00121214 -0.00393816
0.00121222 -0.00394003
0.00121231 -0.00394189
0.00121239 -0.00394376
0.00121248 -0.00394562
0.00121256 -0.00394749
0.00121265 -0.00394938
0.00121273 -0.00395129
0.00121282 -0.00395322
0.0012129 -0.00395519
0.00121299 -0.0039572
0.00121307 -0.00395926
0.00121315 -0.00396138
0.00121324 -0.00396355
0.00121332 -0.00396579
0.00121341 -0.00396809
0.00121349 -0.00397046
0.00121358 -0.0039729
0.00121366 -0.00397541
0.00121375 -0.00397798
0.00121383 -0.0039806
0.00121392 -0.00398328
0.001214 -0.00398601
0.00121409 -0.00398877
0.00121417 -0.00399155
0.00121426 -0.00399435
0.00121434 -0.00399716
0.00121442 -0.00399997
0.00121451 -0.00400278
0.00121459 -0.00400558
0.00121468 -0.00400837
0.00121476 -0.00401114
0.00121485 -0.00401392
0.00121493 -0.00401668
0.00121502 -0.00401945
0.0012151 -0.00402223
0.00121519 -0.00402502
0.00121527 -0.00402784
0.00121536 -0.00403069
0.00121544 -0.00403358
0.00121553 -0.00403651
0.00121561 -0.00403949
0.00121569 -0.00404251
0.00121578 -0.00404557
0.00121586 -0.00404868
0.00121595 -0.00405182
0.00121603 -0.00405499
0.00121612 -0.00405817
0.0012162 -0.00406136
0.00121629 -0.00406454
0.00121637 -0.0040677
0.00121646 -0.00407083
0.00121654 -0.00407392
0.00121663 -0.00407696
0.00121671 -0.00407997
0.0012168 -0.00408292
0.00121688 -0.00408584
0.00121696 -0.00408872
0.00121705 -0.00409158
0.00121713 -0.00409443
0.00121722 -0.00409728
0.0012173 -0.00410014
0.00121739 -0.00410302
0.00121747 -0.00410594
0.00121756 -0.0041089
0.00121764 -0.00411191
0.00121773 -0.00411497
0.00121781 -0.00411808
0.0012179 -0.00412123
0.00121798 -0.00412443
0.00121807 -0.00412767
0.00121815 -0.00413094
0.00121823 -0.00413422
0.00121832 -0.00413752
0.0012184 -0.00414082
0.00121849 -0.00414411
0.00121857 -0.0041474
0.00121866 -0.00415066
0.00121874 -0.0041539
0.00121883 -0.00415711
0.00121891 -0.00416029
0.001219 -0.00416344
0.00121908 -0.00416655
0.00121917 -0.00416963
0.00121925 -0.00417267
0.00121934 -0.00417567
0.00121942 -0.00417864
0.0012195 -0.00418158
0.00121959 -0.00418448
0.00121967 -0.00418735
0.00121976 -0.00419018
0.00121984 -0.00419299
0.00121993 -0.00419577
0.00122001 -0.00419853
0.0012201 -0.00420127
0.00122018 -0.00420399
0.00122027 -0.00420669
0.00122035 -0.00420938
0.00122044 -0.00421206
0.00122052 -0.00421473
0.00122061 -0.00421738
0.00122069 -0.00422003
0.00122077 -0.00422265
0.00122086 -0.00422526
0.00122094 -0.00422785
0.00122103 -0.00423041
0.00122111 -0.00423293
0.0012212 -0.00423542
0.00122128 -0.00423787
0.00122137 -0.00424027
0.00122145 -0.00424263
0.00122154 -0.00424494
0.00122162 -0.00424721
0.00122171 -0.00424943
0.00122179 -0.00425161
0.00122188 -0.00425377
0.00122196 -0.0042559
0.00122204 -0.00425802
0.00122213 -0.00426015
0.00122221 -0.0042623
0.0012223 -0.00426447
0.00122238 -0.00426669
0.00122247 -0.00426896
0.00122255 -0.0042713
0.00122264 -0.00427371
0.00122272 -0.00427621
0.00122281 -0.00427879
0.00122289 -0.00428144
0.00122298 -0.00428418
0.00122306 -0.00428698
0.00122315 -0.00428984
0.00122323 -0.00429274
0.00122331 -0.00429567
0.0012234 -0.00429861
0.00122348 -0.00430156
0.00122357 -0.00430448
0.00122365 -0.00430737
0.00122374 -0.00431021
0.00122382 -0.00431299
0.00122391 -0.00431571
0.00122399 -0.00431835
0.00122408 -0.00432092
0.00122416 -0.00432341
0.00122425 -0.00432584
0.00122433 -0.00432821
0.00122442 -0.00433053
0.0012245 -0.00433281
0.00122458 -0.00433507
0.00122467 -0.00433732
0.00122475 -0.00433957
0.00122484 -0.00434184
0.00122492 -0.00434414
0.00122501 -0.00434647
0.00122509 -0.00434885
0.00122518 -0.00435127
0.00122526 -0.00435373
0.00122535 -0.00435624
0.00122543 -0.00435879
0.00122552 -0.00436138
0.0012256 -0.00436399
0.00122569 -0.00436662
0.00122577 -0.00436926
0.00122585 -0.00437191
0.00122594 -0.00437455
0.00122602 -0.00437718
0.00122611 -0.00437978
0.00122619 -0.00438237
0.00122628 -0.00438492
0.00122636 -0.00438744
0.00122645 -0.00438993
0.00122653 -0.00439238
0.00122662 -0.0043948
0.0012267 -0.00439719
0.00122679 -0.00439955
0.00122687 -0.00440189
0.00122696 -0.00440421
0.00122704 -0.00440651
0.00122713 -0.0044088
0.00122721 -0.00441109
0.00122729 -0.00441338
0.00122738 -0.00441567
0.00122746 -0.00441796
0.00122755 -0.00442026
0.00122763 -0.00442256
0.00122772 -0.00442488
0.0012278 -0.0044272
0.00122789 -0.00442952
0.00122797 -0.00443185
0.00122806 -0.00443419
0.00122814 -0.00443652
0.00122823 -0.00443886
0.00122831 -0.0044412
0.0012284 -0.00444355
0.00122848 -0.00444589
0.00122856 -0.00444824
0.00122865 -0.00445059
0.00122873 -0.00445294
0.00122882 -0.00445528
0.0012289 -0.00445763
0.00122899 -0.00445998
0.00122907 -0.00446233
0.00122916 -0.00446466
0.00122924 -0.004467
0.00122933 -0.00446932
0.00122941 -0.00447163
0.0012295 -0.00447393
0.00122958 -0.00447621
0.00122967 -0.00447848
0.00122975 -0.00448074
0.00122983 -0.00448297
0.00122992 -0.0044852
0.00123 -0.00448741
0.00123009 -0.00448962
0.00123017 -0.00449183
0.00123026 -0.00449406
0.00123034 -0.0044963
0.00123043 -0.00449857
0.00123051 -0.00450087
0.0012306 -0.0045032
0.00123068 -0.00450558
0.00123077 -0.00450801
0.00123085 -0.00451047
0.00123094 -0.00451298
0.00123102 -0.00451551
0.0012311 -0.00451808
0.00123119 -0.00452066
0.00123127 -0.00452326
0.00123136 -0.00452586
0.00123144 -0.00452846
0.00123153 -0.00453105
0.00123161 -0.00453363
0.0012317 -0.00453619
0.00123178 -0.00453874
0.00123187 -0.00454127
0.00123195 -0.00454378
0.00123204 -0.00454628
0.00123212 -0.00454877
0.00123221 -0.00455125
0.00123229 -0.00455373
0.00123237 -0.00455622
0.00123246 -0.00455871
0.00123254 -0.00456122
0.00123263 -0.00456374
0.00123271 -0.00456627
0.0012328 -0.00456881
0.00123288 -0.00457136
0.00123297 -0.0045739
0.00123305 -0.00457643
0.00123314 -0.00457894
0.00123322 -0.00458142
0.00123331 -0.00458387
0.00123339 -0.00458628
0.00123348 -0.00458865
0.00123356 -0.00459096
0.00123364 -0.00459323
0.00123373 -0.00459546
0.00123381 -0.00459764
0.0012339 -0.00459977
0.00123398 -0.00460187
0.00123407 -0.00460393
0.00123415 -0.00460597
0.00123424 -0.00460798
0.00123432 -0.00460997
0.00123441 -0.00461194
0.00123449 -0.0046139
0.00123458 -0.00461585
0.00123466 -0.00461779
0.00123475 -0.00461973
0.00123483 -0.00462167
0.00123491 -0.00462359
0.001235 -0.00462552
0.00123508 -0.00462743
0.00123517 -0.00462934
0.00123525 -0.00463125
0.00123534 -0.00463315
0.00123542 -0.00463505
0.00123551 -0.00463696
0.00123559 -0.00463887
0.00123568 -0.00464078
0.00123576 -0.00464272
0.00123585 -0.00464467
0.00123593 -0.00464664
0.00123602 -0.00464864
0.0012361 -0.00465066
0.00123618 -0.00465272
0.00123627 -0.0046548
0.00123635 -0.00465691
0.00123644 -0.00465905
0.00123652 -0.0046612
0.00123661 -0.00466337
0.00123669 -0.00466554
0.00123678 -0.00466772
0.00123686 -0.00466988
0.00123695 -0.00467203
0.00123703 -0.00467415
0.00123712 -0.00467625
0.0012372 -0.00467831
0.00123729 -0.00468035
0.00123737 -0.00468235
0.00123745 -0.00468433
0.00123754 -0.0046863
0.00123762 -0.00468826
0.00123771 -0.00469022
0.00123779 -0.00469219
0.00123788 -0.00469419
0.00123796 -0.00469621
0.00123805 -0.00469827
0.00123813 -0.00470037
0.00123822 -0.00470252
0.0012383 -0.0047047
0.00123839 -0.00470691
0.00123847 -0.00470916
0.00123856 -0.00471143
0.00123864 -0.00471371
0.00123872 -0.00471599
0.00123881 -0.00471828
0.00123889 -0.00472055
0.00123898 -0.00472281
0.00123906 -0.00472505
0.00123915 -0.00472727
0.00123923 -0.00472948
0.00123932 -0.00473167
0.0012394 -0.00473386
0.00123949 -0.00473605
0.00123957 -0.00473825
0.00123966 -0.00474046
0.00123974 -0.0047427
0.00123983 -0.00474498
0.00123991 -0.00474728
0.00124 -0.00474963
0.00124008 -0.004752
0.00124016 -0.00475441
0.00124025 -0.00475683
0.00124033 -0.00475928
0.00124042 -0.00476172
0.0012405 -0.00476416
0.00124059 -0.00476659
0.00124067 -0.004769
0.00124076 -0.00477138
0.00124084 -0.00477373
0.00124093 -0.00477605
0.00124101 -0.00477833
0.0012411 -0.00478059
0.00124118 -0.00478283
0.00124127 -0.00478504
0.00124135 -0.00478724
0.00124143 -0.00478945
0.00124152 -0.00479165
0.0012416 -0.00479387
0.00124169 -0.00479612
0.00124177 -0.00479839
0.00124186 -0.00480071
0.00124194 -0.00480307
0.00124203 -0.00480548
0.00124211 -0.00480794
0.0012422 -0.00481046
0.00124228 -0.00481303
0.00124237 -0.00481565
0.00124245 -0.00481833
0.00124254 -0.00482105
0.00124262 -0.00482381
0.0012427 -0.0048266
0.00124279 -0.00482942
0.00124287 -0.00483227
0.00124296 -0.00483514
0.00124304 -0.00483802
0.00124313 -0.00484091
0.00124321 -0.00484381
0.0012433 -0.00484671
0.00124338 -0.00484962
0.00124347 -0.00485253
0.00124355 -0.00485543
0.00124364 -0.00485833
0.00124372 -0.00486123
0.00124381 -0.00486414
0.00124389 -0.00486704
0.00124397 -0.00486994
0.00124406 -0.00487285
0.00124414 -0.00487577
0.00124423 -0.00487871
0.00124431 -0.00488167
0.0012444 -0.00488464
0.00124448 -0.00488765
0.00124457 -0.00489067
0.00124465 -0.00489372
0.00124474 -0.0048968
0.00124482 -0.0048999
0.00124491 -0.00490302
0.00124499 -0.00490616
0.00124508 -0.00490932
0.00124516 -0.00491249
0.00124524 -0.00491568
0.00124533 -0.00491887
0.00124541 -0.00492208
0.0012455 -0.0049253
0.00124558 -0.00492852
0.00124567 -0.00493175
0.00124575 -0.00493498
0.00124584 -0.00493819
0.00124592 -0.0049414
0.00124601 -0.00494459
0.00124609 -0.00494776
0.00124618 -0.0049509
0.00124626 -0.00495401
0.00124635 -0.00495708
0.00124643 -0.00496011
0.00124651 -0.0049631
0.0012466 -0.00496604
0.00124668 -0.00496895
0.00124677 -0.00497182
0.00124685 -0.00497466
0.00124694 -0.00497746
0.00124702 -0.00498025
0.00124711 -0.00498301
0.00124719 -0.00498575
0.00124728 -0.00498848
0.00124736 -0.0049912
0.00124745 -0.00499389
0.00124753 -0.00499657
0.00124762 -0.00499922
0.0012477 -0.00500185
0.00124778 -0.00500443
0.00124787 -0.00500698
0.00124795 -0.00500949
0.00124804 -0.00501195
0.00124812 -0.00501436
0.00124821 -0.00501673
0.00124829 -0.00501906
0.00124838 -0.00502136
0.00124846 -0.00502363
0.00124855 -0.00502588
0.00124863 -0.00502813
0.00124872 -0.00503039
0.0012488 -0.00503266
0.00124889 -0.00503495
0.00124897 -0.00503728
0.00124905 -0.00503964
0.00124914 -0.00504205
0.00124922 -0.00504451
0.00124931 -0.005047
0.00124939 -0.00504954
0.00124948 -0.00505211
0.00124956 -0.0050547
0.00124965 -0.0050573
0.00124973 -0.00505989
0.00124982 -0.00506247
0.0012499 -0.00506501
0.00124999 -0.00506751
0.00125007 -0.00506995
0.00125016 -0.00507234
0.00125024 -0.00507466
0.00125032 -0.00507692
0.00125041 -0.00507912
0.00125049 -0.00508128
0.00125058 -0.0050834
0.00125066 -0.0050855
0.00125075 -0.00508759
0.00125083 -0.00508967
0.00125092 -0.00509177
0.001251 -0.00509388
0.00125109 -0.00509601
0.00125117 -0.00509817
0.00125126 -0.00510035
0.00125134 -0.00510255
0.00125143 -0.00510478
0.00125151 -0.00510701
0.00125159 -0.00510925
0.00125168 -0.00511149
0.00125176 -0.00511372
0.00125185 -0.00511595
0.00125193 -0.00511816
0.00125202 -0.00512035
0.0012521 -0.00512253
0.00125219 -0.0051247
0.00125227 -0.00512685
0.00125236 -0.005129
0.00125244 -0.00513115
0.00125253 -0.0051333
0.00125261 -0.00513548
0.0012527 -0.00513767
0.00125278 -0.00513989
0.00125286 -0.00514214
0.00125295 -0.00514443
0.00125303 -0.00514676
0.00125312 -0.00514913
0.0012532 -0.00515154
0.00125329 -0.00515398
0.00125337 -0.00515646
0.00125346 -0.00515897
0.00125354 -0.0051615
0.00125363 -0.00516406
0.00125371 -0.00516664
0.0012538 -0.00516923
0.00125388 -0.00517184
0.00125397 -0.00517447
0.00125405 -0.00517711
0.00125414 -0.00517976
0.00125422 -0.00518243
0.0012543 -0.00518511
0.00125439 -0.0051878
0.00125447 -0.0051905
0.00125456 -0.00519319
0.00125464 -0.00519589
0.00125473 -0.00519858
0.00125481 -0.00520125
0.0012549 -0.0052039
0.00125498 -0.00520653
0.00125507 -0.00520913
0.00125515 -0.00521171
0.00125524 -0.00521427
0.00125532 -0.0052168
0.00125541 -0.00521932
0.00125549 -0.00522183
0.00125557 -0.00522435
0.00125566 -0.00522687
0.00125574 -0.00522942
0.00125583 -0.005232
0.00125591 -0.00523461
0.001256 -0.00523726
0.00125608 -0.00523997
0.00125617 -0.00524272
0.00125625 -0.00524552
0.00125634 -0.00524836
0.00125642 -0.00525125
0.00125651 -0.00525417
0.00125659 -0.00525712
0.00125668 -0.00526008
0.00125676 -0.00526304
0.00125684 -0.005266
0.00125693 -0.00526894
0.00125701 -0.00527185
0.0012571 -0.00527473
0.00125718 -0.00527757
0.00125727 -0.00528037
0.00125735 -0.00528313
0.00125744 -0.00528585
0.00125752 -0.00528854
0.00125761 -0.00529121
0.00125769 -0.00529386
0.00125778 -0.00529651
0.00125786 -0.00529916
0.00125795 -0.00530182
0.00125803 -0.0053045
0.00125811 -0.0053072
0.0012582 -0.00530993
0.00125828 -0.00531268
0.00125837 -0.00531546
0.00125845 -0.00531827
0.00125854 -0.00532111
0.00125862 -0.00532397
0.00125871 -0.00532686
0.00125879 -0.00532977
0.00125888 -0.0053327
0.00125896 -0.00533566
0.00125905 -0.00533864
0.00125913 -0.00534165
0.00125922 -0.00534469
0.0012593 -0.00534774
0.00125938 -0.00535082
0.00125947 -0.00535392
0.00125955 -0.00535704
0.00125964 -0.00536018
0.00125972 -0.00536334
0.00125981 -0.00536652
0.00125989 -0.00536971
0.00125998 -0.00537292
0.00126006 -0.00537615
0.00126015 -0.0053794
0.00126023 -0.00538267
0.00126032 -0.00538595
0.0012604 -0.00538926
0.00126049 -0.00539259
0.00126057 -0.00539594
0.00126065 -0.0053993
0.00126074 -0.00540268
0.00126082 -0.00540607
0.00126091 -0.00540948
0.00126099 -0.0054129
0.00126108 -0.00541632
0.00126116 -0.00541975
0.00126125 -0.00542318
0.00126133 -0.00542661
0.00126142 -0.00543003
0.0012615 -0.00543344
0.00126159 -0.00543683
0.00126167 -0.00544021
0.00126176 -0.00544356
0.00126184 -0.00544688
0.00126192 -0.00545017
0.00126201 -0.00545342
0.00126209 -0.00545665
0.00126218 -0.00545984
0.00126226 -0.005463
0.00126235 -0.00546613
0.00126243 -0.00546924
0.00126252 -0.00547232
0.0012626 -0.00547538
0.00126269 -0.00547842
0.00126277 -0.00548144
0.00126286 -0.00548444
0.00126294 -0.00548743
0.00126303 -0.00549038
0.00126311 -0.00549331
0.00126319 -0.0054962
0.00126328 -0.00549906
0.00126336 -0.00550187
0.00126345 -0.00550463
0.00126353 -0.00550734
0.00126362 -0.00551001
0.0012637 -0.00551262
0.00126379 -0.00551517
0.00126387 -0.00551768
0.00126396 -0.00552015
0.00126404 -0.00552257
0.00126413 -0.00552495
0.00126421 -0.00552729
0.0012643 -0.0055296
0.00126438 -0.00553188
0.00126446 -0.00553412
0.00126455 -0.00553634
0.00126463 -0.00553854
0.00126472 -0.00554073
0.0012648 -0.0055429
0.00126489 -0.00554507
0.00126497 -0.00554724
0.00126506 -0.00554941
0.00126514 -0.0055516
0.00126523 -0.00555381
0.00126531 -0.00555603
0.0012654 -0.00555827
0.00126548 -0.00556052
0.00126557 -0.00556279
0.00126565 -0.00556507
0.00126573 -0.00556735
0.00126582 -0.00556963
0.0012659 -0.0055719
0.00126599 -0.00557416
0.00126607 -0.0055764
0.00126616 -0.00557863
0.00126624 -0.00558083
0.00126633 -0.00558302
0.00126641 -0.00558518
0.0012665 -0.00558732
0.00126658 -0.00558944
0.00126667 -0.00559153
0.00126675 -0.00559362
0.00126684 -0.00559569
0.00126692 -0.00559775
0.001267 -0.00559981
0.00126709 -0.00560188
0.00126717 -0.00560396
0.00126726 -0.00560607
0.00126734 -0.0056082
0.00126743 -0.00561037
0.00126751 -0.00561259
0.0012676 -0.00561484
0.00126768 -0.00561714
0.00126777 -0.00561947
0.00126785 -0.00562185
0.00126794 -0.00562424
0.00126802 -0.00562666
0.00126811 -0.0056291
0.00126819 -0.00563153
0.00126828 -0.00563397
0.00126836 -0.00563641
0.00126844 -0.00563883
0.00126853 -0.00564123
0.00126861 -0.00564362
0.0012687 -0.00564598
0.00126878 -0.00564831
0.00126887 -0.00565062
0.00126895 -0.00565289
0.00126904 -0.00565512
0.00126912 -0.00565732
0.00126921 -0.00565948
0.00126929 -0.0056616
0.00126938 -0.00566368
0.00126946 -0.00566572
0.00126955 -0.00566774
0.00126963 -0.00566971
0.00126971 -0.00567165
0.0012698 -0.00567357
0.00126988 -0.00567545
0.00126997 -0.0056773
0.00127005 -0.00567912
0.00127014 -0.00568092
0.00127022 -0.00568267
0.00127031 -0.0056844
0.00127039 -0.00568608
0.00127048 -0.00568773
0.00127056 -0.00568932
0.00127065 -0.00569087
0.00127073 -0.00569235
0.00127082 -0.00569376
0.0012709 -0.00569511
0.00127098 -0.00569636
0.00127107 -0.00569753
0.00127115 -0.00569859
0.00127124 -0.00569955
0.00127132 -0.0057004
0.00127141 -0.00570114
0.00127149 -0.00570176
0.00127158 -0.00570226
0.00127166 -0.00570265
0.00127175 -0.00570293
0.00127183 -0.0057031
0.00127192 -0.00570317
0.001272 -0.00570315
0.00127209 -0.00570306
0.00127217 -0.00570289
0.00127225 -0.00570267
0.00127234 -0.0057024
0.00127242 -0.00570209
0.00127251 -0.00570175
0.00127259 -0.00570139
0.00127268 -0.00570101
0.00127276 -0.0057006
0.00127285 -0.00570017
0.00127293 -0.00569972
0.00127302 -0.00569924
0.0012731 -0.00569873
0.00127319 -0.00569818
0.00127327 -0.0056976
0.00127336 -0.00569697
0.00127344 -0.00569632
0.00127352 -0.00569563
0.00127361 -0.00569491
0.00127369 -0.00569417
0.00127378 -0.00569341
0.00127386 -0.00569264
0.00127395 -0.00569187
0.00127403 -0.0056911
0.00127412 -0.00569034
0.0012742 -0.00568961
0.00127429 -0.00568889
0.00127437 -0.0056882
0.00127446 -0.00568753
0.00127454 -0.0056869
0.00127463 -0.00568631
0.00127471 -0.00568574
0.00127479 -0.00568521
0.00127488 -0.0056847
0.00127496 -0.00568423
0.00127505 -0.00568377
0.00127513 -0.00568335
0.00127522 -0.00568294
0.0012753 -0.00568256
0.00127539 -0.00568221
0.00127547 -0.0056819
0.00127556 -0.00568161
0.00127564 -0.00568137
0.00127573 -0.00568117
0.00127581 -0.00568101
0.0012759 -0.00568089
0.00127598 -0.00568083
0.00127606 -0.0056808
0.00127615 -0.00568081
0.00127623 -0.00568086
0.00127632 -0.00568094
0.0012764 -0.00568103
0.00127649 -0.00568115
0.00127657 -0.00568128
0.00127666 -0.00568142
0.00127674 -0.00568156
0.00127683 -0.00568171
0.00127691 -0.00568184
0.001277 -0.00568198
0.00127708 -0.00568211
0.00127717 -0.00568223
0.00127725 -0.00568235
0.00127733 -0.00568246
0.00127742 -0.00568256
0.0012775 -0.00568266
0.00127759 -0.00568276
0.00127767 -0.00568285
0.00127776 -0.00568296
0.00127784 -0.00568307
0.00127793 -0.00568318
0.00127801 -0.00568332
0.0012781 -0.00568346
0.00127818 -0.00568363
0.00127827 -0.00568382
0.00127835 -0.00568404
0.00127844 -0.00568429
0.00127852 -0.00568456
0.0012786 -0.00568486
0.00127869 -0.00568519
0.00127877 -0.00568555
0.00127886 -0.00568592
0.00127894 -0.00568632
0.00127903 -0.00568674
0.00127911 -0.00568718
0.0012792 -0.00568764
0.00127928 -0.00568811
0.00127937 -0.00568859
0.00127945 -0.0056891
0.00127954 -0.00568961
0.00127962 -0.00569014
0.00127971 -0.00569068
0.00127979 -0.00569123
0.00127987 -0.00569177
0.00127996 -0.00569232
0.00128004 -0.00569286
0.00128013 -0.00569338
0.00128021 -0.00569388
0.0012803 -0.00569436
0.00128038 -0.00569481
0.00128047 -0.00569522
0.00128055 -0.0056956
0.00128064 -0.00569595
0.00128072 -0.00569626
0.00128081 -0.00569654
0.00128089 -0.0056968
0.00128098 -0.00569702
0.00128106 -0.00569724
0.00128115 -0.00569744
0.00128123 -0.00569764
0.00128131 -0.00569784
0.0012814 -0.00569806
0.00128148 -0.00569831
0.00128157 -0.00569858
0.00128165 -0.00569888
0.00128174 -0.00569921
0.00128182 -0.00569957
0.00128191 -0.00569995
0.00128199 -0.00570033
0.00128208 -0.00570072
0.00128216 -0.00570109
0.00128225 -0.00570144
0.00128233 -0.00570174
0.00128242 -0.00570198
0.0012825 -0.00570215
0.00128258 -0.00570225
0.00128267 -0.00570227
0.00128275 -0.0057022
0.00128284 -0.00570205
0.00128292 -0.00570182
0.00128301 -0.00570152
0.00128309 -0.00570117
0.00128318 -0.00570078
0.00128326 -0.00570036
0.00128335 -0.00569993
0.00128343 -0.0056995
0.00128352 -0.00569908
0.0012836 -0.00569868
0.00128369 -0.00569832
0.00128377 -0.00569798
0.00128385 -0.00569767
0.00128394 -0.00569739
0.00128402 -0.00569713
0.00128411 -0.00569689
0.00128419 -0.00569666
0.00128428 -0.00569643
0.00128436 -0.0056962
0.00128445 -0.00569597
0.00128453 -0.00569572
0.00128462 -0.00569547
0.0012847 -0.00569521
0.00128479 -0.00569494
0.00128487 -0.00569466
0.00128496 -0.00569438
0.00128504 -0.00569409
0.00128512 -0.00569381
0.00128521 -0.00569352
0.00128529 -0.00569325
0.00128538 -0.00569298
0.00128546 -0.00569272
0.00128555 -0.00569247
0.00128563 -0.00569223
0.00128572 -0.00569199
0.0012858 -0.00569175
0.00128589 -0.0056915
0.00128597 -0.00569123
0.00128606 -0.00569095
0.00128614 -0.00569063
0.00128623 -0.00569028
0.00128631 -0.00568989
0.00128639 -0.00568946
0.00128648 -0.00568899
0.00128656 -0.00568848
0.00128665 -0.00568793
0.00128673 -0.00568734
0.00128682 -0.00568672
0.0012869 -0.00568608
0.00128699 -0.0056854
0.00128707 -0.0056847
0.00128716 -0.00568398
0.00128724 -0.00568324
0.00128733 -0.00568249
0.00128741 -0.00568173
0.0012875 -0.00568096
0.00128758 -0.00568019
0.00128766 -0.00567943
0.00128775 -0.00567867
0.00128783 -0.00567792
0.00128792 -0.0056772
0.001288 -0.00567649
0.00128809 -0.00567581
0.00128817 -0.00567516
0.00128826 -0.00567454
0.00128834 -0.00567395
0.00128843 -0.0056734
0.00128851 -0.00567289
0.0012886 -0.00567242
0.00128868 -0.005672
0.00128877 -0.00567161
0.00128885 -0.00567126
0.00128893 -0.00567094
0.00128902 -0.00567065
0.0012891 -0.00567038
0.00128919 -0.00567013
0.00128927 -0.00566988
0.00128936 -0.00566965
0.00128944 -0.00566941
0.00128953 -0.00566916
0.00128961 -0.00566892
0.0012897 -0.00566867
0.00128978 -0.00566843
0.00128987 -0.0056682
0.00128995 -0.00566798
0.00129004 -0.00566778
0.00129012 -0.0056676
0.0012902 -0.00566746
0.00129029 -0.00566735
0.00129037 -0.00566727
0.00129046 -0.00566724
0.00129054 -0.00566725
0.00129063 -0.00566729
0.00129071 -0.00566737
0.0012908 -0.00566747
0.00129088 -0.00566761
0.00129097 -0.00566776
0.00129105 -0.00566792
0.00129114 -0.00566809
0.00129122 -0.00566825
0.00129131 -0.00566839
0.00129139 -0.00566852
0.00129147 -0.00566862
0.00129156 -0.00566868
0.00129164 -0.00566871
0.00129173 -0.0056687
0.00129181 -0.00566865
0.0012919 -0.00566858
0.00129198 -0.00566848
0.00129207 -0.00566838
0.00129215 -0.00566827
0.00129224 -0.00566817
0.00129232 -0.0056681
0.00129241 -0.00566806
0.00129249 -0.00566807
0.00129258 -0.00566813
0.00129266 -0.00566824
0.00129274 -0.00566841
0.00129283 -0.00566863
0.00129291 -0.0056689
0.001293 -0.00566921
0.00129308 -0.00566956
0.00129317 -0.00566994
0.00129325 -0.00567032
0.00129334 -0.00567071
0.00129342 -0.00567108
0.00129351 -0.00567144
0.00129359 -0.00567176
0.00129368 -0.00567204
0.00129376 -0.00567227
0.00129385 -0.00567245
0.00129393 -0.00567258
0.00129401 -0.00567265
0.0012941 -0.00567266
0.00129418 -0.00567261
0.00129427 -0.00567251
0.00129435 -0.00567235
0.00129444 -0.00567215
0.00129452 -0.0056719
0.00129461 -0.00567161
0.00129469 -0.00567129
0.00129478 -0.00567094
0.00129486 -0.00567056
0.00129495 -0.00567017
0.00129503 -0.00566978
0.00129512 -0.00566938
0.0012952 -0.00566898
0.00129529 -0.00566859
0.00129537 -0.00566822
0.00129545 -0.00566786
0.00129554 -0.00566753
0.00129562 -0.00566722
0.00129571 -0.00566694
0.00129579 -0.00566669
0.00129588 -0.00566646
0.00129596 -0.00566625
0.00129605 -0.00566606
0.00129613 -0.00566588
0.00129622 -0.00566571
0.0012963 -0.00566553
0.00129639 -0.00566534
0.00129647 -0.00566513
0.00129656 -0.00566487
0.00129664 -0.00566458
0.00129672 -0.00566423
0.00129681 -0.00566382
0.00129689 -0.00566334
0.00129698 -0.00566281
0.00129706 -0.00566221
0.00129715 -0.00566155
0.00129723 -0.00566085
0.00129732 -0.0056601
0.0012974 -0.00565932
0.00129749 -0.00565851
0.00129757 -0.0056577
0.00129766 -0.00565687
0.00129774 -0.00565605
0.00129783 -0.00565523
0.00129791 -0.00565442
0.00129799 -0.00565361
0.00129808 -0.00565281
0.00129816 -0.00565202
0.00129825 -0.00565123
0.00129833 -0.00565044
0.00129842 -0.00564965
0.0012985 -0.00564885
0.00129859 -0.00564804
0.00129867 -0.00564722
0.00129876 -0.00564638
0.00129884 -0.00564552
0.00129893 -0.00564464
0.00129901 -0.00564374
0.0012991 -0.00564282
0.00129918 -0.00564188
0.00129926 -0.00564094
0.00129935 -0.00563999
0.00129943 -0.00563903
0.00129952 -0.00563809
0.0012996 -0.00563715
0.00129969 -0.00563622
0.00129977 -0.00563531
0.00129986 -0.00563442
0.00129994 -0.00563353
0.00130003 -0.00563266
0.00130011 -0.00563179
0.0013002 -0.00563092
0.00130028 -0.00563004
0.00130037 -0.00562916
0.00130045 -0.00562827
0.00130053 -0.00562737
0.00130062 -0.00562647
0.0013007 -0.00562557
0.00130079 -0.00562467
0.00130087 -0.00562378
0.00130096 -0.0056229
0.00130104 -0.00562205
0.00130113 -0.00562123
0.00130121 -0.00562043
0.0013013 -0.00561967
0.00130138 -0.00561894
0.00130147 -0.00561824
0.00130155 -0.00561758
0.00130164 -0.00561694
0.00130172 -0.00561633
0.0013018 -0.00561573
0.00130189 -0.00561514
0.00130197 -0.00561455
0.00130206 -0.00561395
0.00130214 -0.00561333
0.00130223 -0.00561268
0.00130231 -0.005612
0.0013024 -0.00561128
0.00130248 -0.00561052
0.00130257 -0.00560972
0.00130265 -0.00560889
0.00130274 -0.00560803
0.00130282 -0.00560714
0.00130291 -0.00560624
0.00130299 -0.00560532
0.00130307 -0.0056044
0.00130316 -0.00560348
0.00130324 -0.00560256
0.00130333 -0.00560163
0.00130341 -0.00560071
0.0013035 -0.00559978
0.00130358 -0.00559885
0.00130367 -0.00559791
0.00130375 -0.00559696
0.00130384 -0.00559599
0.00130392 -0.00559501
0.00130401 -0.00559402
0.00130409 -0.00559302
0.00130418 -0.00559201
0.00130426 -0.005591
0.00130434 -0.00559
0.00130443 -0.00558902
0.00130451 -0.00558806
0.0013046 -0.00558714
0.00130468 -0.00558625
0.00130477 -0.00558541
0.00130485 -0.00558461
0.00130494 -0.00558387
0.00130502 -0.00558316
0.00130511 -0.00558251
0.00130519 -0.00558189
0.00130528 -0.00558131
0.00130536 -0.00558076
0.00130545 -0.00558023
0.00130553 -0.00557972
0.00130561 -0.00557922
0.0013057 -0.00557874
0.00130578 -0.00557825
0.00130587 -0.00557777
0.00130595 -0.0055773
0.00130604 -0.00557682
0.00130612 -0.00557635
0.00130621 -0.00557588
0.00130629 -0.00557541
0.00130638 -0.00557496
0.00130646 -0.00557452
0.00130655 -0.00557409
0.00130663 -0.0055737
0.00130672 -0.00557333
0.0013068 -0.005573
0.00130688 -0.0055727
0.00130697 -0.00557244
0.00130705 -0.00557221
0.00130714 -0.00557202
0.00130722 -0.00557184
0.00130731 -0.00557168
0.00130739 -0.00557152
0.00130748 -0.00557135
0.00130756 -0.00557117
0.00130765 -0.00557096
0.00130773 -0.00557071
0.00130782 -0.00557043
0.0013079 -0.0055701
0.00130799 -0.00556973
0.00130807 -0.00556932
0.00130816 -0.00556886
0.00130824 -0.00556837
0.00130832 -0.00556784
0.00130841 -0.00556729
0.00130849 -0.00556671
0.00130858 -0.00556612
0.00130866 -0.00556552
0.00130875 -0.00556492
0.00130883 -0.00556432
0.00130892 -0.00556372
0.001309 -0.00556314
0.00130909 -0.00556256
0.00130917 -0.00556199
0.00130926 -0.00556142
0.00130934 -0.00556086
0.00130943 -0.00556029
0.00130951 -0.00555971
0.00130959 -0.00555911
0.00130968 -0.0055585
0.00130976 -0.00555786
0.00130985 -0.00555721
0.00130993 -0.00555654
0.00131002 -0.00555586
0.0013101 -0.00555516
0.00131019 -0.00555446
0.00131027 -0.00555375
0.00131036 -0.00555306
0.00131044 -0.00555237
0.00131053 -0.00555169
0.00131061 -0.00555102
0.0013107 -0.00555035
0.00131078 -0.00554969
0.00131086 -0.00554903
0.00131095 -0.00554835
0.00131103 -0.00554766
0.00131112 -0.00554694
0.0013112 -0.00554619
0.00131129 -0.0055454
0.00131137 -0.00554457
0.00131146 -0.00554371
0.00131154 -0.00554282
0.00131163 -0.00554189
0.00131171 -0.00554096
0.0013118 -0.00554001
0.00131188 -0.00553907
0.00131197 -0.00553814
0.00131205 -0.00553723
0.00131213 -0.00553636
0.00131222 -0.00553554
0.0013123 -0.00553476
0.00131239 -0.00553403
0.00131247 -0.00553337
0.00131256 -0.00553276
0.00131264 -0.00553221
0.00131273 -0.00553172
0.00131281 -0.00553127
0.0013129 -0.00553086
0.00131298 -0.00553049
0.00131307 -0.00553014
0.00131315 -0.00552979
0.00131324 -0.00552945
0.00131332 -0.00552909
0.0013134 -0.00552872
0.00131349 -0.00552831
0.00131357 -0.00552788
0.00131366 -0.00552741
0.00131374 -0.0055269
0.00131383 -0.00552635
0.00131391 -0.00552577
0.001314 -0.00552517
0.00131408 -0.00552455
0.00131417 -0.00552391
0.00131425 -0.00552327
0.00131434 -0.00552263
0.00131442 -0.005522
0.00131451 -0.00552139
0.00131459 -0.0055208
0.00131467 -0.00552023
0.00131476 -0.00551969
0.00131484 -0.00551917
0.00131493 -0.00551868
0.00131501 -0.00551822
0.0013151 -0.00551778
0.00131518 -0.00551735
0.00131527 -0.00551694
0.00131535 -0.00551654
0.00131544 -0.00551614
0.00131552 -0.00551574
0.00131561 -0.00551534
0.00131569 -0.00551493
0.00131578 -0.0055145
0.00131586 -0.00551406
0.00131594 -0.00551361
0.00131603 -0.00551314
0.00131611 -0.00551266
0.0013162 -0.00551217
0.00131628 -0.00551168
0.00131637 -0.00551119
0.00131645 -0.0055107
0.00131654 -0.00551023
0.00131662 -0.00550977
0.00131671 -0.00550933
0.00131679 -0.00550891
0.00131688 -0.00550851
0.00131696 -0.00550814
0.00131705 -0.0055078
0.00131713 -0.00550747
0.00131721 -0.00550716
0.0013173 -0.00550687
0.00131738 -0.00550659
0.00131747 -0.00550632
0.00131755 -0.00550606
0.00131764 -0.00550579
0.00131772 -0.00550553
0.00131781 -0.00550526
0.00131789 -0.00550499
0.00131798 -0.00550472
0.00131806 -0.00550445
0.00131815 -0.00550418
0.00131823 -0.00550393
0.00131832 -0.0055037
0.0013184 -0.00550348
0.00131848 -0.00550331
0.00131857 -0.00550317
0.00131865 -0.00550307
0.00131874 -0.00550302
0.00131882 -0.00550303
0.00131891 -0.00550309
0.00131899 -0.00550321
0.00131908 -0.00550338
0.00131916 -0.00550361
0.00131925 -0.00550388
0.00131933 -0.00550421
0.00131942 -0.00550457
0.0013195 -0.00550498
0.00131959 -0.00550543
0.00131967 -0.0055059
0.00131975 -0.00550641
0.00131984 -0.00550694
0.00131992 -0.00550749
0.00132001 -0.00550806
0.00132009 -0.00550866
0.00132018 -0.00550926
0.00132026 -0.00550989
0.00132035 -0.00551052
0.00132043 -0.00551116
0.00132052 -0.00551179
0.0013206 -0.00551243
0.00132069 -0.00551305
0.00132077 -0.00551365
0.00132086 -0.00551423
0.00132094 -0.00551477
0.00132102 -0.00551527
0.00132111 -0.00551572
0.00132119 -0.00551613
0.00132128 -0.00551649
0.00132136 -0.00551681
0.00132145 -0.00551709
0.00132153 -0.00551734
0.00132162 -0.00551756
0.0013217 -0.00551777
0.00132179 -0.00551795
0.00132187 -0.00551813
0.00132196 -0.0055183
0.00132204 -0.00551846
0.00132213 -0.00551862
0.00132221 -0.00551877
0.0013223 -0.0055189
0.00132238 -0.00551901
0.00132246 -0.0055191
0.00132255 -0.00551914
0.00132263 -0.00551914
0.00132272 -0.00551908
0.0013228 -0.00551895
0.00132289 -0.00551874
0.00132297 -0.00551845
0.00132306 -0.00551809
0.00132314 -0.00551764
0.00132323 -0.00551713
0.00132331 -0.00551657
0.0013234 -0.00551596
0.00132348 -0.00551533
0.00132357 -0.00551469
0.00132365 -0.00551407
0.00132373 -0.00551347
0.00132382 -0.00551291
0.0013239 -0.00551239
0.00132399 -0.00551192
0.00132407 -0.0055115
0.00132416 -0.00551111
0.00132424 -0.00551076
0.00132433 -0.00551043
0.00132441 -0.00551011
0.0013245 -0.0055098
0.00132458 -0.00550947
0.00132467 -0.00550912
0.00132475 -0.00550873
0.00132484 -0.00550831
0.00132492 -0.00550785
0.001325 -0.00550733
0.00132509 -0.00550677
0.00132517 -0.00550616
0.00132526 -0.00550549
0.00132534 -0.00550479
0.00132543 -0.00550404
0.00132551 -0.00550327
0.0013256 -0.00550247
0.00132568 -0.00550165
0.00132577 -0.00550081
0.00132585 -0.00549996
0.00132594 -0.00549911
0.00132602 -0.00549825
0.00132611 -0.00549737
0.00132619 -0.00549649
0.00132627 -0.0054956
0.00132636 -0.00549469
0.00132644 -0.00549377
0.00132653 -0.00549283
0.00132661 -0.00549189
0.0013267 -0.00549093
0.00132678 -0.00548997
0.00132687 -0.00548901
0.00132695 -0.00548805
0.00132704 -0.0054871
0.00132712 -0.00548616
0.00132721 -0.00548524
0.00132729 -0.00548433
0.00132738 -0.00548345
0.00132746 -0.00548259
0.00132754 -0.00548175
0.00132763 -0.00548092
0.00132771 -0.0054801
0.0013278 -0.00547929
0.00132788 -0.00547847
0.00132797 -0.00547763
0.00132805 -0.00547676
0.00132814 -0.00547585
0.00132822 -0.00547489
0.00132831 -0.00547389
0.00132839 -0.00547283
0.00132848 -0.00547172
0.00132856 -0.00547056
0.00132865 -0.00546936
0.00132873 -0.00546812
0.00132881 -0.00546687
0.0013289 -0.00546562
0.00132898 -0.00546436
0.00132907 -0.00546313
0.00132915 -0.00546192
0.00132924 -0.00546074
0.00132932 -0.0054596
0.00132941 -0.00545851
0.00132949 -0.00545745
0.00132958 -0.00545644
0.00132966 -0.00545547
0.00132975 -0.00545452
0.00132983 -0.00545359
0.00132992 -0.00545268
0.00133 -0.00545176
0.00133008 -0.00545083
0.00133017 -0.00544988
0.00133025 -0.00544889
0.00133034 -0.00544785
0.00133042 -0.00544677
0.00133051 -0.00544562
0.00133059 -0.00544442
0.00133068 -0.00544316
0.00133076 -0.00544185
0.00133085 -0.0054405
0.00133093 -0.00543911
0.00133102 -0.0054377
0.0013311 -0.00543628
0.00133119 -0.00543485
0.00133127 -0.00543343
0.00133135 -0.00543204
0.00133144 -0.00543066
0.00133152 -0.00542933
0.00133161 -0.00542803
0.00133169 -0.00542677
0.00133178 -0.00542555
0.00133186 -0.00542438
0.00133195 -0.00542325
0.00133203 -0.00542217
0.00133212 -0.00542112
0.0013322 -0.0054201
0.00133229 -0.00541912
0.00133237 -0.00541816
0.00133246 -0.00541721
0.00133254 -0.00541629
0.00133262 -0.00541537
0.00133271 -0.00541446
0.00133279 -0.00541354
0.00133288 -0.00541263
0.00133296 -0.00541172
0.00133305 -0.0054108
0.00133313 -0.00540988
0.00133322 -0.00540895
0.0013333 -0.00540802
0.00133339 -0.00540709
0.00133347 -0.00540616
0.00133356 -0.00540522
0.00133364 -0.00540429
0.00133373 -0.00540337
0.00133381 -0.00540246
0.00133389 -0.00540157
0.00133398 -0.00540069
0.00133406 -0.00539984
0.00133415 -0.00539901
0.00133423 -0.00539821
0.00133432 -0.00539744
0.0013344 -0.0053967
0.00133449 -0.00539599
0.00133457 -0.00539531
0.00133466 -0.00539465
0.00133474 -0.00539401
0.00133483 -0.0053934
0.00133491 -0.00539281
0.001335 -0.00539223
0.00133508 -0.00539166
0.00133516 -0.0053911
0.00133525 -0.00539055
0.00133533 -0.00539
0.00133542 -0.00538946
0.0013355 -0.0053889
0.00133559 -0.00538834
0.00133567 -0.00538777
0.00133576 -0.00538717
0.00133584 -0.00538656
0.00133593 -0.00538593
0.00133601 -0.00538527
0.0013361 -0.00538459
0.00133618 -0.00538389
0.00133627 -0.00538317
0.00133635 -0.00538244
0.00133644 -0.0053817
0.00133652 -0.00538096
0.0013366 -0.00538023
0.00133669 -0.00537951
0.00133677 -0.00537882
0.00133686 -0.00537815
0.00133694 -0.00537751
0.00133703 -0.00537691
0.00133711 -0.00537635
0.0013372 -0.00537582
0.00133728 -0.00537532
0.00133737 -0.00537485
0.00133745 -0.00537439
0.00133754 -0.00537395
0.00133762 -0.00537349
0.00133771 -0.00537303
0.00133779 -0.00537253
0.00133787 -0.00537199
0.00133796 -0.0053714
0.00133804 -0.00537076
0.00133813 -0.00537004
0.00133821 -0.00536926
0.0013383 -0.0053684
0.00133838 -0.00536747
0.00133847 -0.00536646
0.00133855 -0.00536538
0.00133864 -0.00536425
0.00133872 -0.00536305
0.00133881 -0.0053618
0.00133889 -0.00536052
0.00133898 -0.00535919
0.00133906 -0.00535784
0.00133914 -0.00535646
0.00133923 -0.00535505
0.00133931 -0.00535364
0.0013394 -0.0053522
0.00133948 -0.00535075
0.00133957 -0.00534928
0.00133965 -0.00534778
0.00133974 -0.00534627
0.00133982 -0.00534474
0.00133991 -0.00534318
0.00133999 -0.00534161
0.00134008 -0.00534001
0.00134016 -0.00533839
0.00134025 -0.00533676
0.00134033 -0.00533512
0.00134041 -0.00533347
0.0013405 -0.00533182
0.00134058 -0.00533016
0.00134067 -0.00532851
0.00134075 -0.00532686
0.00134084 -0.00532522
0.00134092 -0.00532358
0.00134101 -0.00532194
0.00134109 -0.00532031
0.00134118 -0.00531868
0.00134126 -0.00531706
0.00134135 -0.00531544
0.00134143 -0.00531383
0.00134152 -0.00531223
0.0013416 -0.00531064
0.00134168 -0.00530908
0.00134177 -0.00530753
0.00134185 -0.00530603
0.00134194 -0.00530456
0.00134202 -0.00530314
0.00134211 -0.00530177
0.00134219 -0.00530047
0.00134228 -0.00529923
0.00134236 -0.00529805
0.00134245 -0.00529694
0.00134253 -0.00529589
0.00134262 -0.0052949
0.0013427 -0.00529396
0.00134279 -0.00529306
0.00134287 -0.00529219
0.00134295 -0.00529135
0.00134304 -0.00529052
0.00134312 -0.00528969
0.00134321 -0.00528885
0.00134329 -0.005288
0.00134338 -0.00528713
0.00134346 -0.00528624
0.00134355 -0.00528531
0.00134363 -0.00528436
0.00134372 -0.00528339
0.0013438 -0.0052824
0.00134389 -0.00528139
0.00134397 -0.00528038
0.00134406 -0.00527937
0.00134414 -0.00527837
0.00134422 -0.00527739
0.00134431 -0.00527643
0.00134439 -0.00527548
0.00134448 -0.00527456
0.00134456 -0.00527365
0.00134465 -0.00527275
0.00134473 -0.00527185
0.00134482 -0.00527095
0.0013449 -0.00527003
0.00134499 -0.00526908
0.00134507 -0.00526811
0.00134516 -0.00526709
0.00134524 -0.00526602
0.00134533 -0.00526489
0.00134541 -0.0052637
0.00134549 -0.00526245
0.00134558 -0.00526112
0.00134566 -0.00525973
0.00134575 -0.00525827
0.00134583 -0.00525674
0.00134592 -0.00525514
0.001346 -0.00525348
0.00134609 -0.00525175
0.00134617 -0.00524997
0.00134626 -0.00524813
0.00134634 -0.00524623
0.00134643 -0.00524427
0.00134651 -0.00524224
0.0013466 -0.00524015
0.00134668 -0.00523799
0.00134676 -0.00523575
0.00134685 -0.00523344
0.00134693 -0.00523104
0.00134702 -0.00522857
0.0013471 -0.00522602
0.00134719 -0.00522339
0.00134727 -0.00522071
0.00134736 -0.00521796
0.00134744 -0.00521517
0.00134753 -0.00521234
0.00134761 -0.00520948
0.0013477 -0.0052066
0.00134778 -0.0052037
0.00134787 -0.0052008
0.00134795 -0.00519789
0.00134803 -0.00519499
0.00134812 -0.00519209
0.0013482 -0.00518919
0.00134829 -0.00518631
0.00134837 -0.00518342
0.00134846 -0.00518054
0.00134854 -0.00517766
0.00134863 -0.00517479
0.00134871 -0.00517192
0.0013488 -0.00516906
0.00134888 -0.0051662
0.00134897 -0.00516335
0.00134905 -0.00516052
0.00134914 -0.00515772
0.00134922 -0.00515493
0.00134931 -0.00515218
0.00134939 -0.00514947
0.00134947 -0.00514679
0.00134956 -0.00514416
0.00134964 -0.00514157
0.00134973 -0.00513903
0.00134981 -0.00513652
0.0013499 -0.00513406
0.00134998 -0.00513164
0.00135007 -0.00512925
0.00135015 -0.00512689
0.00135024 -0.00512457
0.00135032 -0.00512227
0.00135041 -0.00512
0.00135049 -0.00511775
0.00135058 -0.00511553
0.00135066 -0.00511332
0.00135074 -0.00511112
0.00135083 -0.00510893
0.00135091 -0.00510674
0.001351 -0.00510456
0.00135108 -0.00510237
0.00135117 -0.00510019
0.00135125 -0.005098
0.00135134 -0.0050958
0.00135142 -0.00509361
0.00135151 -0.00509141
0.00135159 -0.00508921
0.00135168 -0.00508701
0.00135176 -0.00508482
0.00135185 -0.00508263
0.00135193 -0.00508046
0.00135201 -0.00507831
0.0013521 -0.00507619
0.00135218 -0.0050741
0.00135227 -0.00507204
0.00135235 -0.00507003
0.00135244 -0.00506807
0.00135252 -0.00506617
0.00135261 -0.00506432
0.00135269 -0.00506253
0.00135278 -0.00506079
0.00135286 -0.00505912
0.00135295 -0.0050575
0.00135303 -0.00505593
0.00135312 -0.00505441
0.0013532 -0.00505294
0.00135328 -0.00505152
0.00135337 -0.00505014
0.00135345 -0.0050488
0.00135354 -0.0050475
0.00135362 -0.00504625
0.00135371 -0.00504504
0.00135379 -0.00504387
0.00135388 -0.00504274
0.00135396 -0.00504166
0.00135405 -0.00504063
0.00135413 -0.00503964
0.00135422 -0.00503869
0.0013543 -0.00503779
0.00135439 -0.00503694
0.00135447 -0.00503613
0.00135455 -0.00503535
0.00135464 -0.00503461
0.00135472 -0.00503391
0.00135481 -0.00503322
0.00135489 -0.00503255
0.00135498 -0.00503189
0.00135506 -0.00503123
0.00135515 -0.00503055
0.00135523 -0.00502987
0.00135532 -0.00502916
0.0013554 -0.00502842
0.00135549 -0.00502766
0.00135557 -0.00502687
0.00135566 -0.00502605
0.00135574 -0.00502521
0.00135582 -0.00502434
0.00135591 -0.00502347
0.00135599 -0.00502258
0.00135608 -0.00502169
0.00135616 -0.0050208
0.00135625 -0.00501992
0.00135633 -0.00501905
0.00135642 -0.0050182
0.0013565 -0.00501736
0.00135659 -0.00501655
0.00135667 -0.00501577
0.00135676 -0.00501501
0.00135684 -0.00501428
0.00135693 -0.00501359
0.00135701 -0.00501293
0.00135709 -0.0050123
0.00135718 -0.00501171
0.00135726 -0.00501116
0.00135735 -0.00501065
0.00135743 -0.00501016
0.00135752 -0.00500971
0.0013576 -0.0050093
0.00135769 -0.00500891
0.00135777 -0.00500855
0.00135786 -0.00500821
0.00135794 -0.00500789
0.00135803 -0.00500758
0.00135811 -0.00500728
0.0013582 -0.00500699
0.00135828 -0.00500669
0.00135836 -0.00500637
0.00135845 -0.00500603
0.00135853 -0.00500566
0.00135862 -0.00500525
0.0013587 -0.00500478
0.00135879 -0.00500425
0.00135887 -0.00500366
0.00135896 -0.00500301
0.00135904 -0.00500229
0.00135913 -0.00500152
0.00135921 -0.00500069
0.0013593 -0.00499982
0.00135938 -0.00499892
0.00135947 -0.004998
0.00135955 -0.00499707
0.00135963 -0.00499613
0.00135972 -0.00499521
0.0013598 -0.0049943
0.00135989 -0.0049934
0.00135997 -0.00499251
0.00136006 -0.00499163
0.00136014 -0.00499075
0.00136023 -0.00498987
0.00136031 -0.00498896
0.0013604 -0.00498802
0.00136048 -0.00498704
0.00136057 -0.00498601
0.00136065 -0.00498493
0.00136074 -0.00498379
0.00136082 -0.00498259
0.0013609 -0.00498133
0.00136099 -0.00498003
0.00136107 -0.00497868
0.00136116 -0.00497731
0.00136124 -0.00497592
0.00136133 -0.00497453
0.00136141 -0.00497316
0.0013615 -0.00497181
0.00136158 -0.00497051
0.00136167 -0.00496925
0.00136175 -0.00496806
0.00136184 -0.00496692
0.00136192 -0.00496584
0.00136201 -0.00496482
0.00136209 -0.00496384
0.00136217 -0.00496289
0.00136226 -0.00496196
0.00136234 -0.00496104
0.00136243 -0.0049601
0.00136251 -0.00495914
0.0013626 -0.00495813
0.00136268 -0.00495708
0.00136277 -0.00495598
0.00136285 -0.00495481
0.00136294 -0.0049536
0.00136302 -0.00495233
0.00136311 -0.00495103
0.00136319 -0.00494968
0.00136328 -0.00494832
0.00136336 -0.00494693
0.00136345 -0.00494554
0.00136353 -0.00494415
0.00136361 -0.00494276
0.0013637 -0.00494137
0.00136378 -0.00493998
0.00136387 -0.0049386
0.00136395 -0.00493722
0.00136404 -0.00493584
0.00136412 -0.00493445
0.00136421 -0.00493306
0.00136429 -0.00493167
0.00136438 -0.00493027
0.00136446 -0.00492887
0.00136455 -0.00492747
0.00136463 -0.00492607
0.00136472 -0.00492469
0.0013648 -0.00492332
0.00136488 -0.00492198
0.00136497 -0.00492066
0.00136505 -0.00491938
0.00136514 -0.00491813
0.00136522 -0.00491692
0.00136531 -0.00491574
0.00136539 -0.00491459
0.00136548 -0.00491347
0.00136556 -0.00491236
0.00136565 -0.00491126
0.00136573 -0.00491017
0.00136582 -0.00490908
0.0013659 -0.00490797
0.00136599 -0.00490685
0.00136607 -0.00490572
0.00136615 -0.00490458
0.00136624 -0.00490343
0.00136632 -0.00490229
0.00136641 -0.00490115
0.00136649 -0.00490004
0.00136658 -0.00489895
0.00136666 -0.0048979
0.00136675 -0.00489689
0.00136683 -0.00489592
0.00136692 -0.004895
0.001367 -0.00489412
0.00136709 -0.00489328
0.00136717 -0.00489247
0.00136726 -0.00489167
0.00136734 -0.00489089
0.00136742 -0.00489009
0.00136751 -0.00488929
0.00136759 -0.00488846
0.00136768 -0.00488759
0.00136776 -0.00488669
0.00136785 -0.00488575
0.00136793 -0.00488478
0.00136802 -0.00488378
0.0013681 -0.00488275
0.00136819 -0.00488171
0.00136827 -0.00488067
0.00136836 -0.00487964
0.00136844 -0.00487863
0.00136853 -0.00487764
0.00136861 -0.00487667
0.00136869 -0.00487574
0.00136878 -0.00487483
0.00136886 -0.00487394
0.00136895 -0.00487307
0.00136903 -0.0048722
0.00136912 -0.00487132
0.0013692 -0.00487042
0.00136929 -0.00486949
0.00136937 -0.0048685
0.00136946 -0.00486745
0.00136954 -0.00486632
0.00136963 -0.00486512
0.00136971 -0.00486382
0.0013698 -0.00486244
0.00136988 -0.00486098
0.00136996 -0.00485943
0.00137005 -0.00485783
0.00137013 -0.00485617
0.00137022 -0.00485447
0.0013703 -0.00485275
0.00137039 -0.00485103
0.00137047 -0.0048493
0.00137056 -0.00484759
0.00137064 -0.00484589
0.00137073 -0.00484422
0.00137081 -0.00484257
0.0013709 -0.00484093
0.00137098 -0.00483931
0.00137107 -0.0048377
0.00137115 -0.00483609
0.00137123 -0.00483448
0.00137132 -0.00483285
0.0013714 -0.00483122
0.00137149 -0.00482956
0.00137157 -0.00482789
0.00137166 -0.00482619
0.00137174 -0.00482446
0.00137183 -0.00482271
0.00137191 -0.00482094
0.001372 -0.00481913
0.00137208 -0.0048173
0.00137217 -0.00481543
0.00137225 -0.00481354
0.00137234 -0.00481161
0.00137242 -0.00480965
0.0013725 -0.00480765
0.00137259 -0.00480561
0.00137267 -0.00480353
0.00137276 -0.0048014
0.00137284 -0.00479923
0.00137293 -0.00479701
0.00137301 -0.00479475
0.0013731 -0.00479244
0.00137318 -0.0047901
0.00137327 -0.00478772
0.00137335 -0.00478532
0.00137344 -0.0047829
0.00137352 -0.00478049
0.00137361 -0.00477808
0.00137369 -0.00477569
0.00137377 -0.00477332
0.00137386 -0.00477099
0.00137394 -0.0047687
0.00137403 -0.00476645
0.00137411 -0.00476422
0.0013742 -0.00476203
0.00137428 -0.00475985
0.00137437 -0.00475768
0.00137445 -0.00475551
0.00137454 -0.00475332
0.00137462 -0.00475111
0.00137471 -0.00474888
0.00137479 -0.00474661
0.00137488 -0.0047443
0.00137496 -0.00474195
0.00137504 -0.00473958
0.00137513 -0.00473717
0.00137521 -0.00473474
0.0013753 -0.00473229
0.00137538 -0.00472983
0.00137547 -0.00472736
0.00137555 -0.0047249
0.00137564 -0.00472243
0.00137572 -0.00471998
0.00137581 -0.00471753
0.00137589 -0.0047151
0.00137598 -0.00471268
0.00137606 -0.00471026
0.00137615 -0.00470785
0.00137623 -0.00470543
0.00137632 -0.00470301
0.0013764 -0.00470058
0.00137648 -0.00469813
0.00137657 -0.00469565
0.00137665 -0.00469315
0.00137674 -0.0046906
0.00137682 -0.00468802
0.00137691 -0.00468539
0.00137699 -0.00468272
0.00137708 -0.00468
0.00137716 -0.00467724
0.00137725 -0.00467444
0.00137733 -0.0046716
0.00137742 -0.00466873
0.0013775 -0.00466584
0.00137759 -0.00466291
0.00137767 -0.00465998
0.00137775 -0.00465702
0.00137784 -0.00465406
0.00137792 -0.00465109
0.00137801 -0.00464812
0.00137809 -0.00464514
0.00137818 -0.00464215
0.00137826 -0.00463915
0.00137835 -0.00463615
0.00137843 -0.00463314
0.00137852 -0.00463012
0.0013786 -0.0046271
0.00137869 -0.00462408
0.00137877 -0.00462106
0.00137886 -0.00461805
0.00137894 -0.00461504
0.00137902 -0.00461204
0.00137911 -0.00460906
0.00137919 -0.00460609
0.00137928 -0.00460314
0.00137936 -0.00460021
0.00137945 -0.0045973
0.00137953 -0.00459442
0.00137962 -0.00459156
0.0013797 -0.00458873
0.00137979 -0.00458594
0.00137987 -0.00458318
0.00137996 -0.00458045
0.00138004 -0.00457775
0.00138013 -0.00457508
0.00138021 -0.00457243
0.00138029 -0.00456979
0.00138038 -0.00456717
0.00138046 -0.00456456
0.00138055 -0.00456194
0.00138063 -0.00455933
0.00138072 -0.00455672
0.0013808 -0.00455411
0.00138089 -0.0045515
0.00138097 -0.00454889
0.00138106 -0.00454629
0.00138114 -0.0045437
0.00138123 -0.00454111
0.00138131 -0.00453853
0.0013814 -0.00453596
0.00138148 -0.00453339
0.00138156 -0.00453084
0.00138165 -0.00452829
0.00138173 -0.00452575
0.00138182 -0.00452323
0.0013819 -0.00452071
0.00138199 -0.00451821
0.00138207 -0.00451571
0.00138216 -0.00451323
0.00138224 -0.00451075
0.00138233 -0.00450828
0.00138241 -0.00450582
0.0013825 -0.00450336
0.00138258 -0.00450091
0.00138267 -0.00449847
0.00138275 -0.00449603
0.00138283 -0.0044936
0.00138292 -0.00449119
0.001383 -0.00448879
0.00138309 -0.00448642
0.00138317 -0.00448406
0.00138326 -0.00448172
0.00138334 -0.0044794
0.00138343 -0.0044771
0.00138351 -0.00447482
0.0013836 -0.00447255
0.00138368 -0.00447029
0.00138377 -0.00446804
0.00138385 -0.00446579
0.00138394 -0.00446355
0.00138402 -0.00446131
0.0013841 -0.00445908
0.00138419 -0.00445684
0.00138427 -0.00445461
0.00138436 -0.00445237
0.00138444 -0.00445014
0.00138453 -0.00444791
0.00138461 -0.00444568
0.0013847 -0.00444345
0.00138478 -0.00444122
0.00138487 -0.00443901
0.00138495 -0.00443681
0.00138504 -0.00443462
0.00138512 -0.00443244
0.00138521 -0.00443027
0.00138529 -0.0044281
0.00138537 -0.00442594
0.00138546 -0.00442376
0.00138554 -0.00442155
0.00138563 -0.00441932
0.00138571 -0.00441704
0.0013858 -0.00441471
0.00138588 -0.00441232
0.00138597 -0.00440985
0.00138605 -0.00440732
0.00138614 -0.00440471
0.00138622 -0.00440202
0.00138631 -0.00439927
0.00138639 -0.00439645
0.00138648 -0.00439358
0.00138656 -0.00439067
0.00138664 -0.00438774
0.00138673 -0.00438479
0.00138681 -0.00438186
0.0013869 -0.00437894
0.00138698 -0.00437607
0.00138707 -0.00437324
0.00138715 -0.00437046
0.00138724 -0.00436775
0.00138732 -0.00436509
0.00138741 -0.00436248
0.00138749 -0.00435992
0.00138758 -0.00435739
0.00138766 -0.00435489
0.00138775 -0.0043524
0.00138783 -0.00434992
0.00138791 -0.00434744
0.001388 -0.00434495
0.00138808 -0.00434246
0.00138817 -0.00433995
0.00138825 -0.00433743
0.00138834 -0.0043349
0.00138842 -0.00433236
0.00138851 -0.00432981
0.00138859 -0.00432726
0.00138868 -0.00432471
0.00138876 -0.00432216
0.00138885 -0.00431961
0.00138893 -0.00431706
0.00138902 -0.00431452
0.0013891 -0.00431198
0.00138918 -0.00430945
0.00138927 -0.00430692
0.00138935 -0.00430437
0.00138944 -0.00430182
0.00138952 -0.00429925
0.00138961 -0.00429666
0.00138969 -0.00429404
0.00138978 -0.00429139
0.00138986 -0.00428871
0.00138995 -0.004286
0.00139003 -0.00428327
0.00139012 -0.00428053
0.0013902 -0.00427779
0.00139029 -0.00427505
0.00139037 -0.00427233
0.00139046 -0.00426963
0.00139054 -0.00426697
0.00139062 -0.00426433
0.00139071 -0.00426174
0.00139079 -0.00425919
0.00139088 -0.00425667
0.00139096 -0.00425417
0.00139105 -0.0042517
0.00139113 -0.00424923
0.00139122 -0.00424677
0.0013913 -0.00424431
0.00139139 -0.00424183
0.00139147 -0.00423934
0.00139156 -0.00423684
0.00139164 -0.00423432
0.00139173 -0.0042318
0.00139181 -0.00422928
0.00139189 -0.00422677
0.00139198 -0.00422428
0.00139206 -0.00422181
0.00139215 -0.00421938
0.00139223 -0.004217
0.00139232 -0.00421466
0.0013924 -0.00421237
0.00139249 -0.00421013
0.00139257 -0.00420793
0.00139266 -0.00420578
0.00139274 -0.00420366
0.00139283 -0.00420156
0.00139291 -0.00419948
0.001393 -0.00419741
0.00139308 -0.00419534
0.00139316 -0.00419326
0.00139325 -0.00419117
0.00139333 -0.00418905
0.00139342 -0.00418691
0.0013935 -0.00418475
0.00139359 -0.00418257
0.00139367 -0.00418038
0.00139376 -0.00417818
0.00139384 -0.00417599
0.00139393 -0.00417381
0.00139401 -0.00417166
0.0013941 -0.00416954
0.00139418 -0.00416747
0.00139427 -0.00416545
0.00139435 -0.00416349
0.00139443 -0.00416159
0.00139452 -0.00415974
0.0013946 -0.00415796
0.00139469 -0.00415622
0.00139477 -0.00415454
0.00139486 -0.0041529
0.00139494 -0.0041513
0.00139503 -0.00414974
0.00139511 -0.00414821
0.0013952 -0.00414671
0.00139528 -0.00414525
0.00139537 -0.00414382
0.00139545 -0.00414242
0.00139554 -0.00414106
0.00139562 -0.00413973
0.0013957 -0.00413844
0.00139579 -0.00413718
0.00139587 -0.00413596
0.00139596 -0.00413477
0.00139604 -0.00413361
0.00139613 -0.00413247
0.00139621 -0.00413136
0.0013963 -0.00413025
0.00139638 -0.00412916
0.00139647 -0.00412806
0.00139655 -0.00412695
0.00139664 -0.00412583
0.00139672 -0.00412469
0.00139681 -0.00412351
0.00139689 -0.0041223
0.00139697 -0.00412104
0.00139706 -0.00411974
0.00139714 -0.0041184
0.00139723 -0.004117
0.00139731 -0.00411556
0.0013974 -0.00411407
0.00139748 -0.00411253
0.00139757 -0.00411095
0.00139765 -0.00410932
0.00139774 -0.00410765
0.00139782 -0.00410594
0.00139791 -0.00410419
0.00139799 -0.00410239
0.00139808 -0.00410056
0.00139816 -0.00409869
0.00139824 -0.00409678
0.00139833 -0.00409483
0.00139841 -0.00409284
0.0013985 -0.00409082
0.00139858 -0.00408876
0.00139867 -0.00408667
0.00139875 -0.00408455
0.00139884 -0.00408239
0.00139892 -0.00408019
0.00139901 -0.00407797
0.00139909 -0.00407571
0.00139918 -0.00407342
0.00139926 -0.00407111
0.00139935 -0.00406877
0.00139943 -0.00406642
0.00139951 -0.00406406
0.0013996 -0.00406169
0.00139968 -0.00405933
0.00139977 -0.00405699
0.00139985 -0.00405467
0.00139994 -0.0040524
0.00140002 -0.00405016
0.00140011 -0.00404799
0.00140019 -0.00404587
0.00140028 -0.00404383
0.00140036 -0.00404185
0.00140045 -0.00403995
0.00140053 -0.00403812
0.00140062 -0.00403636
0.0014007 -0.00403466
0.00140078 -0.00403302
0.00140087 -0.00403142
0.00140095 -0.00402986
0.00140104 -0.00402832
0.00140112 -0.00402678
0.00140121 -0.00402524
0.00140129 -0.00402367
0.00140138 -0.00402207
0.00140146 -0.00402043
0.00140155 -0.00401872
0.00140163 -0.00401695
0.00140172 -0.00401511
0.0014018 -0.00401319
0.00140189 -0.00401121
0.00140197 -0.00400916
0.00140205 -0.00400704
0.00140214 -0.00400489
0.00140222 -0.00400269
0.00140231 -0.00400047
0.00140239 -0.00399824
0.00140248 -0.00399602
0.00140256 -0.00399381
0.00140265 -0.00399162
0.00140273 -0.00398945
0.00140282 -0.00398731
0.0014029 -0.00398519
0.00140299 -0.00398309
0.00140307 -0.003981
0.00140316 -0.0039789
0.00140324 -0.0039768
0.00140332 -0.00397469
0.00140341 -0.00397255
0.00140349 -0.00397038
0.00140358 -0.00396819
0.00140366 -0.00396597
0.00140375 -0.00396372
0.00140383 -0.00396146
0.00140392 -0.00395917
0.001404 -0.00395687
0.00140409 -0.00395457
0.00140417 -0.00395226
0.00140426 -0.00394997
0.00140434 -0.0039477
0.00140443 -0.00394546
0.00140451 -0.00394325
0.0014046 -0.00394108
0.00140468 -0.00393896
0.00140476 -0.0039369
0.00140485 -0.00393488
0.00140493 -0.0039329
0.00140502 -0.00393097
0.0014051 -0.00392907
0.00140519 -0.00392719
0.00140527 -0.00392533
0.00140536 -0.00392346
0.00140544 -0.00392159
0.00140553 -0.0039197
0.00140561 -0.00391779
0.0014057 -0.00391586
0.00140578 -0.0039139
0.00140587 -0.00391192
0.00140595 -0.00390991
0.00140603 -0.00390788
0.00140612 -0.00390583
0.0014062 -0.00390376
0.00140629 -0.00390167
0.00140637 -0.00389956
0.00140646 -0.00389744
0.00140654 -0.0038953
0.00140663 -0.00389315
0.00140671 -0.003891
0.0014068 -0.00388884
0.00140688 -0.00388667
0.00140697 -0.00388451
0.00140705 -0.00388236
0.00140714 -0.00388021
0.00140722 -0.00387809
0.0014073 -0.00387599
0.00140739 -0.00387392
0.00140747 -0.00387189
0.00140756 -0.00386991
0.00140764 -0.00386798
0.00140773 -0.00386611
0.00140781 -0.00386431
0.0014079 -0.00386256
0.00140798 -0.00386088
0.00140807 -0.00385927
0.00140815 -0.0038577
0.00140824 -0.00385619
0.00140832 -0.00385472
0.00140841 -0.00385328
0.00140849 -0.00385187
0.00140857 -0.00385048
0.00140866 -0.00384911
0.00140874 -0.00384774
0.00140883 -0.00384639
0.00140891 -0.00384506
0.001409 -0.00384374
0.00140908 -0.00384244
0.00140917 -0.00384117
0.00140925 -0.00383994
0.00140934 -0.00383876
0.00140942 -0.00383763
0.00140951 -0.00383657
0.00140959 -0.00383558
0.00140968 -0.00383466
0.00140976 -0.00383383
0.00140984 -0.00383307
0.00140993 -0.00383238
0.00141001 -0.00383175
0.0014101 -0.00383117
0.00141018 -0.00383062
0.00141027 -0.00383008
0.00141035 -0.00382954
0.00141044 -0.00382898
0.00141052 -0.0038284
0.00141061 -0.00382777
0.00141069 -0.00382711
0.00141078 -0.0038264
0.00141086 -0.00382566
0.00141095 -0.00382489
0.00141103 -0.0038241
0.00141111 -0.0038233
0.0014112 -0.00382251
0.00141128 -0.00382174
0.00141137 -0.00382099
0.00141145 -0.00382027
0.00141154 -0.00381959
0.00141162 -0.00381895
0.00141171 -0.00381835
0.00141179 -0.00381778
0.00141188 -0.00381724
0.00141196 -0.00381672
0.00141205 -0.00381621
0.00141213 -0.00381569
0.00141222 -0.00381515
0.0014123 -0.00381459
0.00141238 -0.00381398
0.00141247 -0.00381332
0.00141255 -0.0038126
0.00141264 -0.00381182
0.00141272 -0.00381098
0.00141281 -0.00381008
0.00141289 -0.00380914
0.00141298 -0.00380815
0.00141306 -0.00380714
0.00141315 -0.00380612
0.00141323 -0.0038051
0.00141332 -0.00380408
0.0014134 -0.00380309
0.00141349 -0.00380213
0.00141357 -0.0038012
0.00141365 -0.0038003
0.00141374 -0.00379945
0.00141382 -0.00379863
0.00141391 -0.00379783
0.00141399 -0.00379707
0.00141408 -0.00379632
0.00141416 -0.00379559
0.00141425 -0.00379487
0.00141433 -0.00379415
0.00141442 -0.00379343
0.0014145 -0.0037927
0.00141459 -0.00379196
0.00141467 -0.00379121
0.00141476 -0.00379045
0.00141484 -0.00378968
0.00141492 -0.0037889
0.00141501 -0.00378811
0.00141509 -0.00378731
0.00141518 -0.0037865
0.00141526 -0.00378569
0.00141535 -0.00378486
0.00141543 -0.00378403
0.00141552 -0.00378319
0.0014156 -0.00378233
0.00141569 -0.00378146
0.00141577 -0.00378058
0.00141586 -0.00377969
0.00141594 -0.00377879
0.00141603 -0.00377788
0.00141611 -0.00377696
0.00141619 -0.00377605
0.00141628 -0.00377515
0.00141636 -0.00377426
0.00141645 -0.0037734
0.00141653 -0.00377258
0.00141662 -0.0037718
0.0014167 -0.00377108
0.00141679 -0.00377041
0.00141687 -0.00376982
0.00141696 -0.0037693
0.00141704 -0.00376886
0.00141713 -0.00376849
0.00141721 -0.0037682
0.0014173 -0.00376798
0.00141738 -0.00376783
0.00141747 -0.00376774
0.00141755 -0.0037677
0.00141763 -0.00376771
0.00141772 -0.00376776
0.0014178 -0.00376786
0.00141789 -0.00376798
0.00141797 -0.00376814
0.00141806 -0.00376832
0.00141814 -0.00376853
0.00141823 -0.00376876
0.00141831 -0.00376902
0.0014184 -0.00376931
0.00141848 -0.00376962
0.00141857 -0.00376995
0.00141865 -0.00377032
0.00141874 -0.00377071
0.00141882 -0.00377113
0.0014189 -0.00377158
0.00141899 -0.00377206
0.00141907 -0.00377257
0.00141916 -0.00377309
0.00141924 -0.00377363
0.00141933 -0.00377419
0.00141941 -0.00377475
0.0014195 -0.00377531
0.00141958 -0.00377586
0.00141967 -0.0037764
0.00141975 -0.00377693
0.00141984 -0.00377743
0.00141992 -0.00377791
0.00142001 -0.00377837
0.00142009 -0.0037788
0.00142017 -0.0037792
0.00142026 -0.00377958
0.00142034 -0.00377993
0.00142043 -0.00378026
0.00142051 -0.00378056
0.0014206 -0.00378084
0.00142068 -0.00378109
0.00142077 -0.00378132
0.00142085 -0.00378152
0.00142094 -0.0037817
0.00142102 -0.00378185
0.00142111 -0.00378197
0.00142119 -0.00378205
0.00142128 -0.0037821
0.00142136 -0.00378211
0.00142144 -0.00378207
0.00142153 -0.00378198
0.00142161 -0.00378184
0.0014217 -0.00378165
0.00142178 -0.00378139
0.00142187 -0.00378107
0.00142195 -0.00378069
0.00142204 -0.00378023
0.00142212 -0.0037797
0.00142221 -0.00377909
0.00142229 -0.00377841
0.00142238 -0.00377765
0.00142246 -0.00377682
0.00142255 -0.00377591
0.00142263 -0.00377494
0.00142271 -0.00377391
0.0014228 -0.00377282
0.00142288 -0.00377168
0.00142297 -0.0037705
0.00142305 -0.00376928
0.00142314 -0.00376804
0.00142322 -0.00376677
0.00142331 -0.00376549
0.00142339 -0.00376419
0.00142348 -0.00376288
0.00142356 -0.00376157
0.00142365 -0.00376026
0.00142373 -0.00375896
0.00142382 -0.00375767
0.0014239 -0.0037564
0.00142398 -0.00375515
0.00142407 -0.00375394
0.00142415 -0.00375276
0.00142424 -0.00375162
0.00142432 -0.00375053
0.00142441 -0.00374947
0.00142449 -0.00374847
0.00142458 -0.0037475
0.00142466 -0.00374656
0.00142475 -0.00374565
0.00142483 -0.00374476
0.00142492 -0.00374387
0.001425 -0.00374299
0.00142509 -0.00374209
0.00142517 -0.00374118
0.00142525 -0.00374025
0.00142534 -0.00373929
0.00142542 -0.00373832
0.00142551 -0.00373732
0.00142559 -0.0037363
0.00142568 -0.00373527
0.00142576 -0.00373424
0.00142585 -0.00373322
0.00142593 -0.00373222
0.00142602 -0.00373125
0.0014261 -0.00373032
0.00142619 -0.00372944
0.00142627 -0.00372863
0.00142636 -0.00372789
0.00142644 -0.00372721
0.00142652 -0.00372662
0.00142661 -0.00372609
0.00142669 -0.00372563
0.00142678 -0.00372522
0.00142686 -0.00372485
0.00142695 -0.0037245
0.00142703 -0.00372416
0.00142712 -0.00372381
0.0014272 -0.00372344
0.00142729 -0.00372304
0.00142737 -0.0037226
0.00142746 -0.00372212
0.00142754 -0.0037216
0.00142763 -0.00372104
0.00142771 -0.00372046
0.00142779 -0.00371986
0.00142788 -0.00371926
0.00142796 -0.00371866
0.00142805 -0.0037181
0.00142813 -0.00371757
0.00142822 -0.00371708
0.0014283 -0.00371666
0.00142839 -0.00371629
0.00142847 -0.00371599
0.00142856 -0.00371575
0.00142864 -0.00371557
0.00142873 -0.00371545
0.00142881 -0.00371538
0.0014289 -0.00371534
0.00142898 -0.00371533
0.00142906 -0.00371533
0.00142915 -0.00371534
0.00142923 -0.00371535
0.00142932 -0.00371534
0.0014294 -0.00371532
0.00142949 -0.00371527
0.00142957 -0.0037152
0.00142966 -0.0037151
0.00142974 -0.00371498
0.00142983 -0.00371483
0.00142991 -0.00371468
0.00143 -0.00371451
0.00143008 -0.00371433
0.00143017 -0.00371416
0.00143025 -0.00371399
0.00143033 -0.00371385
0.00143042 -0.00371374
0.0014305 -0.00371368
0.00143059 -0.00371367
0.00143067 -0.00371372
0.00143076 -0.00371386
0.00143084 -0.00371407
0.00143093 -0.00371437
0.00143101 -0.00371477
0.0014311 -0.00371526
0.00143118 -0.00371585
0.00143127 -0.00371652
0.00143135 -0.00371729
0.00143144 -0.00371813
0.00143152 -0.00371904
0.00143161 -0.00372001
0.00143169 -0.00372103
0.00143177 -0.00372207
0.00143186 -0.00372314
0.00143194 -0.0037242
0.00143203 -0.00372523
0.00143211 -0.00372623
0.0014322 -0.00372718
0.00143228 -0.00372806
0.00143237 -0.00372886
0.00143245 -0.00372957
0.00143254 -0.00373021
0.00143262 -0.00373076
0.00143271 -0.00373124
0.00143279 -0.00373165
0.00143288 -0.00373201
0.00143296 -0.00373233
0.00143304 -0.00373264
0.00143313 -0.00373294
0.00143321 -0.00373325
0.0014333 -0.0037336
0.00143338 -0.00373398
0.00143347 -0.00373442
0.00143355 -0.00373492
0.00143364 -0.00373548
0.00143372 -0.00373611
0.00143381 -0.00373681
0.00143389 -0.00373755
0.00143398 -0.00373834
0.00143406 -0.00373916
0.00143415 -0.00373998
0.00143423 -0.0037408
0.00143431 -0.0037416
0.0014344 -0.00374236
0.00143448 -0.00374307
0.00143457 -0.00374372
0.00143465 -0.0037443
0.00143474 -0.00374481
0.00143482 -0.00374525
0.00143491 -0.00374563
0.00143499 -0.00374594
0.00143508 -0.00374621
0.00143516 -0.00374643
0.00143525 -0.00374661
0.00143533 -0.00374677
0.00143542 -0.00374691
0.0014355 -0.00374704
0.00143558 -0.00374716
0.00143567 -0.00374729
0.00143575 -0.00374742
0.00143584 -0.00374755
0.00143592 -0.0037477
0.00143601 -0.00374785
0.00143609 -0.003748
0.00143618 -0.00374816
0.00143626 -0.00374831
0.00143635 -0.00374846
0.00143643 -0.00374859
0.00143652 -0.00374871
0.0014366 -0.00374881
0.00143669 -0.00374888
0.00143677 -0.00374893
0.00143685 -0.00374895
0.00143694 -0.00374893
0.00143702 -0.00374888
0.00143711 -0.00374878
0.00143719 -0.00374865
0.00143728 -0.00374847
0.00143736 -0.00374824
0.00143745 -0.00374797
0.00143753 -0.00374765
0.00143762 -0.00374729
0.0014377 -0.00374689
0.00143779 -0.00374646
0.00143787 -0.003746
0.00143796 -0.00374552
0.00143804 -0.00374502
0.00143812 -0.00374453
0.00143821 -0.00374404
0.00143829 -0.00374356
0.00143838 -0.0037431
0.00143846 -0.00374266
0.00143855 -0.00374224
0.00143863 -0.00374184
0.00143872 -0.00374145
0.0014388 -0.00374107
0.00143889 -0.00374069
0.00143897 -0.00374029
0.00143906 -0.00373987
0.00143914 -0.0037394
0.00143923 -0.00373889
0.00143931 -0.00373833
0.00143939 -0.00373769
0.00143948 -0.00373699
0.00143956 -0.00373622
0.00143965 -0.00373538
0.00143973 -0.00373449
0.00143982 -0.00373354
0.0014399 -0.00373256
0.00143999 -0.00373155
0.00144007 -0.00373052
0.00144016 -0.0037295
0.00144024 -0.00372848
0.00144033 -0.00372749
0.00144041 -0.00372652
0.0014405 -0.00372558
0.00144058 -0.00372468
0.00144066 -0.00372381
0.00144075 -0.00372298
0.00144083 -0.00372217
0.00144092 -0.00372139
0.001441 -0.00372063
0.00144109 -0.00371988
0.00144117 -0.00371914
0.00144126 -0.0037184
0.00144134 -0.00371766
0.00144143 -0.00371691
0.00144151 -0.00371614
0.0014416 -0.00371536
0.00144168 -0.00371456
0.00144177 -0.00371375
0.00144185 -0.00371293
0.00144193 -0.0037121
0.00144202 -0.00371126
0.0014421 -0.00371041
0.00144219 -0.00370957
0.00144227 -0.00370871
0.00144236 -0.00370785
0.00144244 -0.00370698
0.00144253 -0.0037061
0.00144261 -0.0037052
0.0014427 -0.00370429
0.00144278 -0.00370336
0.00144287 -0.0037024
0.00144295 -0.00370144
0.00144304 -0.00370045
0.00144312 -0.00369946
0.0014432 -0.00369847
0.00144329 -0.00369748
0.00144337 -0.0036965
0.00144346 -0.00369552
0.00144354 -0.00369457
0.00144363 -0.00369363
0.00144371 -0.00369271
0.0014438 -0.00369181
0.00144388 -0.00369092
0.00144397 -0.00369004
0.00144405 -0.00368916
0.00144414 -0.00368827
0.00144422 -0.00368737
0.00144431 -0.00368644
0.00144439 -0.00368548
0.00144447 -0.00368447
0.00144456 -0.00368342
0.00144464 -0.00368232
0.00144473 -0.00368118
0.00144481 -0.00367999
0.0014449 -0.00367876
0.00144498 -0.0036775
0.00144507 -0.00367622
0.00144515 -0.00367493
0.00144524 -0.00367366
0.00144532 -0.0036724
0.00144541 -0.00367117
0.00144549 -0.00366998
0.00144558 -0.00366883
0.00144566 -0.00366771
0.00144575 -0.00366663
0.00144583 -0.00366557
0.00144591 -0.00366453
0.001446 -0.00366349
0.00144608 -0.00366244
0.00144617 -0.00366137
0.00144625 -0.00366025
0.00144634 -0.00365909
0.00144642 -0.00365787
0.00144651 -0.00365658
0.00144659 -0.00365523
0.00144668 -0.00365382
0.00144676 -0.00365234
0.00144685 -0.00365082
0.00144693 -0.00364925
0.00144702 -0.00364765
0.0014471 -0.00364603
0.00144718 -0.0036444
0.00144727 -0.00364278
0.00144735 -0.00364116
0.00144744 -0.00363957
0.00144752 -0.003638
0.00144761 -0.00363645
0.00144769 -0.00363492
0.00144778 -0.0036334
0.00144786 -0.00363188
0.00144795 -0.00363037
0.00144803 -0.00362884
0.00144812 -0.00362731
0.0014482 -0.00362575
0.00144829 -0.00362416
0.00144837 -0.00362256
0.00144845 -0.00362093
0.00144854 -0.00361928
0.00144862 -0.00361762
0.00144871 -0.00361595
0.00144879 -0.00361428
0.00144888 -0.00361261
0.00144896 -0.00361096
0.00144905 -0.00360933
0.00144913 -0.00360773
0.00144922 -0.00360615
0.0014493 -0.00360461
0.00144939 -0.00360309
0.00144947 -0.00360159
0.00144956 -0.00360011
0.00144964 -0.00359865
0.00144972 -0.00359719
0.00144981 -0.00359572
0.00144989 -0.00359425
0.00144998 -0.00359276
0.00145006 -0.00359124
0.00145015 -0.00358971
0.00145023 -0.00358814
0.00145032 -0.00358656
0.0014504 -0.00358496
0.00145049 -0.00358334
0.00145057 -0.00358171
0.00145066 -0.00358007
0.00145074 -0.00357843
0.00145083 -0.00357679
0.00145091 -0.00357515
0.00145099 -0.00357353
0.00145108 -0.00357191
0.00145116 -0.00357031
0.00145125 -0.00356871
0.00145133 -0.00356713
0.00145142 -0.00356556
0.0014515 -0.00356399
0.00145159 -0.00356242
0.00145167 -0.00356084
0.00145176 -0.00355926
0.00145184 -0.00355766
0.00145193 -0.00355603
0.00145201 -0.00355439
0.0014521 -0.00355272
0.00145218 -0.00355103
0.00145226 -0.0035493
0.00145235 -0.00354756
0.00145243 -0.00354579
0.00145252 -0.003544
0.0014526 -0.0035422
0.00145269 -0.00354038
0.00145277 -0.00353855
0.00145286 -0.00353671
0.00145294 -0.00353485
0.00145303 -0.00353297
0.00145311 -0.00353108
0.0014532 -0.00352917
0.00145328 -0.00352724
0.00145337 -0.00352529
0.00145345 -0.00352332
0.00145353 -0.00352132
0.00145362 -0.0035193
0.0014537 -0.00351727
0.00145379 -0.00351523
0.00145387 -0.00351319
0.00145396 -0.00351115
0.00145404 -0.00350912
0.00145413 -0.00350712
0.00145421 -0.00350514
0.0014543 -0.00350321
0.00145438 -0.00350132
0.00145447 -0.00349948
0.00145455 -0.00349768
0.00145464 -0.00349594
0.00145472 -0.00349423
0.0014548 -0.00349257
0.00145489 -0.00349093
0.00145497 -0.00348931
0.00145506 -0.00348769
0.00145514 -0.00348608
0.00145523 -0.00348446
0.00145531 -0.00348284
0.0014554 -0.00348119
0.00145548 -0.00347954
0.00145557 -0.00347787
0.00145565 -0.00347619
0.00145574 -0.00347452
0.00145582 -0.00347286
0.00145591 -0.00347121
0.00145599 -0.0034696
0.00145607 -0.00346802
0.00145616 -0.0034665
0.00145624 -0.00346504
0.00145633 -0.00346365
0.00145641 -0.00346233
0.0014565 -0.00346109
0.00145658 -0.00345992
0.00145667 -0.00345882
0.00145675 -0.00345778
0.00145684 -0.00345678
0.00145692 -0.00345583
0.00145701 -0.0034549
0.00145709 -0.00345399
0.00145718 -0.00345308
0.00145726 -0.00345217
0.00145734 -0.00345126
0.00145743 -0.00345035
0.00145751 -0.00344944
0.0014576 -0.00344853
0.00145768 -0.00344763
0.00145777 -0.00344675
0.00145785 -0.00344589
0.00145794 -0.00344506
0.00145802 -0.00344426
0.00145811 -0.00344348
0.00145819 -0.00344273
0.00145828 -0.003442
0.00145836 -0.0034413
0.00145845 -0.0034406
0.00145853 -0.00343992
0.00145862 -0.00343924
0.0014587 -0.00343855
0.00145878 -0.00343787
0.00145887 -0.00343717
0.00145895 -0.00343646
0.00145904 -0.00343574
0.00145912 -0.00343502
0.00145921 -0.00343428
0.00145929 -0.00343354
0.00145938 -0.00343281
0.00145946 -0.00343209
0.00145955 -0.00343139
0.00145963 -0.0034307
0.00145972 -0.00343005
0.0014598 -0.00342943
0.00145989 -0.00342883
0.00145997 -0.00342827
0.00146005 -0.00342772
0.00146014 -0.00342719
0.00146022 -0.00342665
0.00146031 -0.0034261
0.00146039 -0.00342552
0.00146048 -0.00342491
0.00146056 -0.00342425
0.00146065 -0.00342353
0.00146073 -0.00342274
0.00146082 -0.0034219
0.0014609 -0.00342099
0.00146099 -0.00342003
0.00146107 -0.00341902
0.00146116 -0.00341798
0.00146124 -0.00341691
0.00146132 -0.00341584
0.00146141 -0.00341478
0.00146149 -0.00341373
0.00146158 -0.00341272
0.00146166 -0.00341175
0.00146175 -0.00341084
0.00146183 -0.00340997
0.00146192 -0.00340916
0.001462 -0.00340839
0.00146209 -0.00340768
0.00146217 -0.00340699
0.00146226 -0.00340634
0.00146234 -0.0034057
0.00146243 -0.00340508
0.00146251 -0.00340446
0.00146259 -0.00340383
0.00146268 -0.00340319
0.00146276 -0.00340254
0.00146285 -0.00340188
0.00146293 -0.0034012
0.00146302 -0.0034005
0.0014631 -0.00339979
0.00146319 -0.00339907
0.00146327 -0.00339833
0.00146336 -0.00339757
0.00146344 -0.00339679
0.00146353 -0.003396
0.00146361 -0.00339518
0.0014637 -0.00339434
0.00146378 -0.00339347
0.00146386 -0.00339256
0.00146395 -0.00339162
0.00146403 -0.00339063
0.00146412 -0.0033896
0.0014642 -0.00338853
0.00146429 -0.0033874
0.00146437 -0.00338624
0.00146446 -0.00338503
0.00146454 -0.0033838
0.00146463 -0.00338255
0.00146471 -0.00338129
0.0014648 -0.00338003
0.00146488 -0.00337877
0.00146497 -0.00337754
0.00146505 -0.00337633
0.00146513 -0.00337516
0.00146522 -0.00337401
0.0014653 -0.0033729
0.00146539 -0.00337182
0.00146547 -0.00337076
0.00146556 -0.00336973
0.00146564 -0.00336873
0.00146573 -0.00336773
0.00146581 -0.00336675
0.0014659 -0.00336578
0.00146598 -0.00336481
0.00146607 -0.00336384
0.00146615 -0.00336288
0.00146624 -0.00336191
0.00146632 -0.00336095
0.0014664 -0.00335998
0.00146649 -0.00335902
0.00146657 -0.00335806
0.00146666 -0.00335711
0.00146674 -0.00335616
0.00146683 -0.00335523
0.00146691 -0.0033543
0.001467 -0.00335338
0.00146708 -0.00335247
0.00146717 -0.00335155
0.00146725 -0.00335063
0.00146734 -0.0033497
0.00146742 -0.00334875
0.00146751 -0.00334777
0.00146759 -0.00334676
0.00146767 -0.00334571
0.00146776 -0.00334461
0.00146784 -0.00334348
0.00146793 -0.0033423
0.00146801 -0.00334108
0.0014681 -0.00333982
0.00146818 -0.00333855
0.00146827 -0.00333726
0.00146835 -0.00333597
0.00146844 -0.00333469
0.00146852 -0.00333342
0.00146861 -0.00333219
0.00146869 -0.003331
0.00146878 -0.00332985
0.00146886 -0.00332875
0.00146894 -0.0033277
0.00146903 -0.00332669
0.00146911 -0.00332573
0.0014692 -0.00332481
0.00146928 -0.00332392
0.00146937 -0.00332305
0.00146945 -0.0033222
0.00146954 -0.00332135
0.00146962 -0.00332051
0.00146971 -0.00331967
0.00146979 -0.00331883
0.00146988 -0.00331798
0.00146996 -0.00331712
0.00147005 -0.00331626
0.00147013 -0.00331541
0.00147021 -0.00331455
0.0014703 -0.00331371
0.00147038 -0.00331288
0.00147047 -0.00331208
0.00147055 -0.0033113
0.00147064 -0.00331056
0.00147072 -0.00330986
0.00147081 -0.00330921
0.00147089 -0.0033086
0.00147098 -0.00330804
0.00147106 -0.00330752
0.00147115 -0.00330704
0.00147123 -0.00330658
0.00147132 -0.00330613
0.0014714 -0.00330569
0.00147148 -0.00330523
0.00147157 -0.00330475
0.00147165 -0.00330424
0.00147174 -0.00330367
0.00147182 -0.00330306
0.00147191 -0.00330239
0.00147199 -0.00330166
0.00147208 -0.00330087
0.00147216 -0.00330002
0.00147225 -0.00329912
0.00147233 -0.00329818
0.00147242 -0.00329721
0.0014725 -0.0032962
0.00147259 -0.00329518
0.00147267 -0.00329415
0.00147276 -0.00329312
0.00147284 -0.0032921
0.00147292 -0.0032911
0.00147301 -0.00329011
0.00147309 -0.00328916
0.00147318 -0.00328823
0.00147326 -0.00328733
0.00147335 -0.00328645
0.00147343 -0.00328558
0.00147352 -0.00328473
0.0014736 -0.00328387
0.00147369 -0.003283
0.00147377 -0.00328212
0.00147386 -0.0032812
0.00147394 -0.00328026
0.00147403 -0.00327928
0.00147411 -0.00327826
0.00147419 -0.0032772
0.00147428 -0.00327611
0.00147436 -0.00327499
0.00147445 -0.00327383
0.00147453 -0.00327264
0.00147462 -0.00327142
0.0014747 -0.00327015
0.00147479 -0.00326885
0.00147487 -0.0032675
0.00147496 -0.00326611
0.00147504 -0.00326467
0.00147513 -0.00326317
0.00147521 -0.00326163
0.0014753 -0.00326004
0.00147538 -0.0032584
0.00147546 -0.00325672
0.00147555 -0.00325501
0.00147563 -0.00325328
0.00147572 -0.00325154
0.0014758 -0.0032498
0.00147589 -0.00324806
0.00147597 -0.00324634
0.00147606 -0.00324464
0.00147614 -0.00324297
0.00147623 -0.00324132
0.00147631 -0.00323972
0.0014764 -0.00323814
0.00147648 -0.00323659
0.00147657 -0.00323505
0.00147665 -0.00323353
0.00147673 -0.003232
0.00147682 -0.00323047
0.0014769 -0.00322891
0.00147699 -0.00322731
0.00147707 -0.00322568
0.00147716 -0.00322399
0.00147724 -0.00322224
0.00147733 -0.00322044
0.00147741 -0.00321857
0.0014775 -0.00321666
0.00147758 -0.00321469
0.00147767 -0.00321268
0.00147775 -0.00321063
0.00147784 -0.00320856
0.00147792 -0.00320648
0.001478 -0.00320439
0.00147809 -0.0032023
0.00147817 -0.00320022
0.00147826 -0.00319815
0.00147834 -0.00319609
0.00147843 -0.00319403
0.00147851 -0.00319197
0.0014786 -0.0031899
0.00147868 -0.00318782
0.00147877 -0.0031857
0.00147885 -0.00318356
0.00147894 -0.00318136
0.00147902 -0.00317912
0.00147911 -0.00317683
0.00147919 -0.00317449
0.00147927 -0.00317209
0.00147936 -0.00316965
0.00147944 -0.00316717
0.00147953 -0.00316465
0.00147961 -0.0031621
0.0014797 -0.00315954
0.00147978 -0.00315695
0.00147987 -0.00315436
0.00147995 -0.00315177
0.00148004 -0.00314917
0.00148012 -0.00314658
0.00148021 -0.00314399
0.00148029 -0.00314142
0.00148038 -0.00313885
0.00148046 -0.00313629
0.00148054 -0.00313373
0.00148063 -0.00313117
0.00148071 -0.00312859
0.0014808 -0.003126
0.00148088 -0.00312338
0.00148097 -0.00312073
0.00148105 -0.00311803
0.00148114 -0.00311528
0.00148122 -0.00311248
0.00148131 -0.00310962
0.00148139 -0.00310671
0.00148148 -0.00310376
0.00148156 -0.00310076
0.00148165 -0.00309772
0.00148173 -0.00309465
0.00148181 -0.00309155
0.0014819 -0.00308843
0.00148198 -0.00308531
0.00148207 -0.00308219
0.00148215 -0.00307909
0.00148224 -0.003076
0.00148232 -0.00307296
0.00148241 -0.00306996
0.00148249 -0.00306702
0.00148258 -0.00306415
0.00148266 -0.00306136
0.00148275 -0.00305865
0.00148283 -0.00305602
0.00148292 -0.00305349
0.001483 -0.00305103
0.00148308 -0.00304866
0.00148317 -0.00304635
0.00148325 -0.0030441
0.00148334 -0.00304191
0.00148342 -0.00303976
0.00148351 -0.00303765
0.00148359 -0.00303557
0.00148368 -0.00303351
0.00148376 -0.00303146
0.00148385 -0.00302942
0.00148393 -0.00302739
0.00148402 -0.00302536
0.0014841 -0.00302334
0.00148419 -0.00302132
0.00148427 -0.00301932
0.00148435 -0.00301732
0.00148444 -0.00301534
0.00148452 -0.00301339
0.00148461 -0.00301146
0.00148469 -0.00300956
0.00148478 -0.0030077
0.00148486 -0.00300587
0.00148495 -0.00300406
0.00148503 -0.00300228
0.00148512 -0.00300052
0.0014852 -0.00299877
0.00148529 -0.00299701
0.00148537 -0.00299525
0.00148546 -0.00299347
0.00148554 -0.00299167
0.00148562 -0.00298983
0.00148571 -0.00298795
0.00148579 -0.00298603
0.00148588 -0.00298405
0.00148596 -0.00298203
0.00148605 -0.00297996
0.00148613 -0.00297785
0.00148622 -0.0029757
0.0014863 -0.00297352
0.00148639 -0.00297131
0.00148647 -0.0029691
0.00148656 -0.00296689
0.00148664 -0.00296468
0.00148673 -0.00296249
0.00148681 -0.00296033
0.0014869 -0.00295818
0.00148698 -0.00295607
0.00148706 -0.00295397
0.00148715 -0.00295189
0.00148723 -0.00294983
0.00148732 -0.00294777
0.0014874 -0.00294572
0.00148749 -0.00294367
0.00148757 -0.00294161
0.00148766 -0.00293954
0.00148774 -0.00293746
0.00148783 -0.00293536
0.00148791 -0.00293325
0.001488 -0.00293112
0.00148808 -0.00292897
0.00148817 -0.0029268
0.00148825 -0.0029246
0.00148833 -0.00292238
0.00148842 -0.00292012
0.0014885 -0.00291783
0.00148859 -0.0029155
0.00148867 -0.00291313
0.00148876 -0.00291072
0.00148884 -0.00290827
0.00148893 -0.00290578
0.00148901 -0.00290324
0.0014891 -0.00290066
0.00148918 -0.00289803
0.00148927 -0.00289535
0.00148935 -0.00289264
0.00148944 -0.00288989
0.00148952 -0.00288712
0.0014896 -0.00288433
0.00148969 -0.00288154
0.00148977 -0.00287874
0.00148986 -0.00287596
0.00148994 -0.00287319
0.00149003 -0.00287044
0.00149011 -0.00286772
0.0014902 -0.00286501
0.00149028 -0.00286232
0.00149037 -0.00285964
0.00149045 -0.00285695
0.00149054 -0.00285425
0.00149062 -0.00285153
0.00149071 -0.00284877
0.00149079 -0.00284599
0.00149087 -0.00284317
0.00149096 -0.00284031
0.00149104 -0.00283743
0.00149113 -0.00283453
0.00149121 -0.00283162
0.0014913 -0.00282872
0.00149138 -0.00282585
0.00149147 -0.00282301
0.00149155 -0.00282023
0.00149164 -0.00281752
0.00149172 -0.00281489
0.00149181 -0.00281236
0.00149189 -0.00280994
0.00149198 -0.00280762
0.00149206 -0.0028054
0.00149214 -0.00280329
0.00149223 -0.00280126
0.00149231 -0.00279931
0.0014924 -0.00279743
0.00149248 -0.0027956
0.00149257 -0.00279379
0.00149265 -0.00279201
0.00149274 -0.00279022
0.00149282 -0.00278843
0.00149291 -0.00278663
0.00149299 -0.00278481
0.00149308 -0.00278297
0.00149316 -0.00278112
0.00149325 -0.00277927
0.00149333 -0.00277742
0.00149341 -0.00277559
0.0014935 -0.00277379
0.00149358 -0.00277204
0.00149367 -0.00277033
0.00149375 -0.00276869
0.00149384 -0.00276712
0.00149392 -0.00276562
0.00149401 -0.00276417
0.00149409 -0.00276279
0.00149418 -0.00276144
0.00149426 -0.00276012
0.00149435 -0.00275882
0.00149443 -0.00275751
0.00149452 -0.00275618
0.0014946 -0.00275482
0.00149468 -0.00275342
0.00149477 -0.00275197
0.00149485 -0.00275048
0.00149494 -0.00274894
0.00149502 -0.00274737
0.00149511 -0.00274576
0.00149519 -0.00274413
0.00149528 -0.00274248
0.00149536 -0.00274082
0.00149545 -0.00273917
0.00149553 -0.00273753
0.00149562 -0.0027359
0.0014957 -0.00273429
0.00149579 -0.00273268
0.00149587 -0.00273108
0.00149595 -0.00272948
0.00149604 -0.00272787
0.00149612 -0.00272623
0.00149621 -0.00272455
0.00149629 -0.00272283
0.00149638 -0.00272104
0.00149646 -0.00271918
0.00149655 -0.00271724
0.00149663 -0.00271522
0.00149672 -0.00271311
0.0014968 -0.00271092
0.00149689 -0.00270866
0.00149697 -0.00270634
0.00149706 -0.00270397
0.00149714 -0.00270155
0.00149722 -0.0026991
0.00149731 -0.00269662
0.00149739 -0.00269412
0.00149748 -0.0026916
0.00149756 -0.00268905
0.00149765 -0.00268647
0.00149773 -0.00268386
0.00149782 -0.0026812
0.0014979 -0.00267849
0.00149799 -0.00267571
0.00149807 -0.00267287
0.00149816 -0.00266994
0.00149824 -0.00266694
0.00149833 -0.00266386
0.00149841 -0.0026607
0.00149849 -0.00265747
0.00149858 -0.00265418
0.00149866 -0.00265085
0.00149875 -0.00264749
0.00149883 -0.00264411
0.00149892 -0.00264074
0.001499 -0.00263739
0.00149909 -0.00263407
0.00149917 -0.00263079
0.00149926 -0.00262757
0.00149934 -0.00262441
0.00149943 -0.0026213
0.00149951 -0.00261824
0.0014996 -0.00261523
0.00149968 -0.00261225
0.00149977 -0.0026093
0.00149985 -0.00260636
0.00149993 -0.00260343
